pmid,title,abstract,journal,year,doi,pmcid,publication_types,topic,source,triage_category,triage_score,matched_concepts
42801108,Is direct oxidative damage of bone collagen associated with poor human cortical bone tissue fracture resistance?,"The limitations of clinical X-ray-based tools and fracture risk assessment tools, such as FRAX, particularly for disease groups, including type 2 diabetes (T2D) and CKD, suggest that important determinants of bone fracture resistance are not assessed. One such determinant is the bone collagen network, whose nativity and connectivity contribute to cortical bone fracture resistance, but whose degradation mechanisms remain unclear. Oxidative damage to the collagen network, driven by oxidative stress, has been proposed as a contributing factor. Two pathways are recognized: an indirect pathway involving glycoxidation and advanced glycation end-product formation, examined in a precursor study, and a direct pathway, examined herein, involving protein fragmentation and amino acid side chain modifications, such as carbonylation. To investigate the direct pathway, bulk collagen carbonyl content (measured using a fluorescence-based assay and normalized to collagen content) and intact collagen α-chain content (the opposite of α-chain fragmentation and measured via α-chain band intensities using gel electrophoresis) were quantified ex vivo using cortical bone specimens from 80 human donors with and without T2D and/or CKD. Relationships with fracture toughness and other bone quality measures from a precursor study were assessed using Spearman correlations and multiple linear regression. Bulk collagen carbonyl content was not directly associated with collagen network connectivity or cortical bone fracture toughness. In contrast, intact collagen α-chain content emerged as an independent explanatory variable for stable crack-growth fracture toughness measures (adj-R 2 = 46.3%, p = .028) and was negatively associated with bulk collagen carbonyl content (r = -0.37, p < .001). These findings suggest that collagen α-chain integrity may provide insight into variation in cortical bone fracture resistance, whereas bulk collagen carbonyl content did not support the hypothesized direct oxidative damage pathway in this donor cohort.",JBMR plus,2026,10.1093/jbmrpl/ziag152,PMC13615536,Journal Article,early_risk,PubMed,core,1,early_risk=risk assessment; risk_factors=age; exclusions=fracture
42798836,Circulating PCSK9: A new frontier in cancer risk stratification for obese diabetics.,"This study investigated potential plasma biomarkers associated with cancer risk and mortality in patients with type 2 diabetes mellitus (T2DM), a population known to have an increased cancer incidence and poorer outcomes compared with non-diabetic individuals. Traditional metabolic indicators, including blood pressure, blood glucose and blood lipids, have limited predictive value for cancer risk, highlighting the need for novel clinical biomarkers. In total, 141 subjects with T2DM were enrolled in this study. Plasma inflammatory and lipid-related biomarkers included cluster of differentiation 147 (CD147), cyclophilin A (CyPA), cytokines, oxidized low-density lipoprotein (oxi-LDL), oxi-LDL antibody and proprotein convertase subtilisin/kexin type 9 (PCSK9). Among all participants, 37.6% were obese (body mass index ≥27 kg/m2). During 10 years of follow-up, all-cause mortality reached 35% and cancer incidence was 16%. Obese diabetic patients exhibit elevated oxi-LDL, soluble intercellular adhesion molecule-1, PCSK9, CD147 and CyPA levels. Deceased patients had a higher incidence of cancer and significantly lower plasma CD147 levels than surviving patients. Receiver operating characteristic curve analysis identified PCSK9 as a potential predictor of cancer occurrence in obese individuals with T2DM [area under the curve (AUC)=0.726], whereas CD147 showed modest predictive value in non-obese patients with diabetes (AUC=0.665). These findings suggest that plasma PCSK9 and CD147 may be associated with cancer occurrence in specific subgroups of patients with T2DM. However, larger prospective studies are required to confirm these associations and to further evaluate their potential value in cancer risk assessment.",Oncology letters,2026,10.3892/ol.2026.15856,PMC13613195,Journal Article,early_risk,PubMed,core,-4,"early_risk=risk assessment; risk_factors=body mass index; exclusions=cancer; established_t2d=patients with t2dm,patients with type 2 diabetes; experimental=rat"
42796297,"Type 2 Diabetes, Visceral Adiposity, and Carotid Intima-Media Thickness in Hospitalized Adults: A Retrospective Cross-Sectional Analysis.","Background and Objectives: Type 2 diabetes mellitus (T2DM), visceral adiposity, and hypertension frequently coexist, but their independent associations with carotid intima-media thickness (cIMT) remain uncertain. We compared cardiometabolic profiles by diabetes status and evaluated adjusted associations with cIMT. Materials and Methods: This retrospective cross-sectional study included 147 adults admitted to Clinical CF Hospital Timișoara between 1 July 2025 and 30 June 2026. Bilateral cIMT was available in 141 patients. Group comparisons, Spearman correlation, and heteroscedasticity-robust multivariable linear regression were performed. Results: T2DM was present in 39 patients (26.5%), hypertension in 125 (85.0%), and obesity in 120 (81.6%). Compared with participants without diabetes, those with T2DM had higher homeostasis model assessment of insulin resistance (HOMA-IR; 4.11 vs. 3.08; p = 0.005) and fasting glucose (6.60 vs. 5.06 mmol/L; p < 0.001), but lower total cholesterol (205.2 vs. 225.9 mg/dL; p = 0.009) and non-high-density lipoprotein cholesterol (156.5 vs. 176.6 mg/dL; p = 0.006). These lower lipid values may reflect treatment or other residual confounding and should not be interpreted as an intrinsic T2DM phenotype. Mean cIMT was numerically higher in T2DM (0.619 vs. 0.592 mm; p = 0.284). Visceral fat area correlated with cIMT before adjustment (ρ = 0.237; p = 0.005), but not after adjustment. Age (β = 0.057 mm/decade; p < 0.001) and hypertension (β = 0.046 mm; p = 0.042) retained adjusted associations with cIMT. Conclusions: T2DM identified metabolic dysregulation, whereas age and hypertension showed the strongest adjusted associations with cIMT. Visceral adiposity showed an unadjusted but not independent association, supporting comprehensive cardiovascular risk assessment and rigorous blood pressure management.","Medicina (Kaunas, Lithuania)",2026,10.3390/medicina62091690,PMC13609201,Journal Article,early_risk,PubMed,core,15,"early_risk=risk assessment; glycemic=fasting glucose; risk_factors=age,hypertension,insulin resistance,obesity,visceral adiposity"
42794492,Immunometabolism in Obesity-Associated Type 2 Diabetes: Molecular Mechanisms and Emerging Therapeutic Targets.,"Type 2 diabetes (T2D) is increasingly understood as a chronic, low-grade inflammatory disease in which immune and metabolic signalling are bidirectionally coupled. Nutrient excess drives glucolipotoxic stress in adipose tissue, liver, skeletal muscle and pancreatic islets, engaging innate immune sensors. Responding immune cells then reconfigure their own intermediary metabolism, and the resulting metabolites-succinate, which stabilises hypoxia-inducible factor-1α, and the itaconate that opposes it-themselves specify inflammatory output. These signals converge on NOD-, LRR- and pyrin domain-containing protein 3 (NLRP3) inflammasome assembly, gasdermin D-mediated pyroptosis and interleukin-1β (IL-1β) release, which interrupt insulin signalling through inhibitory serine phosphorylation of insulin receptor substrate-1. Mitochondrial dysfunction, impaired mitophagy and cytosolic mitochondrial DNA sensing sustain the loop, while gut barrier failure supplies a parallel systemic input that converges on beta-cell dysfunction. This narrative review synthesises these mechanisms and examines how metformin, glucagon-like peptide-1 receptor agonists, sodium-glucose cotransporter 2 inhibitors and inflammasome-directed agents intersect with them. The chain described is that of obesity-associated T2D, and the heterogeneity that limits its generalisation across the recognised subgroups of the disease is addressed explicitly rather than assumed away. We give particular weight to a dissociation that constrains the field: sustained IL-1β neutralisation reduced cardiovascular events without preventing incident diabetes. Establishing why is, in our view, the central question for immunometabolic therapeutics in T2D.",International journal of molecular sciences,2026,10.3390/ijms27188063,PMC13606635,Journal Article; Review,early_risk,PubMed,core,5,"early_risk=incident diabetes; risk_factors=age,obesity; experimental=rat; publication_type=narrative review"
42786038,"Multi-level clinical inertia in chronic kidney disease management in primary care: A retrospective cross-sectional analysis of coding, reclassification and risk stratification.","AIMS/HYPOTHESIS: Accurate coding, longitudinal stage review and complete risk stratification underpin chronic kidney disease (CKD) care in primary care, especially in people with diabetes, where CKD modifies cardiovascular risk, prescribing safety and referral thresholds. We hypothesised that, beyond well-described inertia in pharmacological treatment intensification, primary care records would also exhibit inertia in diagnostic coding, longitudinal reclassification and albuminuria-based risk stratification, clustering with higher kidney and cardiovascular risk. METHODS: We performed a retrospective cross-sectional analysis of adult primary care records with coded CKD. The latest estimated glomerular filtration rate (eGFR) was compared with the coded stage. Where eGFR suggested reclassification but coding was unchanged, manual case review determined whether changes were sustained for ≥ 3 months. Risk was derived from the latest urine albumin-to-creatinine ratio (uACR) using KDIGO categories. Modifiable risk factors were predefined as blood pressure above CKD-specific thresholds and/or HbA1c ≥ 58 mmol/mol. A separate electronic search identified adults with uncoded CKD. RESULTS: Of 583 individuals with coded CKD, 581 were analysed. Among those with unchanged coding despite eGFR suggesting de-escalation, 47/87 (54.0%) had sustained improvement; of 47 with unchanged coding despite a latest eGFR suggesting escalation, 26 (55.3%) had sustained decline. uACR was missing in 175 cases (30.1%), including 12 with stage G4/G5 disease. Women were more likely than men to lack uACR data (37.7% vs 22.1%; OR 2.13, 95% CI 1.48, 3.08; χ² = 16.78, p < 0.001). KDIGO high or very high risk was present in 179 (30.8%) and a combined high-risk profile in 118 (20.3%). Combined high-risk status clustered in the missed-escalation group (16/47, 34.0%) compared with the rest of the cohort (83/447, 18.6%; RR 1.83, 95% CI 1.18, 2.85; OR 2.26, 95% CI 1.18, 4.33; p = 0.020). Diabetes (n = 198, 34.1%) was not associated with coding accuracy, but was associated with higher risk CKD (30.3% vs 15.1%; χ² = 18.53, p < 0.001; RR 2.00; Cramér's V = 0.18) and more complete uACR testing (82.8% vs 63.2%; χ² = 23.93, p < 0.001). Separate case finding identified 38 additional adults with biochemical evidence of uncoded CKD. CONCLUSIONS/INTERPRETATION: Primary care CKD records exhibited multi-level clinical inertia across coding, stage review and albuminuria-based risk assessment. Missed reclassification, absent uACR data and uncoded disease clustered with higher-risk profiles and disparities disadvantaging women. Structured EHR-led CKD review processes that integrate longitudinal kidney function, mandatory uACR ordering, active code review and risk-based action may improve timeliness, equity of CKD care.",Primary care diabetes,2026,10.1016/j.pcd.2026.09.004,,Journal Article,early_risk,PubMed,core,-1,early_risk=risk assessment; glycemic=hba1c; risk_factors=age; exclusions=chronic kidney disease; experimental=rat
42778296,Blood Pressure Phenotypes in Patients Recently Diagnosed With Type 2 Diabetes Mellitus and Matched Controls: A Study in Urban Mozambique.,"Accurate characterization of blood pressure (BP) phenotypes is essential for cardiovascular risk assessment, particularly among type 2 diabetes mellitus (T2DM) patients. We aimed to evaluate the prevalence of different BP phenotypes using multiple BP assessment methods, in Black Africans, with and without T2DM. Recently diagnosed T2DM patients (n = 151) and age- and sex- matched controls (1:1) without T2DM had their BP assessed using standard office BP measurement (OBPM), unattended automated office BP measurement (u-AOBP), 24 h ambulatory BP monitoring (ABPM), and home BP monitoring (HBPM). Four BP phenotypes were defined, combining OBPM with each of the remaining methods: normotension, white-coat, masked, and sustained hypertension. Using OBPM + ABPM, T2DM patients were less often classified as normotensive (32.5% vs. 48.3%) and more often as having masked hypertension (23.2% vs. 9.9%) than controls (p = 0.004). Both OBPM + HBPM and OBPM + u-AOBP underestimated masked hypertension and overestimated with-coat hypertension. When compared with OBPM + ABPM, concordance in the classification of participants into four phenotypes (κ, 95%CI) was higher for OBPM + HBPM (T2DM: 0.62, 0.52 - 0.71; controls: 0.70, 0.60-0.80) than for OBPM + u-AOBP (T2DM: 0.51, 0.40-0.61; controls: 0.61, 0.50-0.72) and lower among participants with T2DM. Recently diagnosed T2DM patients showed a higher prevalence of masked hypertension than participants without T2DM. When combined with OBPM, HBPM and u-AOBP failed to identify a large proportion of patients with masked hypertension and overestimated white-coat hypertensions, highlighting the need to incorporate ABPM into evaluation protocols.","Journal of clinical hypertension (Greenwich, Conn.)",2026,10.1111/jch.70356,PMC13600802,Journal Article,early_risk,PubMed,core,3,"early_risk=risk assessment; risk_factors=age,hypertension; experimental=rat"
42774975,"Beyond Glycated Hemoglobin (HbA1c): A Systematic Review of Metabolic Interventions, Insulin Resistance, and Cognitive Function Across the Obesity-to-Diabetes Continuum.","Insulin resistance may contribute to cognitive vulnerability before persistent hyperglycemia becomes apparent; however, its clinical relevance as a predictor of cognitive change or therapeutic target remains uncertain. This systematic review with narrative synthesis evaluated the effects of metabolically targeted interventions on insulin resistance and cognitive function in middle-aged and older adults across the obesity-to-type 2 diabetes continuum. MEDLINE via PubMed, Embase, Scopus, and the Cochrane Central Register of Controlled Trials (CENTRAL) were searched for studies published from January 1, 2021, to December 31, 2025. The review followed the Preferred Reporting Items for Systematic Reviews and Meta-Analyses (PRISMA) 2020 guidelines. Eligible designs included randomized controlled trials, prospective randomized parallel-group studies, and longitudinal analyses nested within randomized trials that reported metabolic outcomes alongside cognitive or neuroimaging outcomes. Of the 552 records identified, five studies met the eligibility criteria, comprising four intervention studies and one longitudinal analysis nested within a randomized trial. The interventions comprised lifestyle modification, combined physical and cognitive exercise, dapagliflozin, nutritional supplementation, and moxibustion, with follow-up periods ranging from 12 weeks to two years. Three intervention studies reported concurrent improvements in insulin resistance and cognitive outcomes, whereas one found no significant improvement in insulin resistance and limited neuropsychological benefit. In the single included longitudinal analysis, oral glucose tolerance test (OGTT)-derived measures and the triglyceride-glucose (TyG) index showed more consistent associations with less favorable cognitive or neuroimaging changes than glycated hemoglobin (HbA1c), which demonstrated mixed associations. Three intervention studies raised some concerns regarding risk of bias, one was judged to be at high risk, and the prognostic analysis was assessed as having moderate risk. Overall, measures of insulin resistance may provide information complementary to HbA1c and may have potential as early risk or treatment-response markers for cognitive health. Nevertheless, the small and heterogeneous evidence base, relatively short follow-up periods, and absence of formal mediation analyses preclude causal conclusions. Larger, longer-term, and methodologically rigorous trials are needed to determine whether improving insulin sensitivity can meaningfully alter cognitive trajectories.",Cureus,2026,10.7759/cureus.115012,PMC13596753,Journal Article; Review,early_risk,PubMed,core,14,"glycemic=glycated hemoglobin,hba1c,ogtt,oral glucose tolerance,oral glucose tolerance test; risk_factors=age,insulin resistance,obesity; prevention=lifestyle modification; experimental=rat; publication_type=systematic review,guideline"
42771547,[Association between anthropometric clinical predictors and HOMA-IR].,"BACKGROUND: The HOMA-IR index is a test that identifies the early risk of developing type 2 diabetes mellitus (T2DM) by measuring insulin resistance (IR); however, these tests are not readily available in primary care settings. Predictors of IR, such as body mass index (BMI) and waist-to-hip ratio (WHR), are useful for the early detection of this risk. OBJECTIVE: To associate anthropometric parameters with HOMA-IR, considering BMI. MATERIAL AND METHODS: A cross-sectional, comparative study was conducted. Serum glucose and insulin concentrations were determined using non-probability convenience sampling and the difference of proportions formula to calculate the HOMA-IR index in 315 adults without diabetes. Anthropometric parameters and visceral fat were considered, and participants were divided into groups according to BMI: normal weight, overweight, and obesity. Differences between groups were determined by Kruskal-Wallis test and the risk of each variable through multiple logistic regression. RESULTS: Of the 315 participants, 57% showed IR; most of them belonged to the overweight and obesity group. Serum insulin concentrations and IR differed significantly among the 3 BMI groups, primarily in the overweight and obesity groups. WHR is a good predictor of risk for IR. CONCLUSIONS: IR can be early detected by using validated indices such as HOMA-IR. At the primary care level, anthropometric parameters such as WHR can be used, as it has proven to be a better predictor of IR, phenomenon that occurs much earlier than hyperglycemia.",Revista medica del Instituto Mexicano del Seguro Social,2026,10.5281/zenodo.21462675,PMC13600744,Journal Article; Comparative Study; English Abstract,early_risk,PubMed,core,7,"early_risk=risk of developing type 2 diabetes; risk_factors=bmi,body mass index,insulin resistance,obesity,overweight; experimental=rat"
42769387,Prediction of acute metabolic complications in hospitalized elderly patients with type 2 diabetes using admission HbA1c and hypertension: a retrospective cohort study.,"OBJECTIVE: To identify admission-based predictive indicators for in-hospital acute metabolic complications in elderly patients with type 2 diabetes mellitus (T2DM), and to develop and internally validate a simple predictive model for early risk stratification. METHODS: A total of 203 elderly inpatients with T2DM were included in this retrospective cohort study. According to the occurrence of acute metabolic complications during hospitalization, patients were divided into a complication group (n = 40) and a non-complication group (n = 163). All candidate predictive indicators were collected from admission medical records and laboratory test results obtained within 24 to 48 hours after admission. Univariate and multivariate logistic regression analyses were performed to screen for independent predictive factors. The model's discriminatory power was evaluated using the area under the receiver operating characteristic curve (AUC), and 1000 bootstrap resamplings were adopted for internal validation. RESULTS: The complication group had significantly higher admission HbA1c levels than the non-complication group (P<0.001), as well as a higher prevalence of hypertension (P = 0.002). Multivariate regression analysis verified that HbA1c (OR = 1.761, 95% CI: 1.44-2.15, P<0.001) and hypertension (OR = 3.904, 95% CI: 1.60-9.53, P = 0.003) were independent risk factors for in-hospital acute metabolic complications. The predictive model based on these two indicators exhibited good discriminatory performance, with an original AUC of 0.836. After bootstrap internal validation, the optimism-corrected AUC was 0.726, indicating acceptable stability of the model. CONCLUSION: Elevated admission HbA1c and comorbid hypertension are independent predictive factors for in-hospital acute metabolic complications in elderly T2DM patients. This novel simple model has favorable predictive efficacy and stability, and it can serve as a feasible clinical tool for early risk stratification in elderly T2DM inpatients.",American journal of translational research,2026,10.62347/QQCR9025,PMC13590721,Journal Article,early_risk,PubMed,core,4,"early_risk=predictive model; glycemic=hba1c; risk_factors=hypertension; established_t2d=patients with t2dm,patients with type 2 diabetes; experimental=rat"
42767595,Personalized obesity hypoventilation syndrome risk assessment among bariatric surgery candidates through explainable machine learning: A multicenter cross-sectional study.,"BACKGROUND: Obesity hypoventilation syndrome (OHS) is frequently underdiagnosed, which substantially increases risk of perioperative complications. Limited provider awareness and the need for cumbersome diagnostic testing may hinder timely diagnosis. Machine learning (ML) may facilitate individualized OHS risk assessment by integrating multiple clinical and laboratory variables. RESEARCH QUESTION: Can an explainable ML model using readily available clinical and laboratory variables accurately identify bariatric surgery candidates at risk for OHS. STUDY DESIGN AND METHODS: This retrospective cross-sectional cohort study included 673 bariatric surgery candidates from the Chinese Obesity and Metabolic Surgery Database, randomly divided into training (70%, n = 471) and internal testing (30%, n = 202) cohorts. An independent cohort of 175 patients from another tertiary hospital was collected for external validation. Feature selection was performed using LASSO regression and Boruta, with bootstrap resampling used to assess selection stability. Ten ML models were constructed and evaluated using discrimination, calibration, and clinical utility measures. SHAP analysis was performed to enhance model interpretability, and a publicly accessible web-based calculator was deployed clinical application. RESULTS: The final logistic regression model included 7 predictors: serum bicarbonate, type 2 diabetes, mean corpuscular hemoglobin concentration, tiredness, body mass index, observed apnea, and neck circumference. The model demonstrated good discrimination in the training, internal testing, and external validation cohorts, with AUCs of 0.884 (95%CI:0.844-0.917), 0.863 (95%:0.784-0.935) and 0.870 (95%:0.806-0.926). SHAP analysis identified serum bicarbonate as the most important predictor. The model showed favorable calibration and clinical utility as well as was implemented as an online calculator. INTERPRETATION: Our explainable ML model integrating 7 readily available clinical variables demonstrated good predictive performance for OHS in bariatric surgery candidates. This model may facilitate earlier risk stratification and targeted diagnostic evaluation.",Chest,2026,10.1016/j.chest.2026.09.013,,Journal Article,early_risk,PubMed,core,3,"early_risk=risk assessment; risk_factors=body mass index,obesity; experimental=rat"
42766657,Association of a multiple risk factor assessment and intervention program with risk of diabetes: A population-based matched cohort study.,"BACKGROUND: Type 2 diabetes incidence remains high among older adults and contributes substantially to morbidity and healthcare burden. Most evidence supporting diabetes prevention derives from intensive lifestyle interventions targeting high-risk individuals under controlled trial conditions. The effectiveness of low-intensity, population-based prevention programs embedded in routine care remains uncertain. We evaluated whether participation in a comprehensive health assessment and counseling program was associated with reduced incidence of diabetes in older adults. METHODS AND FINDINGS: We conducted a population-based matched cohort study including 70-year-old residents of Umeå municipality, Sweden, enrolled between 2012 and 2022 and followed through December 2022. The intervention consisted of a comprehensive health assessment followed by individualized motivational counseling, without structured long-term follow-up. Participants were matched 1:10 to controls from the general Swedish population by birth year, sex, and educational level. Individuals with prevalent diabetes were excluded. The primary outcome was incident diabetes, defined as a first recorded diagnosis in specialist care and/or first dispensed glucose-lowering medication, identified through nationwide health and prescription registers. In total, 6,018 participants and 57,543 matched controls were included. During a mean follow-up of 4.9 years (standard deviation 2.9) in the intervention cohort and 4.8 years (standard deviation 2.9) in the control cohort, diabetes occurred in 335 (5.6%) participants and 3,919 (6.8%) controls. Participation was associated with a lower risk of incident diabetes (adjusted hazard ratio 0.76; 95% confidence interval [0.68,0.85]; p < 0.001). The association remained stable over time. The absolute risk reduction was 1.46 percentage points (95% confidence interval [0.91,1.98]; p < 0.001) at 5 years and 3.42 percentage points (95% confidence interval [2.13,4.75]; p < 0.001) at 10 years. Results were broadly consistent across the examined subgroups. The observational study design limits certainty regarding the intervention's role in the observed association, and voluntary participation in the program may have introduced selection bias, healthy-volunteer effect, and residual confounding. CONCLUSIONS: In this population-based cohort study, participation in a low-intensity preventive health program delivered in routine care was associated with a lower incidence of diabetes among older adults. However, the observational study design limits evidence on the intervention's role in the observed association, and more robust evidence is needed. Nevertheless, these findings suggest that scalable, population-wide prevention strategies may complement intensive high-risk approaches in addressing diabetes in aging populations.",PLoS medicine,2026,10.1371/journal.pmed.1005043,,Journal Article,early_risk,PubMed,core,5,"early_risk=incident diabetes; risk_factors=age; prevention=diabetes prevention,lifestyle intervention; experimental=rat"
42763678,Clinical and Genetic Factors Associated with Multivessel Coronary Artery Disease: A Cross-Sectional Study of CYP2C19 Polymorphisms and Metabolic Comorbidities.,"BACKGROUND: Multi-vessel coronary artery disease (MVCD), defined as stenosis affecting ≥2 major coronary arteries, confers poor clinical outcomes in patients with coronary artery disease (CAD). Cytochrome P450 2C19 (CYP2C19) CYP2C19 participates in lipid metabolism and inflammatory regulation, which may be associated with individual variations in the severity of coronary artery lesions. This study aimed to explore the clinical and genetic factors associated with MVCD focusing on CYP2C19 polymorphisms and chronic metabolic diseases. METHODS: This single‑center cross‑sectional study enrolled 4124 patients with angiographically confirmed CAD, who were divided into single‑vessel CAD (n=846) and MVCD (n=3278) groups. Baseline clinical data and CYP2C19 genotypes were collected. The chi-square test, Hardy-Weinberg equilibrium test, and logistic regression analyses were performed for statistical evaluation. RESULTS: Higher prevalences of hypertension, type 2 diabetes mellitus, and dyslipidemia were observed in MVCD patients. CYP2C19*2 (rs4244285, 681G>A) and *3 (rs4986893, 636G>A) allele frequencies were markedly elevated in the MVCD group. Logistic regression analysis confirmed that hypertension (odds ratio (OR)=1.485, 95% confidence interval (CI): 1.267‑1.740, p<0.001), T2DM (OR=2.441, 95% CI: 2.006‑2.970, p<0.001), dyslipidemia (OR=1.313, 95% CI: 1.097‑1.572, p=0.003), and CYP2C19 poor metabolizer (*2/*2, *2/*3 and *3/*3 genotypes) status (OR=1.744, 95% CI: 1.360‑2.237, p<0.001) was independently associated with MVCD. The combined impaired CYP2C19 metabolic phenotype (intermediate (*1/*2 and *1/*3 genotypes) plus poor metabolizers) was also independently correlated with MVCD (adjusted OR=1.285, 95% CI: 1.095-1.508, p=0.002). CONCLUSION: Clinical metabolic comorbidities and the combined impaired CYP2C19 metabolic phenotype are associated with MVCD. These findings may provide valuable reference for risk assessment of severe CAD.",International journal of general medicine,2026,10.2147/IJGM.S626454,PMC13589311,Journal Article,early_risk,PubMed,core,3,"early_risk=risk assessment; risk_factors=dyslipidemia,hypertension; experimental=rat"
42760714,Age- and sex-specific associations between thyroid function and diabetes in Korean adults: A nationwide cross-sectional study.,"Thyroid dysfunction and diabetes mellitus (DM) are two common endocrine disorders that share overlapping metabolic pathways. While several studies have explored the association between thyroid function and DM, findings have been inconsistent. Specifically, both elevated and suppressed thyroid-stimulating hormone (TSH) have been variably reported as risk or protective factors for diabetes, and the contribution of thyroid autoimmunity (thyroid peroxides antibody, TPOAb) to diabetes risk remains particularly contested across study populations. This study aimed to evaluate the relationship between thyroid function markers-TSH, free thyroxine (free T4), and TPOAb - and the presence of diabetes in Korean adults. This cross-sectional study analyzed data from 4910 adults aged 19 years or older who participated in the Korea National Health and Nutrition Examination Survey (KNHANES VI) from 2013 to 2015. Serum levels of TSH, free T4, and TPOAb were measured, and DM was defined based on fasting glucose levels, use of antidiabetic medication, or self-reported diagnosis. As KNHANES does not classify diabetes by etiological subtype, the DM group predominantly reflects type 2 diabetes, consistent with its overwhelming predominance among Korean adults; type 1 diabetes could not be separately identified. Multivariable logistic regression was used to estimate odds ratios (ORs) and 95% confidence intervals (CIs) for diabetes across thyroid function categories, with subgroup analyses by age and sex. High TSH levels were significantly associated with an increased risk of diabetes (OR = 2.82; 95% CI: 1.26-6.32), especially in men under 65 years (OR = 5.10; 95% CI: 1.65-15.77). Low TSH levels were inversely associated with diabetes risk (OR = 0.35; 95% CI: 0.15-0.86). Low free T4 levels were also linked to an increased risk (OR = 2.08; 95% CI: 1.16-3.75), particularly in younger men. TPOAb positivity showed no significant overall association with diabetes, although a potential protective trend was observed in older men. Altered thyroid function, especially high TSH and low free T4 levels, is associated with increased diabetes risk in Korean adults. These findings suggest the clinical utility of thyroid function screening in diabetes risk assessment and highlight the need for further longitudinal research.",Medicine,2026,10.1097/MD.0000000000050697,PMC13593317,Journal Article,early_risk,PubMed,core,4,early_risk=risk assessment; glycemic=fasting glucose; risk_factors=age; experimental=rat
42755829,Factors associated with poor cardiometabolic control in patients with type 2 diabetes: a Lasso-Firth penalized regression analysis.,"OBJECTIVE: To assess cardiometabolic control among patients with type 2 diabetes mellitus (T2DM) in Shanxi Province and identify variables associated with poor cardiometabolic control. METHODS: Data on demographic characteristics, medical history, Knowledge-Attitude-Practice (KAP) questionnaire scores, and clinical measurements of blood pressure, glucose, and lipid levels were collected from seven hospitals in Shanxi Province between June 2024 and June 2025. Poor cardiometabolic control was defined as failure to achieve comprehensive control across the three cardiometabolic domains (blood pressure, glycemia, and lipid levels), with failure to meet the target in any single domain considered poor control. Variable selection was performed using the least absolute shrinkage and selection operator (LASSO) combined with bootstrap-based stability selection. Firth's penalized logistic regression was then applied to the stably selected variables to estimate their associations with poor cardiometabolic control. RESULTS: Among 1,874 patients, only 2.88% achieved comprehensive cardiometabolic control. Most patients had marked deficits in knowledge of blood pressure and lipid management, as well as in self-monitoring and symptom recognition. Bootstrap stability selection combined with Firth regression identified six candidate variables. Among these, BMI, education level, and knowledge score exhibited the strongest, nominally significant associations with poor cardiometabolic control, whereas practice score, hypertension history, and T2DM duration were selected but did not reach nominal significance. These exploratory findings require validation in independent cohorts. CONCLUSIONS: Cardiometabolic control among patients with T2DM in Shanxi Province remains suboptimal. Exploratory analyses suggest that BMI, education level, and knowledge score are the variables most robustly associated with poor cardiometabolic control, whereas practice score, hypertension history, and T2DM duration represent additional, weaker candidate associations warranting further investigation. These findings may inform future diabetes self-management education and intervention strategies aimed at improving glycemic, blood pressure, and lipid control. However, given the cross-sectional and exploratory nature of this study, the results should be regarded as hypothesis-generating and require confirmation in prospective or interventional studies before causal inferences can be drawn.",Frontiers in endocrinology,2026,10.3389/fendo.2026.1905392,PMC13581911,Journal Article,early_risk,PubMed,core,0,"early_risk=future diabetes; risk_factors=age,bmi,hypertension; exclusions=cognition; established_t2d=patients with t2dm,patients with type 2 diabetes; experimental=rat"
42750540,Predicting the Long-Term Risk of Type 2 Diabetes and Cardiovascular Disease With Orforglipron in People With Overweight or Obesity: A Post Hoc Analysis of the ATTAIN-1 Trial.,"OBJECTIVE: To assess change in long-term predicted 10-year cardiometabolic risk (Type 2 diabetes [T2D] and cardiovascular disease [CVD]) in adults with overweight or obesity without T2D. METHODS: This post hoc analysis used data from ATTAIN-1, a Phase 3 trial in adults (≥ 18 years) with obesity (BMI ≥ 30 kg/m2) or overweight (BMI ≥ 27 kg/m2 with ≥ 1 obesity-related complication) without T2D. Participants received orforglipron 5.5 mg, 9 mg, or 17.2 mg, or placebo for 72 weeks. Changes in predicted risk from baseline to 72 weeks were assessed using three validated risk prediction engines: Cardiometabolic Disease Staging (T2D risk), Framingham (total CVD risk), and PREVENT (total CVD, ASCVD, and HF risk). Mixed models for repeated measures compared change from baseline risk scores between groups. RESULTS: At week 72, mean relative reduction from baseline (median baseline scores: 16.0%-17.3%) in T2D risk score was significantly greater with orforglipron than placebo (-48.6% to -59.4% vs. -10.5%; p < 0.0001; HR-range 0.43-0.55). Using Framingham, at week 72, orforglipron was associated with a significant decrease in mean absolute change in total CVD risk vs placebo (-0.6% to -1.00% vs. +0.6%; p < 0.0001; HR range: 0.82-0.87). Similarly, at week 72, orforglipron was associated with reduced predicted ASCVD, HF, and total CVD risks compared to placebo, assessed using PREVENT (p < 0.0001). CONCLUSIONS: In this post hoc analysis, once-daily oral orforglipron was associated with statistically significant improvements in predicted 10-year risk of incident T2D and CVD compared with placebo over 72 weeks using three validated risk prediction models. TRIAL REGISTRATION: ATTAIN-1: NCT05869903.","Diabetes, obesity & metabolism",2026,10.1111/dom.71322,,Journal Article,early_risk,PubMed,core,13,"early_risk=prediction model,risk prediction,risk score; risk_factors=bmi,obesity,overweight; experimental=rat"
42745970,Beyond Soil Selenium: Agroindustrial Exposure Pathways and Diabetes Risk Assessment in Contemporary China.,"A recent multicenter Chinese cohort study reported a prospective association between high serum selenium (Se) status and incident type 2 diabetes (T2D), while interpreting regional serum Se variation largely through local soil geochemistry. Although the correlation between soil and serum Se is robust at the regional scale, the inferential leap from geochemistry to dietary exposure may underestimate contemporary food system inputs. Two structural features of modern China, institutionalized Se supplementation in compound feed since 2009 and large-scale importation of soybean meal from geochemically heterogeneous origins, have introduced agroindustrial Se pathways that may partially decouple animal-source dietary Se from local soils. Risk mapping based solely on geochemical proxies may misclassify exposure burden in regions where these pathways dominate. Future Se exposure assessments should integrate geochemical, dietary, food supply chain, environmental, and biomarker data, particularly for populations with serum Se levels comparable to the highest tertile in that cohort.",China CDC weekly,2026,10.46234/ccdcw2026.166,PMC13575425,Journal Article,early_risk,PubMed,core,7,"early_risk=incident type 2 diabetes,risk assessment; risk_factors=diet,dietary; experimental=rat"
42796988,Enhanced Metabolic Risks in Patients with Obesity and Nutritional Deficiencies in the U.S.: A TriNetX Study.,"BACKGROUND/OBJECTIVES: Nutrient deficiencies associated with progression from obesity to metabolic dysfunction are poorly characterized. Using electronic health records (TriNetX Research Network), we evaluated the association between key nutritional deficiencies and metabolic outcomes among patients with obesity. METHODS: Deficiencies assessed included protein-energy malnutrition, deficiencies in vitamin D, calcium, magnesium, and vitamin B12, and prior underweight status. Outcomes included severe obesity, prediabetes, type 2 diabetes, metabolic syndrome, metabolic dysfunction-associated steatotic liver disease (MASLD), and metabolic dysfunction-associated steatohepatitis (MASH). After matching propensity scores, cohorts with the double burden of malnutrition (DBM) were compared with a reference cohort of patients with obesity but no history of nutritional deficiencies. RESULTS: The most prevalent types of DBM were vitamin D deficiency (10.6%), protein deficiency (8.9%) and calcium deficiency (7.5%). Incidence rates of obesity and all types of DBM increased from 2023 to 2025. Although middle-aged White and Black/African American patients represented the largest demographic groups, adults aged >70 years exhibited higher incidence rates of protein, calcium, magnesium, and B12 deficiencies. Vitamin D deficiency (median hazard ratio [HR] 3.09; IQR 2.32-5.66), vitamin B12 deficiency (median HR 2.49; IQR 2.16-6.08), and prior underweight (median HR 2.23; IQR 1.76-3.98) were associated with the highest burden of metabolic diseases. CONCLUSIONS: These findings underscore the interplay between nutritional deficiencies and metabolic disease risk in obesity and support targeted interventions for populations affected by DBM, especially older adults, and in the context of racial and socioeconomic disparities.",Nutrients,2026,10.3390/nu18183005,PMC13610809,Journal Article,prediabetes_progression,PubMed,core,7,"early_risk=prediabetes; risk_factors=age,metabolic syndrome,obesity,socioeconomic; experimental=rat"
42796931,Effects of Chokeberry Juice Added to a Mediterranean-Style Diet on Glycemic Control and Redox Homeostasis in Women with Prediabetes: A Randomized Controlled Trial.,"Background: Prediabetes is characterized by impaired glucose regulation and altered redox homeostasis, which may contribute to progression to type 2 diabetes. Polyphenol-rich foods may improve metabolic and redox balance. Methods: Fifty-four women aged 30-60 years with prediabetes were randomly assigned to an intervention group (IG) or control group (CG); 50 completed the 12-week study (25 per group). Both groups received Mediterranean diet recommendations. The IG additionally consumed 100 mL/day of chokeberry juice, providing 457 mg GAE of total polyphenols and 9.7 mmol antioxidant capacity (FRAP), whereas the CG received no study product. Fasting plasma glucose (FG), HbA1c, 2 h plasma glucose (2h-PG), total oxidant status (TOS), total antioxidant status (TAS), and oxidative stress index (OSI) were assessed at baseline and 12 weeks. Between-group differences in individual changes were analyzed using the Mann-Whitney U test with Benjamini-Hochberg false discovery rate correction. The randomized substudy reported here was conducted within the broader single-group parent study registered at ClinicalTrials.gov (NCT06435130), which enrolled a larger mixed-sex cohort; the present analysis concerns only the nested 12-week randomized comparison in women with prediabetes. Results: Compared with the CG, the IG showed greater reductions in FG, HbA1c, 2h-PG, TOS, and OSI and a greater increase in TAS. All between-group differences remained significant after FDR correction (adjusted p < 0.001), with large Cliff's delta values. Conclusions: Adding 100 mL/day of chokeberry juice to Mediterranean diet recommendations for 12 weeks was associated with modest but statistically significant improvements in glycemic and redox-related outcomes in women with prediabetes. The small sample, short follow-up, and lack of placebo control limit generalizability; larger, longer placebo-controlled trials are warranted.",Nutrients,2026,10.3390/nu18182948,PMC13610533,Journal Article; Randomized Controlled Trial,prediabetes_progression,PubMed,core,13,"early_risk=prediabetes,progression to type 2 diabetes; glycemic=fasting plasma glucose,hba1c; risk_factors=age,diet; experimental=rat"
42796049,Effects of High-Intensity Interval Versus Moderate-Intensity Continuous Training in Adults with Prediabetes: A Single-Blind Randomized Controlled Trial.,"Background: Prediabetes is associated with impaired glycemic regulation and increased cardiometabolic risk, making effective lifestyle management important for preventing progression to type 2 diabetes. Exercise is a key component of prediabetes management, but the comparative effects of high-intensity interval training (HIIT) and moderate-intensity continuous training (MICT) remain unclear. Methods: This single-blind randomized controlled trial included 24 sedentary adults with prediabetes (HbA1c 5.7-6.4%; BMI > 24.9 kg/m2), randomized to HIIT (n = 12) or MICT (n = 12). Participants completed supervised treadmill-based aerobic exercise three times weekly for 12 weeks. The primary outcome was HbA1c, while secondary outcomes included anthropometric measures, lipid parameters, and inflammatory and metabolic biomarkers. Outcomes were evaluated using two-way repeated-measures ANOVA. Results: For the primary outcome, HbA1c decreased significantly over time in both groups (p = 0.001), with no significant group × time interaction (p > 0.05). Among the secondary outcomes, both interventions significantly improved body mass index, waist circumference, hip circumference, and waist-to-height ratio (all p ≤ 0.001), while lipid parameters remained unchanged (p > 0.05). Exploratory biomarker analyses showed within-group decreases in TNF-α in the HIIT group and resistin in the MICT group, an increase in osteocalcin in the MICT group, and increases in IL-6 in both groups (p < 0.05); however, no significant group × time interactions were observed for these biomarkers. CRP, irisin, adiponectin, and chemerin remained unchanged. Conclusions: Both HIIT and MICT were associated with improvements in glycemic control and anthropometric outcomes in this sample of adults with prediabetes, with no evidence of superiority of either exercise protocol. Given the small sample size and the absence of significant group × time interactions, the exploratory biomarker findings should be interpreted cautiously. These findings suggest that both exercise modalities may represent feasible options within individualized lifestyle management for adults with prediabetes. Larger studies with longer intervention periods and post-intervention follow-up are needed to clarify the comparative and longer-term effects of these exercise modalities.",Journal of clinical medicine,2026,10.3390/jcm15187277,PMC13607590,Journal Article,prediabetes_progression,PubMed,core,14,"early_risk=prediabetes,progression to type 2 diabetes; glycemic=hba1c; risk_factors=age,bmi,body mass index,sedentary,waist circumference; experimental=rat"
42786573,"Glycemic Status, Cardiac Structure, and Function by Magnetic Resonance Imaging: The Jackson Heart Study.","BACKGROUND: Type 2 diabetes is associated with a high risk of heart failure. Hence, precise cardiac imaging can help early detection of subclinical myocardial dysfunction. We investigated the associations of glycemic status and markers with left ventricular (LV) remodeling assessed by cardiac magnetic resonance imaging among Black adults. METHODS: Peak systolic circumferential strain (Eulerian circumferential systolic strain), LV mass, end-diastolic volume, end-systolic volume, LV ejection fraction, and LV remodeling index were measured by cardiac magnetic resonance imaging in JHS (Jackson Heart Study) participants between 2008 and 2012. We evaluated the associations of glycemic markers (fasting plasma glucose and hemoglobin A1C) and glycemic status (diabetes, prediabetes, and normoglycemia) with cardiac magnetic resonance imaging measures of LV structure and function. RESULTS: A total of 1609 Black participants (mean age, 59 years; 63% women; 27.4% with diabetes and 46.8% with prediabetes) were included. Participants with diabetes had higher LV mass (adjusted β, 4.94 [95% CI, 0.51-9.37]), higher LV remodeling index (β, 0.05 [95% CI: 0.01- 0.09]), impaired global circumferential systolic strain (β, 0.44 [95% CI, 0.04-0.84]), and a higher odds of abnormal strain compared with those with normoglycemia (adjusted odds ratio, 1.43 [95% CI, 1.01-2.04]). Each SD increase in hemoglobin A1C was associated with higher LV mass (β, 2.48 [95% CI, 0.76-4.21]), LV remodeling index (β, 0.02 [95% CI, 0.01-0.04]), and impaired global circumferential systolic strain (β, 0.21 [95% CI, 0.06-0.37]). CONCLUSIONS: In a large community-based cohort of Black individuals, diabetes was associated with differences in LV structure and myocardial strain measured by cardiac magnetic resonance imaging.",Journal of the American Heart Association,2026,10.1161/JAHA.125.048360,,Journal Article,prediabetes_progression,PubMed,core,-1,early_risk=prediabetes; glycemic=fasting plasma glucose; risk_factors=age; exclusions=heart failure; experimental=rat
42785658,The oral microbiome of prediabetes: a scoping review.,"OBJECTIVE: To map evidence on oral bacterial microbiome shifts in adults with prediabetes and compare them with normoglycemic and type 2 diabetes populations. DATA AND SOURCES: A scoping review in accordance with PRISMA-ScR was conducted. PubMed, Cochrane Central Register of Controlled Trials, Web of Science, Embase, and Scopus, were searched from inception to May 1, 2026, including English-language original clinical studies using high-throughput sequencing of oral samples from adults with prediabetes and normoglycemic and/or type 2 diabetes comparison groups. Findings were narratively synthesized by sample size, diversity measure, taxonomic composition and relative abundance, and predicted microbial function. STUDY SELECTION/RESULTS: 2,320 publications were screened, and nine cross-sectional studies met eligibility criteria. Samples composed of saliva, tongue coating, oral rinse, and dental plaque; all studies used 16S rRNA gene sequencing. Alpha and beta-diversity findings were heterogeneous, partly reflecting differences in sample size, glycemic definitions, study populations, and analytical methods. Prediabetes was not consistently distinguishable from normoglycemia, while diabetes more frequently differed from normoglycemia and/or prediabetes. Actinomyces and Prevotella were among the taxa more often reported as enriched at higher glycemic status, whereas Haemophilus and Neisseria were more frequently reported as depleted; however, taxonomic findings were not uniform across studies. Only one study reported computationally predicted functional profiles. CONCLUSION: Current evidence suggests that prediabetes may be associated with subtle oral microbiome alterations, but there is insufficient consistency to define a reproducible prediabetes-specific microbial signature. Standardized, longitudinal, and functionally resolved studies are needed to establish temporality, clinical utility, and potential mechanisms. CLINICAL SIGNIFICANCE: Identifying prediabetes-associated oral microbiome shifts may support earlier recognition of metabolic dysregulation and inform future preventive strategies. Longitudinal and functionally oriented studies are needed to determine whether oral microbiome changes precede, accompany, or result from progression toward diabetes.",Journal of dentistry,2026,10.1016/j.jdent.2026.107076,,Journal Article; Review,prediabetes_progression,PubMed,core,-2,early_risk=prediabetes; risk_factors=age; exclusions=cognition; experimental=rat; publication_type=scoping review
42783393,Cardiometabolic Risk Factors and Domain-Specific Cognitive Function in Prediabetes and Type 2 Diabetes.,"Background: Cardiometabolic risk factors are increasingly recognised as contributors to cognitive decline, yet their associations with domain-specific cognitive performance in adults with prediabetes or well-controlled type 2 diabetes (T2DM) remain poorly characterised. Methods: This cross-sectional study included 49 adults with prediabetes or well-controlled T2DM (managed by diet or metformin alone; HbA1c < 8%). Cognitive function was assessed using the Cambridge Neuropsychological Test Automated Battery (CANTAB), Trail Making Tests (TMTs) parts A and B, Stroop, and Digit Symbol Substitution Test (DSST). Multivariable linear regression examined associations between cardiometabolic predictors (adiposity [DXA], glycaemic indices [OGTT], and serum lipids) and cognitive outcomes, adjusting for age, BMI, and education. Results: Higher HbA1c was independently associated with increased false alarms on the rapid visual processing task (RVPPFA; β = 0.04 [95% CI 0.01, 0.07]; p = 0.015); fasting and 2 h glucose were not associated with any cognitive measure. Higher triglycerides were associated with lower sustained attention accuracy (RVPA; β = -0.02 [95% CI -0.04, -0.004]; p = 0.016) and lower DSST scores (β = -4.61 [95% CI -8.81, -0.40]; p = 0.033). Higher HDL cholesterol was independently associated with better sustained attention (RVPA; β = 0.08 [95% CI 0.02, 0.15]; p = 0.017). No consistent associations were found between adiposity measures and any cognitive outcome, with no effect modification by sex or diabetes status (all Pinteraction > 0.05). Conclusions: In cognitively healthy adults with prediabetes or well-controlled T2DM, higher HbA1c and triglycerides and lower HDL were associated with poorer domain-specific cognitive performance in the absence of overt cognitive impairment. Larger longitudinal studies are needed to establish whether these associations represent early cognitive changes and to determine whether reducing cardiometabolic risk can preserve cognitive function.","Medical sciences (Basel, Switzerland)",2026,10.3390/medsci14050520,PMC13609006,Journal Article,prediabetes_progression,PubMed,core,11,"early_risk=prediabetes; glycemic=hba1c,ogtt; risk_factors=age,bmi,diet; exclusions=cognitive decline"
42771870,Applying the ORBIT model to design a patient-facing mHealth app for diabetes prevention in urban primary care: translating patient perspectives into app design.,"BACKGROUND: Prediabetes affects nearly one in three U.S. adults-often progressing to type 2 diabetes within 10 years. Although prediabetes is increasingly identified in primary care and prevention strategies exist, uptake remains low, particularly in urban safety-net settings. This translational gap reflects the complexity of prevention, which is preference- and context-sensitive. Mobile health could bridge this gap and improve engagement, but effective design requires understanding patient needs, barriers, and care context. PURPOSE: Guided by the Obesity-Related Behavioral Intervention Trials (ORBIT) model, this formative study identified perspectives on prediabetes and diabetes prevention and translated them into components of a patient-facing digital intervention. METHODS: Semi-structured qualitative interviews were conducted among 24 adult primary care patients with documented prediabetes in an urban safety-net health system. Interviews explored understanding of prediabetes, decision-making about prevention options, motivation for lifestyle change, and integration of behavioral changes into daily routines. Interviews were transcribed and analyzed using rapid qualitative analysis. RESULTS: Participants (mean age 58.8 years; 83% women; 46% African American/Black; 46% Hispanic/Latino) described six interrelated themes: understanding the diagnosis; making informed treatment decisions; integrating lifestyle change into daily life; finding motivation; staying on track with behavior change; and navigating prevention within health and financial constraints. Themes revealed gaps in risk understanding, counseling, and action planning and were mapped to preliminary app features. CONCLUSIONS: This study translated patient-identified needs into initial components for a patient-informed mHealth tool. The findings define early-stage content domains and behavioral targets that will inform prototype refinement, usability testing, and evaluation in primary care.",Translational behavioral medicine,2026,10.1093/tbm/ibag065,PMC13596773,Journal Article,prediabetes_progression,PubMed,core,5,"early_risk=prediabetes; risk_factors=age,obesity; prevention=diabetes prevention; experimental=rat"
42769838,Triglyceride-glucose index as a biochemical predictor of hypertension in patients with type 2 diabetes and prediabetes: Evidence from the NHANES database.,"BACKGROUND: The triglyceride-glucose (TyG) index, derived from fasting triglyceride and glucose levels, has emerged as a reliable biochemical marker of insulin resistance. However, its relationship with hypertension (HTN) in diabetic and prediabetic populations remains insufficiently studied. METHODS: Using data from 2,440 adults in the U.S. National Health and Nutrition Examination Survey (NHANES, 2011-2018), we investigated the association between the TyG index and HTN. Biochemical assays included enzymatic measurement of serum triglycerides (Beckman Coulter DxC800) and plasma glucose (hexokinase-based methods on Roche Cobas systems), from which the TyG index and related indices (TyG-BMI, TyG-WC, TyG-WHtR) were calculated. Logistic regression models adjusted for demographic, anthropometric, and biochemical covariates were used to estimate odds ratios (OR) for HTN risk. RESULTS: Participants with HTN exhibited significantly higher TyG index levels compared with non-hypertensives (8.44 vs. 8.38, P&lt; 0.01). In fully adjusted models, each unit increase in TyG was associated with a 31% higher risk of HTN (OR = 1.31, 95% CI: 1.02-1.69). Stratified analyses revealed significant associations among Mexican Americans and individuals without prior cardiovascular or hepatic disease. TyG-WC and TyG-WHtR indices also correlated positively with HTN risk, whereas TyG-BMI did not. CONCLUSIONS: Elevated TyG index and related biochemical indices are independently associated with increased HTN risk among individuals with diabetes or prediabetes. As a simple and reproducible biochemical parameter, the TyG index may serve as a valuable tool in laboratory medicine for early HTN risk identification and prevention strategies.",Journal of medical biochemistry,2026,10.5937/jomb0-61307,PMC13592863,Journal Article,prediabetes_progression,PubMed,core,9,"early_risk=prediabetes,prediabetic; risk_factors=bmi,hypertension,insulin resistance; established_t2d=patients with type 2 diabetes; experimental=rat"
42769672,Obstructive sleep apnoea and glucose dysregulation in type 2 diabetes: a systematic review of the literature.,"BACKGROUND: Obstructive sleep apnoea (OSA) and type 2 diabetes mellitus (T2DM) are common chronic conditions with a potentially bidirectional relationship mediated by insulin resistance, intermittent hypoxia, and systemic inflammation. However, evidence linking OSA with glucose dysregulation remains inconsistent. OBJECTIVE: To evaluate the association between OSA and glucose dysregulation, including prediabetes and T2DM, and related metabolic and cardiovascular outcomes. Methods: A PRISMA-based systematic review was conducted using major databases. RESULTS: In total, eleven studies from Asia, Europe, Africa, and South America were included in this review. The results show that OSA was consistently associated with poorer glycemic control, increased insulin resistance, and adverse metabolic profiles, with several studies demonstrating severity-dependent effects. In addition, poor sleep quality and short sleep duration were also linked to adverse metabolic outcomes, although findings were less consistent. Finally, limited evidence suggested that continuous positive airway pressure (CPAP) therapy may improve some metabolic and renal outcomes. CONCLUSION: OSA is consistently associated with impaired glucose metabolism and increased cardiometabolic risk in individuals with T2DM. Further longitudinal and interventional studies are needed to clarify causal pathways and the metabolic effects of OSA treatment. SYSTEMATIC REVIEW REGISTRATION: PROSPERO (CRD420261402284).",Frontiers in medicine,2026,10.3389/fmed.2026.1915032,PMC13592258,Journal Article; Systematic Review,prediabetes_progression,PubMed,core,3,early_risk=prediabetes; risk_factors=insulin resistance; experimental=rat; publication_type=systematic review
42763677,Effectiveness of Structured Education Programmes on Diet and Exercise for Preventing Type 2 Diabetes in Adults With Prediabetes: A Systematic Review.,"Diet and exercise can prevent or delay progression from prediabetes to type 2 diabetes mellitus, but lifestyle advice in routine care may be brief, inconsistent, or unstructured. This systematic review assessed whether structured education programmes on diet and exercise are more effective than usual care, standard advice or less intensive lifestyle intervention in preventing or delaying type 2 diabetes among adults with prediabetes. The review was conducted in accordance with Preferred Reporting Items for Systematic Reviews and Meta-Analyses (PRISMA) guidance and registered in PROSPERO (CRD42023484038). CINAHL (Cumulative Index to Nursing and Allied Health Literature), Embase, Ovid MEDLINE, Web of Science and Google Scholar were searched for English-language studies from database inception to July 2026. Randomised and cluster-randomised controlled trials involving adults with prediabetes, impaired glucose tolerance, or impaired fasting glucose were included if they compared structured education focused on diet, exercise or both with usual care, standard advice or a less intensive intervention. Data were synthesised narratively. Eighteen randomised or cluster-randomised controlled trials met the inclusion criteria. Most studies reported favourable effects of structured education on diabetes incidence, glycaemic indices and weight-related outcomes compared with usual care or less intensive lifestyle advice, while effects on cardiovascular risk markers were less consistent. Structured education on diet and exercise appears more effective than usual care or less intensive lifestyle advice in preventing or delaying type 2 diabetes among adults with prediabetes.",Cureus,2026,10.7759/cureus.114859,PMC13589475,Journal Article; Review,prediabetes_progression,PubMed,core,16,"early_risk=prediabetes; glycemic=fasting glucose,impaired fasting glucose,impaired glucose tolerance; risk_factors=age,diet; prevention=lifestyle intervention; experimental=rat; publication_type=systematic review"
42758599,Longitudinal HbA1c trajectories and clinical prognosis in type 2 diabetes: a population-based cohort study.,"OBJECTIVE: To characterize longitudinal glycated haemoglobin (HbA1c) trajectories before and after the diagnosis of type 2 diabetes and to evaluate their association with major cardiovascular events and all-cause mortality. DESIGN: Retrospective population-based cohort study using Spanish electronic health records. Adults with incident type 2 diabetes diagnosed between 2005 and 2019 were included. Longitudinal HbA1c trajectories were modelled using functional principal component analysis and classified using Gaussian mixture modelling. The primary outcome was a composite of hospital admission for ischaemic heart disease, cerebrovascular disease, and all-cause mortality. Associations were assessed using adjusted Cox proportional hazards models. RESULTS: A total of 264 634 individuals with incident type 2 diabetes and 1 719 720 HbA1c measurements were included. Three distinct HbA1c trajectory classes were identified. Mean HbA1c values remained within the prediabetes range until ~10 years before diabetes diagnosis. The highest risk of the composite outcome was observed in the trajectory class with intermediate, rather than the highest, HbA1c levels. Compared with trajectory class 2, trajectory class 1 was associated with a substantially increased risk of the composite outcome in women (HR: 3.34, 95% CI: 3.18-3.50) and men (HR: 2.93, 95% CI: 2.81-3.05). CONCLUSIONS: The trajectory associated with the greatest risk was not the one with the highest HbA1c levels, but the one characterized by greater baseline clinical vulnerability. The greatest impact of the associations falls on total mortality. These findings highlight the importance of considering long-term glycaemic patterns alongside clinical context when stratifying cardiovascular risk in people with type 2 diabetes.",Postgraduate medical journal,2026,10.1093/postmj/qgag124,,Journal Article,prediabetes_progression,PubMed,core,1,"early_risk=incident type 2 diabetes,prediabetes; glycemic=hba1c; exclusions=falls; experimental=rat"
42754851,Nutrigenomics in the prevention and management of type 2 diabetes and obesity: A systematic review of clinical trials.,"BackgroundThe increasing global burden of obesity and type 2 diabetes mellitus (T2DM) poses a major public health challenge. Nutrigenomics has emerged as a promising approach for managing these metabolic diseases through specific gene-diet interactions.AimThis systematic review aimed to synthesize evidence on the effects of nutrigenomics in the prevention and management of obesity and T2DM in human populations.MethodsAn extensive search was performed across four databases from inception to June 2025. Eligibility criteria were: randomized controlled trials (RCTs), participants with obesity (body mass index (BMI): 25-40 kg/m2), prediabetes, and/or diagnosed with T2DM, nutrigenomics-based dietary intervention studies, and reporting obesity or diabetes management as the primary outcome. Risk of bias (RoB) was assessed using the RoB visualization tool. Narrative evidence synthesis was done owing to heterogeneity in study populations, genotypes, diet-gene associations, and outcome measures.SummaryOf 1278 articles screened, six RCTs met the eligibility criteria. The included studies demonstrated that nutrigenomics-based dietary interventions and related molecular responses may influence obesity and T2DM-related outcomes. Specific genetic variants, including APOA2, Melatonin receptor 1B (MTNR1B), Circadian locomotor output cycles kaput (CLOCK), and PP2C domain-containing protein phosphatase 1K (PPM1K), as well as molecular response markers such as RIPK3 and RNF216, were associated with changes in weight, BMI, waist circumference, and insulin sensitivity following dietary interventions. RoB analysis revealed that only one study (16.7%) demonstrated low RoB. The findings suggest a potential role for nutrigenomics in the prevention and management of obesity and T2DM; however, more robust and standardized RCTs are needed.",Nutrition and health,2026,10.1177/02601060261487857,,Journal Article; Review,prediabetes_progression,PubMed,core,11,"early_risk=prediabetes; risk_factors=age,bmi,body mass index,diet,dietary,obesity,waist circumference; prevention=dietary intervention; experimental=rat; publication_type=systematic review"
42751742,"Nutritional Deficiencies, Complications, and Nutrition Therapy/Counseling in Pediatric Patients Using GLP-1 Receptor Agonists.","BACKGROUND: Glucagon-like peptide-1 receptor agonists (GLP-1RAs) are increasingly used to treat childhood obesity, prediabetes, and type 2 diabetes. We examined nutritional deficiency incidence and nutrition therapy/counseling (NT/C) utilization among pediatric GLP-1RA users. METHODS: We analyzed Inovalon administrative claims data from 2017 to 2022 covering over 100 million patients to identify 2,031 GLP-1RA users aged 10-17 years who met continuous enrollment criteria and had no prior diagnosis of nutritional deficiency. Nutritional deficiencies were identified using the International Classification of Diseases, 10th edition codes for up to 1 year following GLP-1RA initiation. NT/C visits, time to first NT/C visit, and differences in nutritional deficiency diagnoses by NT/C consultation were assessed. Results are reported as proportions and means, with group comparisons using chi-square tests. RESULTS: The mean age was 15 (±1.8) years, 61.5% were female, and 62.6% had obesity. Liraglutide (78.6%), dulaglutide (10.4%), and semaglutide (9.1%) were the most prescribed GLP-1RA drugs. Within 1 year, 16.88% of patients were diagnosed with at least one nutritional deficiency or deficiency-related complication, most frequently vitamin D deficiency (12.4%), followed by nutritional anemia (1.55%), and iron-deficiency anemia (1.44%). Only 23.3% had NT/C visit within 180 days (mean time to first visit: 149 days). Patients with NT/C consultations had higher rates of nutritional deficiencies and deficiency-related complications than those without (23.2% vs. 14.8%, p < 0.01). CONCLUSIONS: Nutritional deficiencies are a meaningful and under-recognized risk among pediatric patients receiving GLP-1RA therapy. Current care patterns suggest missed opportunities for proactive and preventative nutrition support. Integration of NT/C care into pediatric GLP-1RA treatment may support healthy growth and long-term outcomes.",Childhood obesity (Print),2026,10.1177/21532176261486979,,Journal Article,prediabetes_progression,PubMed,core,3,"early_risk=prediabetes; risk_factors=age,obesity; experimental=rat"
42744583,Differences in screen-detected type 2 diabetes in two targeted community-based screening campaigns in Denmark.,"OBJECTIVE: Targeted type 2 diabetes screening campaigns aim to improve patients' quality of life and life expectancy and reduce healthcare costs, although different setups may yield varying detection outcomes. The aim of this study is to assess whether at-home self-sampling improves the detection rates of prediabetes and diabetes compared with standard mobile unit screening. RESEARCH DESIGN AND METHODS: Between June 2022 and November 2024, the Danish Diabetes Association offered free capillary HbA1c tests to individuals at high risk of diabetes based on the Leicester's Risk Assessment score. Two community-based screening setups were applied: (a) a mobile unit using a point-of-care device and (b) at-home self-sampling screening tests using mailed Hemoglobin Capillary Collection System analyzed by high-performance liquid chromatography. RESULTS: In total, 4051 individuals were tested via the mobile unit and 5609 via the at-home setup. In the mobile unit setup, the proportion of individuals aged ≥65 years was 54.3%, whereas in the at-home setup, they constituted 38.1%. HbA1c ≥48 mmol/mol (≥6.5%) was found in 3.1% of participants in the mobile unit and 3.5% in the at-home setup, while HbA1c values of 42-47 mmol/mol (6.0-6.4%) occurred in 9.1% and 15.2%, respectively. CONCLUSIONS: Mobile units and at-home self-sampling are complementary screening approaches, finding similar rates of screen detection with HbA1c ≥48 mmol/mol (≥6.5%), though the latter is more efficient in detecting individuals with HbA1c values of 42-47 mmol/mol (6.0-6.4%).",BMJ open diabetes research & care,2026,10.1136/bmjdrc-2026-006034,PMC13583803,Journal Article,prediabetes_progression,PubMed,core,12,"early_risk=diabetes screening,prediabetes,risk assessment; glycemic=hba1c; risk_factors=age; experimental=rat"
42743331,Temporal patterns of tuberculosis-associated hyperglycaemia and its effect on treatment outcomes in individuals not previously diabetic: A prospective cohort study.,"BACKGROUND: Active tuberculosis (TB) infection can induce hyperglycaemia and insulin resistance, increasing the risk of type 2 diabetes mellitus and worsening TB disease severity. However, data on the dynamics of TB-associated hyperglycaemia and its effect on TB treatment outcomes among individuals not previously diabetic remain limited, particularly in high TB-burden settings. In this study, we aimed to investigate the prevalence and temporal patterns of TB-associated hyperglycaemia and its impact on disease presentation and TB treatment outcomes among a cohort of individuals not previously diabetic. METHODS: This was a five-month longitudinal prospective cohort study conducted at two urban specialized TB healthcare facilities in Kenya among adults aged >18 years with bacteriologically confirmed pulmonary TB (PTB). Known diabetes mellitus (DM) or prediabetic individuals were excluded during enrolment. Glycaemic status was assessed at baseline and months two and five using glycated haemoglobin (HbA1c) according to the American Diabetes Association guideline. Hyperglycaemia was defined as HbA1c ≥5.7% and categorized as normoglycaemia, persistent, transient, or incident hyperglycaemia based on longitudinal measurements. Socio-demographic and clinical data were collected using a structured questionnaire and analysed using SPSS version 26.0 and GraphPad Prism version 9.0. Longitudinal trends in HbA1c levels and the association of hyperglycaemia with DM-related symptoms, as well as TB treatment outcomes, were assessed using the Friedman test and the Generalized Estimating Equations (GEE), respectively. RESULTS: We enrolled and followed 87 individuals newly diagnosed with PTB. Of these, 66 were tested for hyperglycaemia in month two after 7 died and 14 were lost to follow-up/transferred out (LTFU/TO), and 70 in month 5, after an additional death, 7 re-engagements, and 2 LTFU/TO were reported. At enrolment, the cohort was predominantly male (76%), not married (53%), and HIV-negative (84%), with a median age of 37 years (IQR 29-44). Prevalence of hyperglycaemia at baseline was 75% (95% Confidence Interval [CI] 65-83), with 45% of the individuals presenting as prediabetic and 30% as diabetic. At the month-two and month-five time points, the proportion of participants with prediabetes (pre-DM) increased from 24% (16/66) to 30% (21/70), while the prevalence of DM declined from 21% (14/66) to 9% (6/70). Across the time points, HbA1c levels varied significantly (p < 0.001). In GEE analysis, hyperglycaemic participants were more likely to experience classic symptoms of DM such as frequent micturition (adjusted Relative Risk [aRR] 1.76, 95% CI 1.12-2.77), increased thirst (aRR 2.37, 95% CI 1.38-4.05), unintentional weight loss (aRR 1.84, 95% CI 1.24-2.75), and blurred vision (aRR 1.95, 95% CI 1.20-3.18). After adjusting for age, BMI, HIV, alcohol use, and smoking, hyperglycaemia was independently associated with an increased risk of sputum positivity (aRR 4.22, 95% CI 2.09-8.52). Glycaemic variability was significantly associated with unfavourable TB treatment outcomes (p < 0.001). CONCLUSIONS: New-onset hyperglycaemia was highly prevalent in adults newly diagnosed with TB and persisted through the fifth month of TB treatment. Hyperglycaemia was associated with classic diabetic symptoms and persisting sputum positivity, highlighting the need to integrate glycaemic monitoring and management into routine TB follow-up care.",PloS one,2026,10.1371/journal.pone.0358593,PMC13577521,Journal Article,prediabetes_progression,PubMed,core,18,"early_risk=prediabetes,prediabetic; glycemic=hba1c; risk_factors=age,bmi,insulin resistance,smoking; prevention=weight loss; experimental=rat; publication_type=guideline"
42738932,Whole-Grain Staple Replacement and Cardiometabolic Phenotypes in Adults at High Risk of Type 2 Diabetes: An Extended Randomized-Trial Analysis with NHANES and Country-Level Context.,"BACKGROUND/OBJECTIVES: Adults at high risk of type 2 diabetes frequently show concurrent dyslipidemia, insulin resistance, and central adiposity before overt diabetes develops. We evaluated cardiometabolic responses to standardized whole-grain staple replacement and examined grain-quality patterns in free-living and country-level settings. METHODS: This secondary exploratory analysis included 144 participants (48 per group) from a 12-week, three-arm randomized dietary trial. Participants were analyzed according to their randomized assignments to 100 g/day, 50 g/day, or control. Lipid, anthropometric, body composition, and composite cardiometabolic phenotypes were evaluated. Longitudinal and time-weighted cumulative effects were estimated using linear mixed-effects and regression models, with Benjamini-Hochberg false discovery rate (FDR) correction applied within the corresponding multiplicity domains. Complementary analyses included 30,769 NHANES adults without diabetes, including 12,169 with prediabetes, and descriptive country-level data on whole-grain intake, high-FPG-attributable diabetes burden, and cereal supply. RESULTS: Within the extended phenotype panel, HWG versus control time-weighted cumulative effects included triglycerides (β = -0.220, 95% CI -0.397 to -0.043; FDR-adjusted p = 0.047), the atherogenic index of plasma (β = -0.125, -0.191 to -0.060; FDR-adjusted p = 0.002), and the triglyceride-glucose index (β = -0.301, -0.429 to -0.173; FDR-adjusted p < 0.001). Conventional lipid components showed distinct temporal responses. In NHANES, higher whole-grain exposure and more favorable grain-quality ratios were associated with lower adiposity- and insulin resistance-related phenotypes, whereas refined-grain exposure generally showed the opposite pattern. Country-level analyses showed marked heterogeneity in whole-grain intake, diabetes burden, and cereal supply context. CONCLUSIONS: Standardized whole-grain staple replacement was associated with short-term changes across several cardiometabolic dimensions in adults at high risk of type 2 diabetes, with the clearest extended-phenotype signals involving triglyceride-related and glucose-triglyceride coupling measures. NHANES identified cross-sectional grain-quality associations in free-living adults; country-level analyses described heterogeneity in whole-grain intake, diabetes burden, and cereal supply context.",Nutrients,2026,10.3390/nu18172758,PMC13567143,Journal Article; Randomized Controlled Trial,prediabetes_progression,PubMed,core,7,"early_risk=prediabetes; risk_factors=diet,dietary,dyslipidemia,insulin resistance; experimental=rat"
42736402,Differential physical activity responses to diabetes risk reduction interventions according to prediabetes phenotype in at-risk individuals: pooled analysis from three randomised controlled trials.,"AIMS/HYPOTHESIS: Emerging research suggests that the effects of lifestyle interventions to reduce the risk of type 2 diabetes progression differ by prediabetes phenotype. We investigated whether this divergent effectiveness is accompanied by differing physical activity responses to the intervention. METHODS: Pooled data from three randomised controlled trials were used (n=2150), with up to 48 months annual follow-up. Participants at risk of type 2 diabetes were randomised to either: (1) usual care (control) or (2) similar interventions, in which they received structured group-based lifestyle interventions to promote increases in physical activity and other behaviours associated with diabetes risk reduction, supported by education, goal setting, pedometer use and maintenance support. Change in physical activity and glucose levels were stratified by the presence of impaired fasting glucose (IFG) and/or impaired glucose tolerance (IGT). RESULTS: Participants in the group with normoglycaemia were 63 years old (mean), with a mean BMI of 29.9 kg/m2; 56.4% were men and 76.7% were White European. Participants in the IFG group were 63 years old, with a BMI of 29.8 kg/m2; 70.0% were men and 79.1% were White European. Participants in the IGT group were 65 years old, with a BMI of 31.1 kg/m2; 60.4% were men and 80.5% were White European. Participants in the group with both IFG and IGT were 65 years old, with a BMI of 31.7 kg/m2; 62.7% were men and 82.6% were White European. The number of baseline steps/day was 6130 ± 3201 in the normoglycaemia group, 7244 ± 3489 in the IFG group, 5984 ± 2904 in the IGT group and 6310 ± 2872 in the IFG+IGT group (means ± SD). The intervention increased the mean number of steps/day relative to usual care by 247 (95% CI 4, 491) in the normoglycaemia group, 523 (95% CI 229, 818) in the IGT group, and 808 (95% CI 402, 1213) in the IFG+IGT group, but not in the IFG group (mean 71; 95% CI -429, 571). The intervention improved 2 h post-challenge glucose levels in the IFG+IGT group only (mean -0.5 mmol/l; 95% CI -0.9, 0.0). CONCLUSIONS/INTERPRETATION: The effectiveness of structured, group-based interventions with goal setting to promote physical activity differs by glycaemic status; those with IFG were least responsive. This may contribute to previously observed differences in the clinical effectiveness of diabetes prevention programmes.",Diabetologia,2026,10.1007/s00125-026-06873-5,1370926,Journal Article,prediabetes_progression,PubMed,core,16,"early_risk=prediabetes; glycemic=fasting glucose,impaired fasting glucose,impaired glucose tolerance; risk_factors=bmi,physical activity; prevention=diabetes prevention,lifestyle intervention; experimental=rat"
42732963,Progressive islet remodeling during the prediabetic stage in female SDT rats.,"Prediabetes represents a critical stage in the progression to type 2 diabetes, during which early alterations in pancreatic islet structure and function occur. We investigated temporal histopathological changes associated with islet remodeling in female Spontaneously Diabetic Torii (SDT) rats, a non-obese type 2 diabetes model. Focusing on structural alterations, fibrosis, altered endocrine cell organization, and pancreatic stellate cell activation. Female SDT and Sprague-Dawley (SD) rats were examined between 8 and 40 weeks of age. Blood glucose and plasma insulin levels were measured cross-sectionally in separate groups of animals from 8 to 40 weeks, and oral glucose tolerance tests (OGTTs) were performed between 16 and 24 weeks of age. Pancreatic tissues were evaluated by histopathology, immunohistochemistry, and morphometric analyses. SDT rats exhibited progressive glucose intolerance accompanied by elevated plasma insulin levels during the prediabetic stage, suggesting altered glucose homeostasis. These abnormalities were accompanied by structural alterations of islets, including architectural disruption, enlargement, and intra-islet fibrosis beginning at 18-24 weeks. Representative immunostaining suggested altered organization of insulin- and glucagon-positive endocrine cells within remodeled islets. α-SMA- and desmin-positive stromal cells were observed within fibrotic regions of SDT islets. These findings demonstrate progressive islet remodeling during the prediabetic stage in female SDT rats, characterized by structural disruption, fibrosis, and the presence of α-SMA- and desmin-positive stromal cells within fibrotic islets. These alterations may contribute to early endocrine dysfunction by disrupting the islet microenvironment and cell-cell interactions.",Experimental animals,2026,10.1538/expanim.26-0125,,Journal Article,prediabetes_progression,PubMed,core,13,"early_risk=prediabetes,prediabetic,progression to type 2 diabetes; glycemic=glucose intolerance,ogtt,oral glucose tolerance,oral glucose tolerance test; risk_factors=age; experimental=rat,rats"
42729417,Whole wheat bread improves postprandial glucose tolerance in adults with prediabetes: a controlled-feeding randomized crossover trial with microbiome-associated variation in response.,"BACKGROUND/HYPOTHESIS: Whole grain intake is associated with reduced risk of type 2 diabetes, yet inconsistent findings from randomized trials and substantial interindividual variability suggest that gut microbiota may influence glycemic responses. We hypothesized that whole wheat bread would improve glucose tolerance compared with refined white bread under controlled feeding conditions in adults with prediabetes, and that gut microbial features would be associated with variability in glycemic response. METHODS: In this randomized, controlled crossover trial, adults with prediabetes (n = 39; 34.7 ± 0.9 kg/m2) consumed fully controlled diets differing only in whole wheat (WHEAT) or refined white bread (WHITE) for 2-weeks each, separated by a 2-week washout. Fasting blood and stool samples were collected at baseline and post-intervention, and a 75 g oral glucose tolerance test was performed after each phase. RESULTS: Compared with WHITE, WHEAT reduced postprandial glucose excursion by 27% (p = 0.04), independent of body weight, inflammation, carbonyl stress, and fecal short-chain fatty acids (SCFAs). Fasting glucose and insulin improved over time irrespective of treatment (PTime < 0.05), whereas inflammatory biomarkers, plasma methylglyoxal, and fecal SCFAs did not differ between interventions. Gut microbial α- and β-diversity were unchanged. However, compositional analyses identified directional shifts in selected taxa during WHEAT, including higher relative abundances of Agathobacter, Agathobaculum, and Lachnospiraceae NK4A136 group and lower Streptococcus, Lachnoclostridium, and Mediterraneibacter (nominal p < 0.05). Moderation analysis revealed that baseline abundances of Lachnoclostridium and Lachnospiraceae NK4A136 group predicted postprandial glycemic responses in a diet-dependent manner, identifying distinct microbial profiles associated with greater metabolic benefit from WHEAT relative to WHITE (PInteraction < 0.05). CONCLUSION: Whole wheat bread improves postprandial glucose tolerance in adults with prediabetes while exhibiting microbiome-associated variation in glycemic response. These findings support whole wheat as an effective dietary strategy and highlight baseline gut microbial features as key contributors to inter-individual responses, advancing precision nutrition approaches to whole grain consumption. CLINICAL TRIALS REGISTRATION: ClinicalTrials.gov: NCT05318183.",Frontiers in nutrition,2026,10.3389/fnut.2026.1907908,PMC13562025,Journal Article,prediabetes_progression,PubMed,core,12,"early_risk=prediabetes; glycemic=fasting glucose,oral glucose tolerance,oral glucose tolerance test; risk_factors=diet,dietary; experimental=rat"
42717332,Postpartum GLP-1 receptor agonists and SGLT-2 therapies in women with prior gestational diabetes: current evidence and uncertainties.,"BACKGROUND: Gestational diabetes mellitus (GDM) affects approximately 14% of pregnancies and is associated with adverse pregnancy outcomes and a substantially increased risk of long-term cardiometabolic disease. Although glucose levels often normalise postpartum, women with prior GDM have a ten-fold increased risk of developing type 2 diabetes mellitus (T2DM), particularly when early postpartum prediabetes is present. Current prevention strategies, including lifestyle modification and metformin, have in general shown limited effectiveness in this high-risk population. MAIN BODY: Glucagon-like peptide-1 receptor agonists (GLP-1 RA) improve glycaemic control, promote weight loss, and reduce cardiovascular risk in people with T2DM and/or obesity. Given the central role of insulin resistance and weight retention in progression from GDM to T2DM, these therapies represent a promising strategy for postpartum diabetes prevention. However, available evidence in women with prior GDM is limited and largely derived from small, short-term studies not adequately powered to assess sustained diabetes prevention or long-term outcomes. Whether GLP-1 RA therapy should be considered an early preventive strategy in this high risk population remains therefore uncertain. The evidence base is now evolving, with the first large multicentre randomised controlled trial (RCT) with a potent GLP-1 RA in women with early postpartum prediabetes following GDM currently underway. In parallel, sodium-glucose cotransporter 2 (SGLT-2) inhibitors have demonstrated robust cardiovascular and renal benefits in T2DM, independent of glycaemic status, and may offer additional preventive potential. Their insulin-independent mechanism and favourable cardiovascular profile are particularly attractive in women with prior GDM, who face elevated long-term cardiometabolic risk. However, uncertainties persist regarding safety in women of reproductive age, use during lactation, optimal timing, and patient selection, highlighting the gap between therapeutic promise and dedicated postpartum trial data. CONCLUSION: This Debate examines the emerging role of GLP-1 RA and SGLT-2 inhibitors in preventing T2DM after GDM. Despite their potential, important uncertainties remain regarding long-term efficacy and safety. While these therapies may provide a shift beyond lifestyle intervention and metformin, robust trial data and careful consideration of reproductive factors are required before routine implementation. We discuss how pharmacological prevention strategies could be integrated into postpartum care for this high-risk population.",BMC medicine,2026,10.1186/s12916-026-05182-3,PMC13560376,Journal Article; Review,prediabetes_progression,PubMed,core,15,"early_risk=prediabetes,risk of developing type 2 diabetes; risk_factors=age,gestational diabetes,insulin resistance,obesity; prevention=diabetes prevention,lifestyle intervention,lifestyle modification,weight loss; experimental=rat"
42716862,One-year progression from prediabetes to type 2 diabetes in a Turkish primary-care cohort: a prospective study.,"AIMS: To estimate one-year progression to type 2 diabetes among adults with prediabetes in primary care and explore associated baseline characteristics. METHODS: Adults with prediabetes identified using FPG, 2-h OGTT glucose and/or HbA1c criteria at a Turkish family health centre were followed for one year. Incident diabetes was defined by repeat-confirmed diabetes-range FPG or HbA1c; the oral glucose tolerance test was not repeated at follow-up, for resource and participant-burden reasons. Progressors and non-progressors were compared using Mann-Whitney U and Fisher's exact tests, without adjustment for multiple comparisons. ROC analyses were exploratory, and the derived cut-offs were neither internally nor externally validated. RESULTS: Among 152 participants (67.8% women; mean age 52.9 ± 12.6 years), 9 (5.9%; 95% CI 2.7-10.9%) progressed to diabetes, while 20 had normal-range FPG and HbA1c and 123 retained prediabetes-range values. Progressors had higher BMI, waist and hip circumference, FPG, HbA1c and 2-h glucose; antidepressant use was also more frequent, although this unadjusted association is likely confounded by indication. All nine incident cases occurred in participants with combined IFG and IGT. In exploratory analyses based on only nine events, higher 2-h glucose showed the strongest apparent separation between progressors and non-progressors. CONCLUSIONS: One-year progression was uncommon but concentrated among participants with combined IFG and IGT. Because only nine events occurred, roughly two dozen baseline factors were compared without adjustment for multiple testing, and the OGTT was not repeated at follow-up, every association reported here is hypothesis-generating and the study-derived thresholds are exploratory and unvalidated; neither should be used to guide clinical decisions until confirmed in larger, independent cohorts.",Primary care diabetes,2026,10.1016/j.pcd.2026.09.001,,Journal Article,prediabetes_progression,PubMed,core,20,"early_risk=incident diabetes,prediabetes,progression to type 2 diabetes; glycemic=hba1c,ogtt,oral glucose tolerance,oral glucose tolerance test; risk_factors=age,bmi; experimental=rat"
42711998,Evidence-based ranking of diabetes prevention in prediabetes: A comprehensive network meta-analysis of 378 randomised controlled trials.,"BACKGROUND: Ten percent of the global population presents impaired glucose tolerance. Although numerous interventions have been investigated to prevent type 2 diabetes (T2D), their comparative effectiveness remains uncertain. In this study, we assessed and ranked current pharmacological and non-pharmacological interventions for preventing diabetes in individuals with prediabetes. METHODS: The study protocol was registered on PROSPERO (CRD42023473875). Randomised controlled trials (RCTs) reporting on adult patients with prediabetes undergoing any intervention addressing dysglycaemia were eligible. Our systematic search was conducted from database inception to 19 December 2025 in three databases (MEDLINE, Embase and Cochrane Library [CENTRAL]). Network meta-analysis was performed using the random-effect frequentist method. Our primary outcomes were the incidence of T2D, haemoglobin A1c (HbA1c), fasting plasma glucose (FPG) and 2-h glucose after the glucose oral tolerance test (2hPG) expressed as relative risk (RR) and mean difference (MD), respectively, with the corresponding 95% confidence intervals (CIs). RESULTS: We included 378 RCTs comprising 113 122 patients. The highest risk reduction for T2D when compared with control was obtained with dual incretin-based therapy (glucagon-like peptide 1 [GLP-1] and gastric inhibitory polypeptide (GIP) receptor agonists [GLP-1 + GIP RAs]) (RR = .1, CI [.05;  .21]), with GLP-1 receptor agonists (GLP-1 RAs) ranking second (RR = .26, CI [.19;  .4]) followed closely by metformin plus intensive lifestyle intervention (ILI) (RR = .27, CI [.12;  .64]). Only curcumin (MD = -.49, CI [-.70; -.28]), dual GLP-1 + GIP RA (MD = -.46, CI [-.63; -.29]), single GLP-1 RA (MD = -.41, CI [-.50; -.31]) and physical activity (MD = -.35, CI [-.48; -.23]) achieved >.3% HbA1c reductions after 1 year. Sulphonylureas and physical activity were most effective for the 1-year FPG decrease, while the greatest 2hPG reduction was obtained with zinc supplementation and sulphonylureas. CONCLUSION: Incretin-based therapies, particularly dual GLP-1 + GIP RA and single GLP-1 RA, followed by metformin together with ILI, are the most effective interventions to prevent T2D in patients with prediabetes.",Clinical and translational medicine,2026,10.1002/ctm2.70829,PMC13554713,Journal Article; Network Meta-Analysis,prediabetes_progression,PubMed,core,16,"early_risk=prediabetes; glycemic=fasting plasma glucose,hba1c,impaired glucose tolerance; risk_factors=physical activity; prevention=diabetes prevention,lifestyle intervention,prevent type 2 diabetes; experimental=rat; publication_type=meta-analysis"
42783225,Demographic Vulnerability and Mental Health in Older Adults with Type 2 Diabetes: A Lifespan-Informed Analysis of Diabetes Distress.,"BACKGROUND: Diabetes distress is a key mental health dimension of type 2 diabetes (T2D) and a growing concern as populations age, yet its determinants in older adults remain insufficiently characterized. The independent contributions of demographic and metabolic factors to severe distress and their implications for multidisciplinary screening across the lifespan remain unclear. METHODS: In this cross-sectional study, we assessed 453 adults with T2D using the 17-item Diabetes Distress Scale (DDS-17). We categorized participants as experiencing low (<2), moderate (2-2.9), or severe (≥3) distress. We compared categories using the Kruskal-Wallis H test and chi-square tests. Logistic regression models were constructed with severe distress (DDS ≥ 3) as the outcome, adjusting for sex, educational level, and HbA1c. RESULTS: Severe distress was identified in 19 participants (4.2%). Age differed significantly across DDS categories (Kruskal-Wallis H test, p = 0.003), with the severe group being significantly older (72.95 ± 4.38 years). Emotional burden was the dominant subscale across all groups. In multivariable logistic regression, increasing age (aOR = 1.163 per year; 95% CI: 1.055-1.282; p = 0.002) and lower educational level (high school vs. basic: aOR = 0.187; p = 0.020) were independently associated with severe distress, whereas metabolic variables were not independently associated with severe distress. ROC analysis identified age ≥ 70 years as an exploratory, sample-derived cut-off (AUC = 0.726, 95% CI 0.602-0.827; sensitivity 84%, specificity 55%). Results were robust in sensitivity analyses that excluded patients with diabetes duration < 5 years. CONCLUSIONS: Severe diabetes distress is more strongly associated with demographic vulnerability than with metabolic burden. Age ≥ 70 years and lower educational attainment may help identify older adults at increased risk of diabetes-related distress, supporting targeted psychological screening strategies in this lifespan stage.","Diseases (Basel, Switzerland)",2026,10.3390/diseases14090332,PMC13605092,Journal Article,screening,PubMed,core,-5,"glycemic=hba1c; risk_factors=age; established_t2d=adults with type 2 diabetes,diabetes duration; experimental=rat"
42764545,Dolutegravir Is Associated With Lower Odds of Gestational Diabetes Compared to Other Antiretroviral Therapy Regimens Among Pregnant Women in India: A Cross-Sectional Analysis.,"INTRODUCTION: In non-pregnant adults living with HIV, dolutegravir is associated with weight gain and increased type 2 diabetes risk. In pregnancy, data on the effect of dolutegravir on gestational diabetes (GDM) risk is inconclusive. Data are particularly limited in Asian populations, where diabetes risk is especially high and not always associated with weight gain. We examined the association of dolutegravir with GDM among women living with HIV in India. METHODS: We combined data from two cohorts of pregnant women living with HIV conducted at BJ Government Medical College in Pune, India-the PRACHITi study (2016-2019) and the PRAGATHi study (2023-present). Women were screened for GDM with the fasting 2-h 75 g oral glucose tolerance test and diagnosed by World Health Organization criteria. Demographics, anthropometrics, antiretroviral therapy (ART), CD4 count and HIV viral load were collected at screening. Multivariate logistic regression was used to determine the association between current dolutegravir use and GDM. RESULTS: Of 254 women living with HIV, 99.2% (n = 252) were on ART, of whom 66.3% (n = 167) were on dolutegravir-, 22.6% (n = 57) were on efavirenz- and 6.3% (n = 16) were on protease inhibitor (PI)-based ART. Overall, median CD4 count was 549.5 cells/mm3 (IQR 401-753), and 82.2% (n = 198) had undetectable viral load. Median body-mass index (BMI) was 21.3 kg/m2 (IQR 19.4-23.8). The prevalence of GDM was 11.8% (N = 30). Among women on dolutegravir-based ART, the prevalence was 10.8% (N = 18); among women on efavirenz-based ART, the prevalence was 12.3% (N = 7), and the prevalence was 25% (N = 4) among women on PI-based ART. Compared to women not taking dolutegravir, women taking dolutegravir had similar age and BMI but greater weight gain from the second to the third trimester (3.7 vs. 2.9 kg, p <0.01) and infant birthweight percentile (14.2 vs. 6.9, p <0.01). On multivariate logistic regression, dolutegravir use was associated with lower odds of GDM than other ART (aOR 0.2, 95% CI 0.1-1.0) irrespective of viral load and time on ART. Older age (aOR 1.1, 95% CI 1.1-1.2) and second-trimester BMI (aOR 1.2 per kg/m2, 95% CI 1.1-1.3) were also associated with GDM. CONCLUSIONS: Women on dolutegravir had lower odds of GDM compared to women taking other ART, despite greater weight gain. Ongoing studies are investigating the possible anti-inflammatory mechanisms.",Journal of the International AIDS Society,2026,10.1002/jia2.70200,PMC13591013,Journal Article,screening,PubMed,core,12,"glycemic=oral glucose tolerance,oral glucose tolerance test; risk_factors=age,bmi,gestational diabetes"
42763671,Metabolic Predictors and Diagnostic Performance of Fundus Autofluorescence for Diabetic Macular Edema: A Cross-Sectional Diagnostic Accuracy Study Using Swept-Source Optical Coherence Tomography as Reference Standard.,"PURPOSE: To evaluate the diagnostic performance of fundus autofluorescence (FAF) imaging for detecting diabetic macular edema (DME) using swept-source optical coherence tomography (SS-OCT) as the reference standard, and to identify metabolic factors associated with FAF detection accuracy in patients with type 2 diabetes mellitus. PATIENTS AND METHODS: This cross-sectional diagnostic accuracy study enrolled 120 eyes from 68 patients with type 2 diabetes mellitus at the Vitreoretina Subdivision, Department of Ophthalmology, RSUP Dr. Mohammad Hoesin, Palembang, Indonesia, between January 2024 and June 2025. All participants underwent comprehensive ophthalmic examination including FAF imaging and en face SS-OCT (DRI OCT Triton Plus, Topcon). Metabolic parameters including glycated hemoglobin (HbA1c), fasting lipid profile, body mass index (BMI), estimated glomerular filtration rate (eGFR), and diabetes duration were recorded. Diagnostic accuracy indices were calculated using 2×2 contingency tables. Multivariate logistic regression identified metabolic predictors of FAF detection concordance with SS-OCT. RESULTS: DME was present in 78 eyes (65.0%) by SS-OCT. FAF demonstrated sensitivity of 73.1% (95% CI: 61.8-82.5%), specificity of 76.2% (95% CI: 61.5-87.2%), positive predictive value of 85.1%, negative predictive value of 60.4%, positive likelihood ratio of 3.07, negative likelihood ratio of 0.35, and diagnostic odds ratio of 8.68. HbA1c ≥8.5% (OR 3.42, 95% CI: 1.28-9.14, p=0.014), diabetes duration ≥10 years (OR 2.87, 95% CI: 1.15-7.16, p=0.024), and BMI ≥30 kg/m2 (OR 2.31, 95% CI: 0.94-5.68, p=0.068) were independently associated with FAF-OCT concordance. Center-involved DME showed higher FAF sensitivity (82.4%) compared to non-center-involved DME (55.6%, p=0.012). CONCLUSION: FAF imaging demonstrates moderate diagnostic accuracy for DME detection, with performance significantly influenced by metabolic status and DME subtype. Integration of metabolic risk stratification may optimize FAF-based screening in diabetic populations.","Diabetes, metabolic syndrome and obesity : targets and therapy",2026,10.2147/DMSO.S626077,PMC13589541,Journal Article,screening,PubMed,core,0,"glycemic=glycated hemoglobin,hba1c; risk_factors=bmi,body mass index; established_t2d=diabetes duration,patients with type 2 diabetes; experimental=rat"
42758305,Menopause hormone therapy and type 2 diabetes risk and prognosis: systematic review and meta-analyses.,"AIMS/HYPOTHESIS: Menopause hormone therapy (MHT) may have effects on metabolic conditions. This study was conducted to systematically review the literature, to summarise and quantify the effect of MHT on glucose or insulin levels and on new-onset type 2 diabetes among women without type 2 diabetes and to summarise and quantify the effect of MHT on glucose, insulin, lipid and blood pressure levels among women with type 2 diabetes. METHODS: Data from six electronic databases (PubMed, Embase, Cochrane, CINAHL, PsyclNFO and MEDLINE) from inception to 29 July 2025 were searched for randomised controlled trials (RCTs) and cohort studies comparing MHT users with non-users among postmenopausal women or women undergoing the menopausal transition. Eligible studies reported the effects of MHT on glucose metabolism, lipid levels or blood pressure in women with or without type 2 diabetes. The risk of bias in RCTs and cohort studies was assessed with version 2 of the Cochrane risk-of-bias for randomised trials (RoB 2) tool and the Risk of Bias in Non-randomised Studies of Interventions (ROBINS-I) tool, respectively. Certainty of evidence (CoE) was assessed with the Grading of Recommendations Assessment, Development and Evaluation (GRADE) approach. Random-effects models were used to estimate the pooled effects. RESULTS: In total, 49 articles (33 reporting on RCTs and 16 on cohort studies) from 15 countries were identified, involving 1,472,277 participants. The study durations ranged from 1 week to 13.2 years for RCTs and from 6 months to 17 years for cohort studies. Seven of these were assessed as having a low risk of bias. Among women without type 2 diabetes, MHT use was associated with small reductions in fasting insulin (11 studies: N=4262, mean difference [MD] -5.90 pmol/l [95% confidence interval (CI) -8.03, -3.77 pmol/l]; high CoE) and in homeostasis model assessment of insulin resistance score (four studies: N=2883, MD -0.21 [95% CI -0.32, -0.09]; moderate CoE), as well as a lower risk of new-onset type 2 diabetes (14 studies: N=1,450,134, risk ratio 0.83 [95% CI 0.75, 0.92]; very low CoE], compared with non-MHT users. Among women with type 2 diabetes, MHT was associated with small reductions in fasting plasma glucose (16 studies: N=1379, MD -1.07 mmol/l [95% CI -1.86, -0.28 mmol/l]; very low CoE), haemoglobin A1c (17 studies: N=15,720, MD -5.47 mmol/mol [-0.50%] [95% CI -8.32, -2.62 mmol/mol (-0.76, -0.24%)]; very low CoE), cholesterol (15 studies: N=907, MD -0.37 mmol/l [95% CI -0.50, -0.24 mmol/l]; low CoE), low-density lipoprotein cholesterol (16 studies: N=961, MD -0.33 mmol/l [95% CI -0.54, -0.13 mmol/l]; low CoE) and systolic blood pressure (nine studies: N=630, MD -3.43 mmHg (-0.46 kPa) [95% CI -4.88, -1.98 mmHg]; low CoE), compared with non-MHT users. CONCLUSIONS/INTERPRETATION: MHT showed small beneficial associations with glucose metabolism among women with and without type 2 diabetes, while the effect size was generally too small to be clinically significant. Future studies are needed to shed more light on the effect of MHT by initiation age. Study limitations include the predominantly single-reviewer screening and assessment, the high risk of bias of the included studies and restricted geographical representation. REGISTRATION: The study protocol was registered with the International Prospective Register of Systematic Reviews (PROSPERO; CRD420251230387). FUNDING: This work was supported by a National Health and Medical Research Council investigator grant (APP2009577).",Diabetologia,2026,10.1007/s00125-026-06856-6,5898980,Journal Article; Review,screening,PubMed,core,4,"glycemic=fasting plasma glucose; risk_factors=age,insulin resistance; experimental=rat; publication_type=systematic review"
42798681,Necrotizing Oesophagitis Associated with Ketoacidosis: A Case Series Exploring the Diagnostic Dilemma of Metabolic Overlap Syndromes.,"BACKGROUND: Necrotizing esophagitis, or acute esophageal necrosis (AEN), is a rare but serious cause of upper gastrointestinal bleeding, typically associated with critical illness. While traditionally linked to hypoperfusion states, its occurrence in metabolic emergencies-particularly where diabetic ketoacidosis (DKA), alcoholic ketoacidosis (AKA), and starvation ketosis overlap-remains underrecognized. MATERIALS AND METHODS: We present a case series of four patients admitted to a rural Indian hospital with upper gastrointestinal bleeding in the setting of severe metabolic derangement, all diagnosed with AEN on upper gastrointestinal endoscopy. RESULTS: Case 1 involved a patient with type 2 diabetes and chronic alcohol use presenting an ""overlap syndrome"" with extreme lactate elevation (11.6 mmol/L), biochemical pancreatitis (lipase 534 IU/L), and normal ultrasound. Case 2 demonstrated ""pseudo-DKA"" with normal glycated hemoglobin (HbA1c) (5.9%) and acute pancreatitis [lipase 1,946 IU/L, computed tomography (CT)-confirmed]. Case 3 represented a ""cytokine tsunami"" with thyroid storm, DKA, and multi-drug resistant (MDR) sepsis culminating in grade D necrotizing esophagitis. Case 4 illustrated ""two hits from the same bottle""-AKA with portal hypertensive gastropathy (PHG). All patients improved with conservative management. No deaths occurred. CONCLUSION: Acute esophageal necrosis should be considered when upper GI bleeding complicates ketoacidosis. The underlying etiology is often multifactorial, requiring clinicians to look beyond simple diagnostic labels. Recognizing distinct clinical patterns-overlap syndromes, pseudo-DKA, cytokine storms, and dual alcohol-related pathologies-may aid in early diagnosis and severity assessment in resource-limited settings.",Euroasian journal of hepato-gastroenterology,2026,10.5005/jp-journals-10018-1507,PMC13612712,Journal Article,diagnosis,PubMed,core,3,"glycemic=glycated hemoglobin,hba1c; risk_factors=age; experimental=rat"
42798059,Serum FAM19A5 in newly diagnosed type 2 diabetes mellitus and its association with metabolic and inflammatory parameters: A case-control study.,"We aimed to investigate serum levels of FAM19A5, a novel adipokine implicated in inflammation and metabolic regulation, and to examine its association with key metabolic and inflammatory markers in individuals newly diagnosed with type 2 diabetes mellitus (T2DM). This case-control study included 54 patients with newly diagnosed T2DM and 54 age- and sex-matched normoglycemic controls aged 35 to 65 years. Continuous variables were summarized according to their distributions and compared using the independent-samples t test or Mann-Whitney U test, as appropriate. Spearman rank correlation was used to examine associations in the pooled sample, with false discovery rate correction for multiple testing. Subgroup analyses were conducted by metabolic syndrome, insulin resistance, and body mass index (BMI) category. The incremental value of FAM19A5 beyond conventional markers was explored using multivariable logistic regression and DeLong comparisons of the areas under the curve (AUCs). Serum FAM19A5 was lower in the T2DM group than in controls (376.1 [312.1-577.6] vs 554.5 [365.6-1524.2] ng/L; P < .001). In the pooled sample, FAM19A5 was inversely correlated with fasting glucose (ρ = -0.266, P = .005), 2-hour oral glucose tolerance test (ρ = -0.308, P = .001), and HbA1c (ρ = -0.212, P = .028), but not with BMI, waist circumference, lipid parameters, homeostasis model assessment of insulin resistance (HOMA-IR), or high-sensitivity C-reactive protein (hs-CRP). After false discovery rate correction, the associations with fasting and 2-hour oral glucose tolerance test remained significant. Within the T2DM group, FAM19A5 was lower in patients with metabolic syndrome (P = .004), insulin resistance (HOMA-IR > 2.71; P = .023), or BMI ≥25 kg/m² (P = .021). FAM19A5 alone showed poor discrimination for T2DM (AUC: 0.684; sensitivity: 66.7%; specificity: 53.7%). Adding FAM19A5 to a model containing BMI, HOMA-IR, and hs-CRP improved model fit (likelihood-ratio χ² = 13.1, P < .001) but not discrimination (AUC: 0.920 vs 0.943; DeLong P = .154). Serum FAM19A5 levels were lower in newly diagnosed T2DM and remained independently associated with diabetes status after adjustment for BMI, HOMA-IR, and hs-CRP. Correlations with glycemic measures were weak, and FAM19A5 alone had poor discriminatory performance. These findings support further investigation of FAM19A5 as a molecule of potential mechanistic interest, but not as a clinically useful diagnostic biomarker. Larger longitudinal studies are needed.",Medicine,2026,10.1097/MD.0000000000050782,,Journal Article,diagnosis,PubMed,core,12,"glycemic=fasting glucose,hba1c,oral glucose tolerance,oral glucose tolerance test; risk_factors=age,bmi,body mass index,insulin resistance,metabolic syndrome,waist circumference; experimental=rat"
42795278,Feasibility of Multi-Wavelength LED Irradiation on the Skull and Preliminary Glycemic Outcomes in Individuals with Type 2 Diabetes: A Prospective Pilot Study.,"BACKGROUND: Type 2 diabetes mellitus (T2DM) is a chronic metabolic disorder characterized by impaired glucose homeostasis, insulin resistance, and progressive β-cell dysfunction. Increasing evidence suggests that glucose homeostasis is regulated not only by peripheral metabolic organs but also by central nervous system and autonomic pathways. Photobiomodulation (PBM) has been reported to modulate mitochondrial function, oxidative stress, vascular responses, and neural activity; however, its potential influence on glycemic outcomes remains largely unexplored. OBJECTIVE: This prospective pilot study aimed to evaluate the feasibility of applying multi-wavelength LED irradiation to a predefined cranial region and to explore preliminary glycemic outcomes in individuals with T2DM. METHODS: Seven participants with physician-diagnosed T2DM receiving stable antidiabetic medication regimens were enrolled. Multi-wavelength LED irradiation (660, 850, and 940 nm) was applied bilaterally to the predefined S3 region of the skull. Irradiation parameters included an irradiance of 5 mW/cm2 (0.005 W/cm2), an energy density of 4.5 J/cm2, and an exposure duration of 900 s per session. Treatments were administered three times weekly for four weeks (12 sessions). Primary outcome measures included fasting blood glucose (Glucose AC) and glycated hemoglobin (HbA1c). Secondary outcomes included mean blood glucose, fasting insulin, C-peptide, homeostasis model assessment of insulin resistance (HOMA-IR), lipid profile, and C-reactive protein (CRP). Exploratory paired statistical analyses were performed following assessment of data normality using the Shapiro-Wilk test. RESULTS: Following the four-week intervention, fasting blood glucose and mean blood glucose were significantly reduced (p = 0.026 and p = 0.044, respectively), whereas HbA1c demonstrated a borderline reduction (p = 0.051). Changes in fasting insulin, C-peptide, HOMA-IR, lipid profile, and CRP were variable and did not reach statistical significance. No intervention-related adverse events were observed, and all participants completed the study protocol. CONCLUSIONS: Multi-wavelength LED irradiation applied to the predefined S3 region of the skull was feasible, safe, and well tolerated in individuals with T2DM. The observed preliminary glycemic outcomes support the feasibility of further investigation in larger randomized controlled trials. However, because of the small sample size, absence of a control group, and exploratory study design, the present findings should be interpreted cautiously and should not be considered evidence of clinical efficacy or causal effects.","Life (Basel, Switzerland)",2026,10.3390/life16091411,PMC13608685,Journal Article,diagnosis,PubMed,core,6,"glycemic=fasting blood glucose,glycated hemoglobin,hba1c; risk_factors=insulin resistance; experimental=rat"
42793738,Establishment of Serum Cholesterol Sulfate Reference Intervals and Evaluation of Its Diagnostic and Metabolic Associations in Chinese Adults.,"Background/Objectives: Cholesterol sulfate (CS) is a multifunctional signaling molecule implicated in diverse physiological and pathological processes. Its clinical translation as a biomarker is hindered by the lack of established reference intervals, unclear disease-specific alterations, and undefined relationships with routine laboratory parameters. This study aimed to establish a serum CS reference range for Chinese populations, evaluate its associations with various diseases and clinical laboratory parameters, and define its clinical diagnostic utility. Methods: A total of 642 subjects were enrolled, comprising 372 healthy controls and 270 patients with one of six diseases: Alzheimer's disease, osteoporosis, obesity, type 2 diabetes mellitus (T2DM), non-alcoholic fatty liver disease (NAFLD), or Crohn's disease. Serum CS concentrations were quantified using LC-MS/MS. Reference intervals were established using non-parametric methods. Univariate analyses included Spearman's rank correlation, Mann-Whitney U test, and receiver operating characteristic (ROC) curve analysis; multivariate analysis employed a gamma-family generalized linear model (GLM) with a log-link function, incorporating age, sex, clinical laboratory parameters, and disease status as covariates. The age-by-sex interaction was examined to assess synergistic effects. Incremental diagnostic value of CS was evaluated using the DeLong test and likelihood ratio test. Results: The serum CS reference interval for healthy individuals was 0.55-2.24 mg/L (males: 0.60-2.25 mg/L; females: 0.54-2.20 mg/L), with a significant sex difference. The age-by-sex interaction effect was significant (two-way ANOVA interaction p = 0.005; GLM interaction β = 0.102, p = 0.002). Stratified analysis revealed a significant positive correlation between age and CS in males, but no such association in females. In univariate analysis, CS correlated significantly with total cholesterol (TC), non-HDL-C, hemoglobin A1c (HbA1c), and other biomarkers; CS levels were elevated in Alzheimer's disease and reduced in Crohn's disease. In the multivariate GLM, only TC and male sex emerged as independent significant determinants of CS, whereas HbA1c and NAFLD showed borderline effects; no disease group retained independent significance. After adjustment for TC and sex, the residual area under the curves (AUCs) of CS for all diseases were close to 0.50, and DeLong's test indicated no incremental diagnostic value beyond the baseline model (all p > 0.70). Conclusions: This study is the first to establish a serum CS reference range for the Chinese population. Serum CS levels are independently regulated by TC and sex, with a significant age-by-sex interaction. The associations between CS and disease status were largely mediated by confounding from lipid profiles and age. CS is not suitable as an independent disease biomarker but may serve as a supplementary indicator for assessing lipid metabolism-particularly in male populations, where it may indirectly reflect age-related changes in cholesterol metabolism.","Diagnostics (Basel, Switzerland)",2026,10.3390/diagnostics16182953,PMC13605642,Journal Article,diagnosis,PubMed,core,2,"glycemic=hba1c; risk_factors=age,obesity; experimental=rat"
42792737,Association Between the Triglyceride-to-HDL Cholesterol Ratio and Glycemic Control in Patients with Type 2 Diabetes Mellitus: A Real-World Retrospective Study.,"Background and Objectives: The triglyceride-to-high-density lipoprotein cholesterol ratio (TG/HDL-C) is a simple lipid index associated with insulin resistance and atherogenic dyslipidemia. Previous evidence has supported the TG/HDL-C ratio as a simple surrogate marker of insulin resistance and an adverse metabolic profile. However, its relationship with glycemic control in real-world patients with type 2 diabetes mellitus (T2DM) remains uncertain. This study evaluated the association between the TG/HDL-C ratio and poor glycemic control in patients with T2DM. Materials and Methods: This retrospective observational study included patients with T2DM followed in outpatient clinics. Poor glycemic control was defined as glycated hemoglobin A1c (HbA1c) ≥ 7%. The association between the TG/HDL-C ratio and glycemic control was assessed using group comparisons, Spearman correlation, tertile analysis, and multivariable logistic regression adjusted for age, sex, LDL-C, total cholesterol, insulin use, statin use, and fenofibrate use. Receiver operating characteristic (ROC) analysis was used to evaluate the discriminatory performance of the TG/HDL-C ratio for identifying poor glycemic control. A sensitivity analysis was performed after excluding patients receiving fenofibrate. Results: A total of 1001 patients with T2DM were included, of whom 568 (56.7%) had poor glycemic control. The mean age was 60.9 ± 11.4 years, and 57.1% of participants were women. The poor- and adequate-glycemic-control groups were comparable with respect to age and sex. The TG/HDL-C ratio was higher in patients with HbA1c ≥7% than in those with HbA1c < 7% [3.35 (2.35-5.00) vs. 2.74 (1.87-3.82), p < 0.001] and increased progressively across tertiles. In multivariable analysis, the TG/HDL-C ratio remained associated with poor glycemic control after adjustment for available covariates (OR: 1.201, 95% CI: 1.125-1.282, p < 0.001). The association remained significant after excluding fenofibrate users. ROC analysis showed modest discrimination (AUC: 0.601, 95% CI: 0.566-0.636). Conclusions: The TG/HDL-C ratio was associated with poor glycemic control in patients with T2DM, showing a graded association across tertiles. However, its standalone discriminatory performance is modest. Given its modest discriminatory performance, the TG/HDL-C ratio should not be considered a standalone diagnostic or predictive tool for poor glycemic control; rather, it may serve as an accessible adjunctive metabolic marker associated with an adverse glycemic and lipid profile.",Biomedicines,2026,10.3390/biomedicines14091995,PMC13604466,Journal Article,diagnosis,PubMed,core,2,"glycemic=glycated hemoglobin,hba1c; risk_factors=age,dyslipidemia,insulin resistance; established_t2d=patients with t2dm,patients with type 2 diabetes; experimental=rat"
42798338,Effects of short-bout accumulated physical activity and sedentary-break interventions on continuous glucose monitoring metrics in adults with type 2 diabetes: A systematic review and meta-analysis.,"OBJECTIVE: Glycated hemoglobin does not fully capture postprandial hyperglycemia or intraday glycemic fluctuation, whereas continuous glucose monitoring (CGM) characterizes mean glucose, hyperglycemic exposure, and glycemic variability. Short-bout accumulated physical activity and sedentary-break interventions are low-burden strategies that can be integrated into daily routines, but their overall effects on CGM-derived outcomes in adults with type 2 diabetes remain uncertain. We systematically reviewed and quantitatively synthesized these effects. METHODS: We searched 11 bibliographic and registry sources from inception to 29 July 2026, after an initial eight-database search through 4 June 2026. Randomized and controlled crossover trials were eligible. We retained the original broad eligibility criteria and examined a narrower post-hoc intervention definition in sensitivity analysis. Paired mean differences and standard errors were extracted or reconstructed. Random-effects meta-analysis used restricted maximum likelihood with Hartung-Knapp-Sidik-Jonkman inference. When paired covariance was unavailable, r = 0.50 was used, with r = 0.25 and r = 0.75 sensitivity analyses. Risk of bias was assessed for specific results with crossover RoB 2 and certainty was assessed with GRADE. RESULTS: Thirteen studies were included; 10 studies (175 participants) contributed to the overall mean-glucose synthesis. Short-bout activity reduced mean glucose (MD = -0.71 mmol/L, 95% CI -1.28 to -0.13; p = 0.021), with considerable heterogeneity (I² = 91%; tau² = 0.55) and a prediction interval that included the null value (no effect) (-2.48 to 1.06). Intervention category did not explain heterogeneity (p = 0.628). All leave-one-out estimates remained significant; omitting Dempsey (2017) reduced I² to 5.8% and yielded MD = -0.33 mmol/L (95% CI -0.50 to -0.16). Mean amplitude of glycemic excursions (MAGE) favored activity, whereas glucose standard deviation (SD), coefficient of variation (CV), and time in range (TIR) were inconclusive. Hyperglycemia time was pooled only for compatible thresholds and windows. Certainty ranged from moderate to very low and was low for mean glucose. CONCLUSION: Short-bout accumulated physical activity may reduce CGM-derived mean glucose in adults with type 2 diabetes. Although effects remained favorable across correlation, model, arm-selection, and leave-one-out analyses, considerable heterogeneity and a prediction interval that included the null value (no effect) limit confidence in the effect expected in a new setting. Evidence for other glycemic outcomes and safety remains uncertain. SYSTEMATIC REVIEW REGISTRATION: www.crd.york.ac.uk/prospero, identifier CRD420261415265.",Frontiers in endocrinology,2026,10.3389/fendo.2026.1901259,PMC13612268,Journal Article; Systematic Review; Meta-Analysis,hba1c,PubMed,core,1,"glycemic=glycated hemoglobin; risk_factors=age,physical activity,sedentary; established_t2d=adults with type 2 diabetes; experimental=rat; publication_type=systematic review,meta-analysis"
42798329,The effectiveness of self-care interventions in working-age adults with type 2 diabetes mellitus: a systematic review and meta-analysis.,"BACKGROUND: The prevalence of type 2 diabetes mellitus (T2DM) is rapidly increasing among working-age adults. This group faces unique challenges in sustaining effective self-care due to social and occupational demands. We conducted a systematic review and meta-analysis to evaluate the effectiveness of self-care interventions on glycemic control and self-care behaviors among working-age adults with T2DM. METHODS: We searched nine databases (PubMed, Embase, CINAHL, Cochrane Library, Web of Science, CBM, CNKI, CQVIP, and Wan Fang) to identify randomized controlled trials (RCTs) published from January 2020 to April 2025. Eligible studies included 18-60-year-old adults with T2DM receiving self-care interventions. Review Manager 5.4 was employed to calculate pooled mean differences (MD) with 95% confidence intervals (CI). Risk of bias was assessed using the Cochrane RoB2 tool. RESULTS: Forty-seven RCTs with 6,464 participants met the inclusion criteria. Compared to controls, self-care interventions significantly reduced HbA1c (MD -0.26, 95% CI -0.43 to -0.09), total cholesterol (MD -0.15, 95% CI -0.28 to -0.02), body mass index (MD -0.52, 95% CI -1.01 to -0.03), and increased high-density lipoproteins levels (MD 0.19, 95% CI 0.06 to 0.33). Improvements were also observed in self-care behaviors (SMD 0.74, 95% CI 0.62 to 0.86) and self-efficacy (SMD 1.14, 95% CI 0.51 to 1.76). No significant effects were found for fasting blood glucose or 2-hour plasma glucose. Substantial heterogeneity existed across studies. CONCLUSIONS: Self-care interventions improved glycemic control and related outcomes in working-age adults with T2DM, although high heterogeneity and variable study quality limited interpretation and generalizability. Future trials should adopt standardized reporting systems for interventions, robust design, and longer follow-up to better inform clinical practice and public health policy. SYSTEMATIC REVIEW REGISTRATION: https://www.crd.york.ac.uk/PROSPERO/view/CRD420251037017, identifier CRD420251037017.",Frontiers in endocrinology,2026,10.3389/fendo.2026.1941060,PMC13612269,Journal Article; Systematic Review; Meta-Analysis,hba1c,PubMed,core,5,"glycemic=2-hour plasma glucose,fasting blood glucose,hba1c; risk_factors=age,body mass index; established_t2d=adults with type 2 diabetes; experimental=rat; publication_type=systematic review,meta-analysis"
42796348,Cardiovascular-Kidney-Metabolic Syndrome and Its Hepatic Dimension: A Narrative Review.,"Metabolic syndrome came to the attention of the scientific community several decades ago, and its definition has undergone multiple changes over time. It is currently defined by the coexistence of hypertension, central obesity, dyslipidemia, and impaired glucose metabolism, with insulin resistance, chronic inflammation, and oxidative stress representing important underlying pathophysiological mechanisms. The latter two processes are major promoters of the onset and progression of atherosclerosis. In parallel, many individuals develop metabolic dysfunction-associated steatotic liver disease (MASLD), formerly called non-alcoholic fatty liver disease (NAFLD). Growing evidence indicates that MASLD may interact bidirectionally with cardiovascular, renal, and metabolic dysfunction and may contribute to cardiometabolic risk. These observations have prompted proposals for a broader cardio-reno-hepato-metabolic axis. However, MASLD is not currently included in the established cardiovascular-kidney-metabolic (CKM) definition or staging system, and its incorporation remains an evolving conceptual extension. Prediabetes is a reversible condition characterized by abnormal glucose levels that do not meet the diagnostic criteria for diabetes. The American Diabetes Association defines prediabetes as glycated hemoglobin (HbA1c) = 5.7-6.4%, fasting plasma glucose = 100-125 mg/dL, or two-hour plasma glucose during an oral glucose tolerance test = 140-199 mg/dL. This comprehensive review examines traditional and genetic risk determinants, shared pathophysiological mechanisms, diagnostic strategies, clinical manifestations, emerging phenotypes, circulating microRNAs as non-invasive biomarkers, complications, and the principal therapeutic strategies, including diet, exercise, and pharmacotherapy. Particular attention is given to the recent approvals of resmetirom and semaglutide for metabolic dysfunction-associated steatohepatitis and to the expanding roles of sodium-glucose cotransporter 2 (SGLT2) inhibitors, glucagon-like peptide-1 (GLP-1) receptor agonists and non-steroidal mineralocorticoid receptor antagonists. Cardiovascular, renal, metabolic, and hepatic disorders are frequently present in the same patient. Other individuals may develop this high-risk cluster over time. The aim of this article is to define the interplay between different metabolic conditions and to outline the best approach to diagnosis, monitoring, and effective integrated therapy.","Medicina (Kaunas, Lithuania)",2026,10.3390/medicina62091742,PMC13609224,Journal Article; Review,hba1c,PubMed,core,13,"early_risk=prediabetes; glycemic=fasting plasma glucose,glycated hemoglobin,hba1c,oral glucose tolerance,oral glucose tolerance test,two-hour plasma glucose; risk_factors=central obesity,diet,dyslipidemia,hypertension,insulin resistance,metabolic syndrome,obesity; exclusions=atherosclerosis; experimental=rat; publication_type=narrative review"
42793853,Lifestyle Adherence and Metabolic Control in Adults with Type 2 Diabetes: Development of a Lifestyle Compliance Index.,"Background: Lifestyle modification is central to type 2 diabetes mellitus (T2DM) management, but adherence is difficult to assess in routine care. We developed a pragmatic Lifestyle Compliance Index (LCI) from routinely collected behavioral variables and examined its cross-sectional associations with cardio-renal-metabolic measures. Objectives: To describe the LCI, compare outcomes across adherence categories, evaluate adjusted associations, and quantify incremental discrimination for prevalent metabolic and renal abnormalities. Methods: Adults with T2DM attending a specialized outpatient diabetes clinic in Romania were assessed using a standardized clinical questionnaire and routine laboratory data. The LCI combined seven binary behaviors and graded physical activity (0-2 points; theoretical range 0-9). Group comparisons, unadjusted bivariate and adjusted multivariable regressions, false discovery rate correction, and stratified five-fold cross-validated logistic models were used. Results: Among 232 participants, 231 had a complete LCI; low, moderate, and high adherence included 84 (36.4%), 94 (40.7%), and 53 (22.9%) participants, respectively. Higher LCI scores were associated with lower adiposity, HbA1c, TyG index, triglycerides, creatinine, and SCORE2-Diabetes risk and with higher eGFR. In models adjusted for age, sex, and diabetes duration, each LCI point was associated with lower odds of obesity (aOR 0.749), elevated TyG index (0.757), albuminuria (0.716), reduced eGFR (0.802), and HbA1c ≥ 7% (0.833). Adding LCI improved cross-validated discrimination most for albuminuria (AUC 0.482 to 0.642), obesity (0.489 to 0.619), and elevated TyG index (0.524 to 0.646). The baseline albuminuria AUC was below chance, and the extended AUC remained modest. Conclusions: In this cross-sectional sample, higher self-reported lifestyle adherence was associated with a more favorable cardio-renal-metabolic profile. The LCI should be considered exploratory until validated against objective measures and tested in larger prospective populations.","Diagnostics (Basel, Switzerland)",2026,10.3390/diagnostics16183068,PMC13605148,Journal Article,hba1c,PubMed,core,1,"glycemic=hba1c; risk_factors=age,obesity,physical activity; prevention=lifestyle modification; established_t2d=adults with type 2 diabetes,diabetes duration; experimental=rat"
42786007,"Current antiretrovirals, hyperglycemia, and type 2 diabetes in people with HIV.","People with HIV (PWH) are now effectively treated with antiretroviral therapy, including integrase strand transfer inhibitors (INSTIs) and nucleoside reverse transcriptase inhibitors (NRTIs). In the context of the global obesity epidemic, cardiometabolic complications, including type 2 diabetes, are increasingly common in PWH. In this article, we address the potential diabetogenic role of some current antiretrovirals. Beyond classical risk factors, INSTIs could promote diabetes through weight gain and drug-specific effects. They can also, rarely, induce severe acute ketosis-prone hyperglycemia. Because INSTIs and some NRTIs could alter insulin and lipid levels, standard indices of insulin resistance may be unreliable. Diabetes management generally follows recommendations for the general population, with the use of glucagon-like peptide-1 receptor agonists and sodium glucose cotransporter 2 inhibitors to reduce glycated hemoglobin A1c, weight, and cardiometabolic risk.",Trends in endocrinology and metabolism: TEM,2026,10.1016/j.tem.2026.09.001,,Journal Article; Review,hba1c,PubMed,core,9,"glycemic=glycated hemoglobin; risk_factors=age,insulin resistance,obesity"
42783806,Association Between Obesity Severity and Bioelectrical Impedance Analysis-Derived Metabolic Age in Individuals with Type 2 Diabetes Mellitus.,"BACKGROUND: Metabolic age (Met-Age), a bioelectrical impedance analysis (BIA)-derived index based on basal metabolic rate (BMR) and body composition, has been associated with cardiometabolic risk. However, its relationship with body mass index (BMI)-defined obesity severity in individuals with type 2 diabetes mellitus (T2DM) remains unclear. This study investigated the association between obesity severity and Met-Age and identified factors associated with Met-Age. METHODS: In this retrospective observational study, 683 adults with T2DM were classified into five BMI categories: normal weight, overweight, and class I, II, and III obesity. Anthropometric, laboratory, and BIA-derived body composition data were analyzed using correlation and sex-stratified multivariable linear regression analyses. RESULTS: Although chronological age did not differ significantly across groups, Met-Age increased progressively with increasing obesity severity (p < 0.001). The Jonckheere-Terpstra test confirmed a significant ordered increase in Met-Age across BMI categories. BMI, fat mass, and waist-to-height ratio (WHtR) also increased progressively with increasing obesity severity. In the multivariable regression analyses, chronological age and WHtR were positively associated with Met-Age in both sexes, whereas muscle mass showed a weak inverse association with Met-Age only in female participants. No significant correlations were found between Met-Age and fasting blood glucose (FBG) or hemoglobin A1c (HbA1c) levels (all p > 0.05). CONCLUSIONS: In individuals with T2DM, greater obesity severity was associated with higher BIA-derived Met-Age. WHtR was positively associated with Met-Age in both sexes, whereas muscle mass showed a weak inverse association among female participants. Met-Age may serve as a descriptive index reflecting body composition and metabolic characteristics; however, its incremental clinical value beyond BMI and WHtR remains unproven.",Metabolites,2026,10.3390/metabo16090681,PMC13609596,Journal Article,hba1c,PubMed,core,9,"glycemic=fasting blood glucose,hba1c; risk_factors=age,bmi,body mass index,obesity,overweight; experimental=rat"
42783241,Clinical Correlates of Type 2 Diabetes Self-Management in Adults: A Cross-Sectional Study.,"BACKGROUND: Diabetes self-management is essential for type 2 diabetes care, but cross-sectional associations may be distorted when questionnaire scores are incorrectly derived or converted into arbitrary categories. We evaluated clinical and sociodemographic correlates of the continuous Diabetes Self-Management Questionnaire (DSMQ) total score in a secondary analysis of an outpatient clinical database. METHODS: The analysis included 262 adults with type 2 diabetes recruited between 1 November 2025 and 1 May 2026. DSMQ total and subscale scores were independently recalculated from the 16 item-level responses using the published scoring algorithm. The primary analysis retained the DSMQ score as a continuous outcome. The database provided a participant-level count of documented glucose measurements > 250 mg/dL. This operational count was not treated as a standardized clinical event or severity category; individual measurement timestamps, participant-specific observation duration, and the total number of glucose measurements were unavailable. RESULTS: The recalculated DSMQ score was 5.26 ± 2.35 (median 5.10; interquartile range 3.12-7.08). Among 261 participants with an interpretable sex code, 144 (55.2%) were women. In univariable analyses, lower DSMQ scores were concurrently associated with longer diabetes duration, a higher recorded severe-hyperglycemia count, higher HbA1c, and higher fasting glucose. In the adjusted model (n = 261), the recorded severe-hyperglycemia count remained negatively associated with DSMQ score (adjusted coefficient -0.412 points per recorded episode; 95% confidence interval -0.621 to -0.203; p < 0.001). Individualized versus hospital-based education was not independently associated with the corrected score. A beta-regression sensitivity analysis produced a concordant direction of association (coefficient -0.152 on the logit mean scale; p < 0.001). The linear model explained 17.2% of observed variance (adjusted R2 = 0.136), with an optimism-corrected R2 of 0.099. CONCLUSIONS: The recorded severe-hyperglycemia count was a concurrent correlate of lower DSMQ score. Because the study is cross-sectional and glucose-measurement counts were preaggregated without observation-time or monitoring-frequency data, the findings do not establish temporal direction, causality, or individual-level clinical prediction. Item-level score verification and continuous-outcome analysis materially changed the interpretation of the dataset.","Diseases (Basel, Switzerland)",2026,10.3390/diseases14090348,PMC13605858,Journal Article,hba1c,PubMed,core,-2,"glycemic=fasting glucose,hba1c; risk_factors=age; established_t2d=adults with type 2 diabetes,diabetes duration; experimental=rat"
42787147,Association of the CUN-BAE index with glycemic outcomes in individuals with impaired fasting glucose: a retrospective multicenter Chinese cohort study.,"BACKGROUND: Diabetes mellitus (DM) poses a significant global public health challenge, with impaired fasting glucose (IFG) representing a critical prediabetic state. The Clínica Universidad de Navarra-Body Adiposity Estimator (CUN-BAE) index, a body fat estimator integrating body mass index (BMI), age, and gender, has shown promise in assessing cardiometabolic risk. However, its longitudinal association with bidirectional glycemic transitions, specifically reversion to normoglycemia and progression to DM, in individuals with IFG remains unclear. This study aimed to evaluate the association between baseline CUN-BAE index and glycemic outcomes in a Chinese IFG population. METHODS: This retrospective multicenter cohort study included 26,247 adults with baseline IFG from a health screening program. The CUN-BAE index was calculated using a standardized formula. Cox proportional hazards regression, restricted cubic spline models, and threshold effect analyses were employed to assess associations between the CUN-BAE index and glycemic outcomes, with adjustments for confounders. Subgroup and sensitivity analyses were conducted to verify robustness. RESULTS: Higher CUN-BAE index levels were independently associated with a reduced probability of reversion to normoglycemia (adjusted HR 0.99 per unit increase; 95% CI 0.98-0.99) and an increased risk of DM progression (adjusted HR 1.04; 95% CI 1.03-1.04). Nonlinear relationships were identified, with threshold effects at CUN-BAE index = 24.53 for reversion and CUN-BAE index = 22.51 for progression. The CUN-BAE index quartile analysis demonstrated a graded association, with the highest CUN-BAE index quartile showing a significantly elevated risk of diabetes and a reduced rate of reversion to normoglycemia. CONCLUSION: Higher CUN-BAE index levels are strongly and independently associated with adverse glycemic transitions in IFG individuals, with higher values indicating poorer outcomes. Its nonlinear associations and threshold effects support its utility for risk stratification and personalized intervention strategies in prediabetes management.",Frontiers in nutrition,2026,10.3389/fnut.2026.1813094,PMC13600847,Journal Article,fasting_glucose,PubMed,core,15,"early_risk=prediabetes,prediabetic; glycemic=fasting glucose,impaired fasting glucose; risk_factors=age,bmi,body mass index; experimental=rat"
42786582,Alcohol consumption and colorectal cancer risk in prediabetes and diabetes: a nationwide cohort study.,"BACKGROUND: The impact of light-to-moderate alcohol consumption on colorectal cancer (CRC) risk remains uncertain. We examined whether a dose-response association exists between alcohol consumption and CRC risk and whether it differs by glycemic status. METHODS: A nationwide cohort of 4,475,492 adults undergoing health screening provided by Korean National Health Insurance Service in 2012 was analyzed. Participants were followed until CRC development, death, or December 31, 2022 (median follow-up, 9.33 years). Alcohol intake was categorized as none, light-to-moderate (male, <30 g/day; female, <20 g/day), or heavy. Incident CRC identified using ICD-10-CM and cancer-specific reimbursement codes served as the primary outcome. RESULTS: During follow-up, 51,592 participants developed CRC. Worse glycemic status was significantly associated with increased risk of CRC (hazard ratio [HR], 1.11 [95% CI, 1.09-1.13] for impaired fasting glucose (IFG); HR, 1.26 [95% CI, 1.23-1.29] for diabetes). Light-to-moderate alcohol consumption significantly and synergistically increased CRC risk in individuals with IFG (HR, 1.23 [95% CI, 1.19-1.27]; synergy index, 1.72 [95% CI, 1.40-2.04]) and in those with diabetes (HR, 1.48 [95% CI, 1.42-1.54]; synergy index, 2.04 [95% CI, 1.84-2.25]). Greater alcohol intake amount and frequency showed a linear dose-response association with increased risk of all subsites of colorectal cancer across all glycemic categories (except normoglycemia for proximal colon cancer), with the steepest gradient for diabetes. CONCLUSIONS: Even light-to-moderate alcohol consumption was associated with increased CRC risk; therefore, strict restriction of alcohol intake may help reduce this risk, particularly among individuals with IFG or diabetes.",Journal of the National Cancer Institute,2026,10.1093/jnci/djag340,,Journal Article,fasting_glucose,PubMed,core,0,"early_risk=prediabetes; glycemic=fasting glucose,impaired fasting glucose; exclusions=cancer; experimental=rat"
42780359,Clinical characteristics of subclinical carotid atherosclerosis in middle-aged and elderly populations with different glucose metabolism statuses: a cross-sectional study.,"BACKGROUND: Subclinical carotid atherosclerosis (SCAS) is linked to cardiovascular events, yet its characteristics across various glucose metabolism statuses remain unclear. This study investigated SCAS prevalence and its association with dysglycemia in a community-dwelling population. METHODS: In this cross-sectional study (September-December 2021, Beijing), 4,964 middle-aged and elderly residents underwent 75 g oral glucose tolerance tests and were categorized into normal glucose tolerance (NGT), prediabetes [including isolated impaired fasting glucose [IFG], isolated impaired glucose tolerance [IGT], and combined IFG + IGT], and new-onset diabetes mellitus (DM). Standardized carotid ultrasonography assessed carotid intima-media thickness (CIMT) and plaque presence. Multivariable logistic regression was used to identify factors associated with SCAS in the whole cohort and in the prediabetic subgroup, with adjustment for age, sex, blood pressure, body mass index, and lipid profiles. RESULTS: The cohort comprised 2,224 NGT, 2,022 prediabetes (758 IFG, 569 IGT, 695 mixed), and 718 DM participants. Anthropometric and metabolic parameters progressively worsened with increasing glucose dysregulation severity. SCAS prevalence was highest in the DM group (70.5%), followed by prediabetes (66.8%) and NGT (62.2%) (p < 0.05). Within the prediabetic cohort, SCAS was significantly more prevalent in the IGT group than the IFG group (63.5% vs. 55.8%, p < 0.05). After full adjustment, compared with NGT, both prediabetes (OR = 1.28, 95% CI: 1.10-1.49) and new-onset DM (OR = 1.52, 95% CI: 1.25-1.85) remained independently associated with SCAS (both p < 0.01). In the prediabetic subgroup, factors independently associated with SCAS included age, sex, 2 h postprandial glucose, total cholesterol, and HDL-C (protective). CONCLUSION: The prevalence of SCAS varies significantly across glucose metabolism statuses. Both new-onset diabetes and prediabetes-particularly the IGT phenotype-are closely associated with a higher burden of SCAS, independent of traditional cardiovascular risk factors. These findings provide a rationale for evaluating early screening strategies in future prospective studies, but prospective cohort studies are needed to establish causal relationships and to determine the clinical implications.",Frontiers in cardiovascular medicine,2026,10.3389/fcvm.2026.1868434,PMC13597245,Journal Article,fasting_glucose,PubMed,core,10,"early_risk=new-onset diabetes,prediabetes,prediabetic; glycemic=fasting glucose,impaired fasting glucose,impaired glucose tolerance,oral glucose tolerance,oral glucose tolerance test; risk_factors=age,body mass index; exclusions=atherosclerosis,carotid atherosclerosis; experimental=rat"
42764571,Evaluating Imeglimin as a Novel Therapeutic Action Type 2 Diabetes Mellitus: A Systematic Review and Meta-Analysis.,"INTRODUCTION/OBJECTIVE: Imeglimin is the first agent of the novel glimin class that targets mitochondrial dysfunction, a key pathophysiological mechanism underlying type 2 diabetes mellitus (T2DM). This systematic review and meta-analysis aimed to evaluate the efficacy and safety of imeglimin in patients with T2DM. METHODS: A systematic literature search was conducted in PubMed, Scopus, Embase, and the Cochrane Central Register of Controlled Trials (CENTRAL) from database inception to December 2025. Randomized controlled trials (RCTs) and prospective observational studies evaluating imeglimin as monotherapy or combination therapy were included. Risk of bias was assessed using the Cochrane RoB 2.0 and ROBINS-I tools. Continuous outcomes were pooled as mean differences (MDs) and dichotomous outcomes as risk ratios (RRs) with 95% confidence intervals (CIs). RESULTS: Twenty-four studies were included in the qualitative synthesis, comprising 13 experimental studies and 11 observational studies. Thirteen RCTs involving 1,925 participants were eligible for quantitative meta-analysis. Imeglimin significantly reduced glycated haemoglobin (HbA1c) compared with control therapy (MD -0.21%; 95% CI: -0.25 to -0.17), although substantial heterogeneity was observed (I2 = 96.1%). Fasting plasma glucose (FPG) was also significantly reduced (MD -0.97 mmol/L; 95% CI: -1.08 to -0.86; I2 = 92.3%). No statistically significant increase in serious adverse events was identified. Gastrointestinal adverse events were primarily dose-related and generally mild. Although the pooled analysis showed an increased risk of hypoglycaemia, subgroup analyses were limited by low event rates and wide confidence intervals. DISCUSSION: Imeglimin demonstrated consistent improvements in glycaemic control, particularly when used in combination with other antidiabetic therapies. Variations in study design, treatment duration, baseline glycaemic status, and comparator regimens likely contributed to the observed heterogeneity. CONCLUSION: Imeglimin is an effective glucose-lowering therapy with an acceptable safety profile in patients with T2DM. Optimal efficacy appears to be achieved at doses of 1000-1500 mg twice daily, particularly as add-on therapy. Further large-scale, long-term studies are required to evaluate cardiovascular and renal outcomes and establish its role in routine clinical practice.",Current diabetes reviews,2026,10.2174/0115733998495947260828082811,,Journal Article,fasting_glucose,PubMed,core,0,"glycemic=fasting plasma glucose,hba1c; risk_factors=age; established_t2d=patients with t2dm; experimental=rat; publication_type=systematic review,meta-analysis"
42752803,Beyond Traditional Glycemic Measures: CGM Glycemic Profiles Reveal Associations With Cardiometabolic Risk in Individuals Without Diabetes.,"OBJECTIVE: Fasting plasma glucose (FPG) and hemoglobin A1c (HbA1c) may not fully capture the heterogeneity underlying dysglycemia or its associations with cardiometabolic risk factors (CMRFs). We cross-sectionally investigated whether continuous glucose monitoring (CGM) measures and glycemic profiles could reveal 10-year cardiovascular disease (CVD) risk and individual CMRFs among individuals without diabetes. RESEARCH DESIGN AND METHODS: We included 1,356 participants without prevalent diabetes or CVD from the Framingham Heart Study, who wore a blinded Dexcom G6 Pro CGM for up to 10 days. CGM glycemic profiles were characterized using 1) binary classification of glycemic burden and variability and 2) unsupervised clustering of CGM measures. We performed multivariable-adjusted linear and logistic regression models to examine associations of CGM measures and profiles with 10-year CVD risk estimates (PREVENT equations) and individual CMRFs. RESULTS: Participants' mean was age 59.3 years; 55.8% were women, and 92.6% were non-Hispanic White. CGM measures were positively associated with 10-year CVD risk estimates and CMRFs. For example, 1 SD higher percentage of time spent at glucose levels >140 mg/dL (15.4%) was associated with 2% higher 10-year CVD risk estimates and 21-26% higher odds of hypertension and dyslipidemia, even after adjusting for FPG. Glycemic profiles representing higher CGM dysglycemia revealed discordance with traditionally defined glycemic status (FPG and HbA1c). Although 48.1-84.2% of individuals with traditionally defined prediabetes were included in CGM profiles representing higher dysglycemia, such profiles were associated with 6-7% higher 10-year CVD risk estimates, in addition to worse CMRFs. CONCLUSIONS: Glycemic measures reflective of continuous glucose dynamics may provide additional insights into cardiometabolic risk beyond traditional measures.",Diabetes care,2026,10.2337/dc26-1197,,Journal Article,fasting_glucose,PubMed,core,16,"early_risk=prediabetes; glycemic=fasting plasma glucose,hba1c; risk_factors=age,dyslipidemia,hypertension"
42745769,"Incremental effects of SGLT2 inhibitors, GLP-1 receptor agonists, and pioglitazone in type 2 diabetes and MASLD across Asian study settings: a systematic review and meta-analysis.","OBJECTIVE: We evaluated the incremental hepatic and metabolic effects of adding sodium-glucose cotransporter 2 (SGLT2) inhibitors, glucagon-like peptide-1 receptor agonists (GLP-1RAs), or pioglitazone to comparable background glucose-lowering therapy in Asian adults with type 2 diabetes mellitus (T2DM) and metabolic dysfunction-associated steatotic liver disease (MASLD). METHODS: We systematically searched PubMed, Embase, the Cochrane Library, and Web of Science through 30 June 2026. Two reviewers independently screened studies, extracted data, and assessed risk of bias. Eligible trials evaluated the addition of a study drug to background glucose-lowering management that was comparable between randomized groups and either remained stable or followed a prespecified adjustment protocol. Changes from baseline in alanine aminotransferase (ALT) and glycated hemoglobin (HbA1c) were coprimary outcomes. Secondary outcomes included aspartate aminotransferase, gamma-glutamyl transferase, magnetic resonance imaging-proton density fat fraction, liver stiffness, fibrosis-4 index, fasting plasma glucose, lipid parameters, body mass index, serum adiponectin, and systolic blood pressure. Random-effects pairwise meta-analyses were performed, and GRADE certainty was assessed for the two coprimary outcomes. Safety outcomes were synthesized narratively because reporting was heterogeneous and frequently incomplete. RESULTS: We included eleven randomized trials: 692 participants were randomized into eligible comparisons, of which 642 participated in the coprimary efficacy analyses. Moderate certainty was found for a reduction in ALT with the addition of an SGLT2 inhibitor compared with background therapy alone (mean difference [MD], - 7.56 U/L; 95% confidence interval [CI], - 11.24 to - 3.88); however, there was little or no clinically important further benefit observed for HbA1c (MD, - 0.09%; 95% CI, - 0.27 to 0.08; moderate certainty). Modest reductions in ALT were suggested by moderate certainty for GLP-1RAs (MD, - 6.71 U/L; 95% CI, - 11.53 to - 1.89) while low certainty indicated an HbA1c reduction (MD, - 0.48%; 95% CI, - 0.83 to - 0.14). Secondary exploratory findings favoring add-on therapy existed, although they are unadjusted for multiplicity. The comparative safety could not be assessed reliably. CONCLUSION: In short-term randomized trials conducted in Asian study settings, adding SGLT2 inhibitors or GLP-1RAs may improve selected hepatic and metabolic surrogate outcomes. The available evidence does not support a treatment-class ranking, and the durability and clinical significance of these changes remain uncertain because follow-up was short and several comparisons were based on sparse evidence. Comparative safety also remains uncertain because adverse-event reporting was heterogeneous and incomplete. SYSTEMATIC REVIEW REGISTRATION: https://www.crd.york.ac.uk/PROSPERO/, identifier CRD420251231137.",Frontiers in endocrinology,2026,10.3389/fendo.2026.1942151,PMC13574646,Journal Article; Systematic Review; Meta-Analysis,fasting_glucose,PubMed,core,5,"glycemic=fasting plasma glucose,glycated hemoglobin,hba1c; risk_factors=age,body mass index; established_t2d=adults with type 2 diabetes; experimental=rat; publication_type=systematic review,meta-analysis"
42740899,"Early insulin initiation in type 2 diabetes: efficacy, safety, and clinical implications: a systematic review with narrative synthesis.","AIMS/BACKGROUND: Early insulin initiation in type 2 diabetes mellitus (T2DM) is proposed to improve glycemic control, preserve β-cell function, and potentially reduce long-term complications. Evidence suggests that starting insulin within five years of diagnosis may offer additional metabolic benefits, but its clinical impact remains uncertain. This systematic review aimed to evaluate the efficacy, safety, and challenges of early insulin use in T2DM. METHODS: We systematically searched PubMed, Cochrane Library, Scopus, and Controlled Trials Register for studies published from 2010 to 2024, including adults with T2DM who initiated insulin within five years of diagnosis. Sixteen studies met inclusion criteria (9 RCTs, 7 observational), totaling 44, 045 participants. Two reviewers independently extracted data on glycemic outcomes, adverse events, and long-term complications. Risk of bias was assessed using the Cochrane tool for RCTs and the JBI checklist for observational studies. Due to substantial clinical and methodological heterogeneity, a meta-analysis was not performed, and findings were synthesized narratively. RESULTS: Early insulin therapy significantly reduced HbA1c (by 0.8-2.3%, p<0.05) and fasting glucose (by 1.2-2.4 mmol/L). Hypoglycemia occurred in 8-15% of insulin users compared to 3-10% with oral agents; severe episodes were rare (<2%). Weight gain over 2 kg was reported in nearly half of the studies. CONCLUSION: Early insulin initiation improves glycemic outcomes and may preserve β-cell function. However, increased risks of hypoglycemia and weight gain warrant individualized treatment decisions. Future studies should adopt standardized definitions and assess long-term cardiovascular outcomes. SYSTEMATIC REVIEW REGISTRATION: https://www.crd.york.ac.uk/prospero/, identifier CRD42024508356.",Frontiers in endocrinology,2026,10.3389/fendo.2026.1843227,PMC13572116,Journal Article; Systematic Review,fasting_glucose,PubMed,core,5,"glycemic=fasting glucose,hba1c; risk_factors=age; experimental=rat; publication_type=systematic review,meta-analysis"
42740863,"Risk factors for incident type 2 diabetes among adults with impaired fasting glucose: a comparison of three regression models accounting for competing mortality in Liuzhou, Guangxi, China.","OBJECTIVES: Impaired fasting glucose (IFG) is a prediabetic precursor of type 2 diabetes (T2DM). Few long-term cohorts with substantial competing mortality compare risk estimates from logistic, Cox and Fine-Gray regression. This study aimed to examine cross-model discrepancies and demonstrate model-dependent bias in IFG risk inference. METHODS: We followed 913 Chinese IFG adults recruited in Liuzhou, Guangxi (2004-2008) for up to 20 years until 31 December 2024 (median 17.83 years). Three regression models were used to identify fully adjusted T2DM predictors. RESULTS: Fasting glucose, body fat percentage and older age were consistent positive predictors; female sex was persistently protective. Body mass index (BMI) ≥28 kg/m2 and waist-to-hip ratio showed divergent results across models. Hypertension lacked independent effects in all models, and enrollment year was significant only in Cox regression. CONCLUSIONS: Statistical model choice alters risk factor conclusions in IFG cohorts with high competing mortality. Joint interpretation of complementary regression methods is recommended.",Preventive medicine reports,2026,10.1016/j.pmedr.2026.103616,PMC13572089,Journal Article,fasting_glucose,PubMed,core,17,"early_risk=incident type 2 diabetes,prediabetic; glycemic=fasting glucose,impaired fasting glucose; risk_factors=age,bmi,body mass index,hypertension; experimental=rat"
42739203,Ferritin and Soluble Transferrin Receptor Beyond Inflammation: Independent Associations with Fasting Glucose and Metabolic Syndrome in a Central Asian Cohort.,"Background/Objectives: Metabolic syndrome (MetS) is a major global public health concern associated with an increased risk of cardiovascular disease and type 2 diabetes mellitus. Iron metabolism has been implicated, but the storage (ferritin) and functional (soluble transferrin receptor, sTfR) axes are rarely assessed within a single model. We aimed to determine whether both axes are independently associated with glycaemia and MetS and to evaluate their diagnostic value. Materials and Methods: A cross-sectional study was conducted in 297 adults (72.8% women) from Turkestan, Kazakhstan. Hierarchical regression models with sequential adjustment were applied for age, sex, body mass index (BMI), high-sensitivity C-reactive protein (hs-CRP), dietary inflammatory index (DII), HFE H63D genotype, and gamma-glutamyl transferase (GGT). Path analysis and receiver operating characteristic (ROC) analysis were also performed. Results: Ferritin and sTfR were independently associated with fasting glucose (β = 0.27 and 0.73, respectively) and metabolic syndrome (OR = 1.52 and 4.53, respectively). When analyzed separately, neither biomarker reached statistical significance for MetS (ferritin: OR = 1.20, p = 0.140; sTfR: OR = 1.93, p = 0.072). Ferritin demonstrated no discriminatory ability in men (AUC = 0.500, 95% CI 0.370-0.630) and modest discrimination in women (AUC = 0.652, 95% CI 0.571-0.732). GGT accounted for approximately 28% of the ferritin-glucose association in a path-analytic model. Ferritin, GGT, and HbA1c levels increased progressively even among individuals with 0-2 MetS components. Conclusions: Both the storage and functional axes of iron metabolism provide independent information on glycaemic status, but their associations become apparent only when assessed simultaneously. Ferritin alone is not suitable as a diagnostic marker for metabolic syndrome.","Diagnostics (Basel, Switzerland)",2026,10.3390/diagnostics16172773,PMC13565190,Journal Article,fasting_glucose,PubMed,core,9,"glycemic=fasting glucose,hba1c; risk_factors=age,bmi,body mass index,diet,dietary,metabolic syndrome; experimental=rat"
42788129,Insulin Resistance and Beta Cell Function in Hepatogenous Diabetes.,"INTRODUCTION: The present study aimed to examine the change in beta cell function and insulin resistance (IR) over 6 months in patients with liver cirrhosis (LC) and hepatogenous diabetes (HD) and to assess their correlation with liver disease severity. METHODS: One hundred and seventy-three patients with LC without a prior history/risk factors of type 2 diabetes mellitus and with non-diabetic fasting blood glucose and glycated haemoglobin were subjected to a 75-g oral glucose tolerance test (OGTT). Those with 2-h plasma glucose ≥140 mg/dl were categorised as having HD. Plasma insulin and glucose were analysed during OGTT. Indices for IR and beta cell function, such as Homeostatic Model Assessment for Insulin Resistance (HOMA-IR), oral glucose sensitivity index - 3 h (OGIS-3h) and insulinogenic index (IGI) were examined at baseline and repeated after a 6-month follow-up. RESULTS: HD was detected in 65.8% (114/173) of the study cohort. Eighty-nine patients were recruited to the study, and 40 were available for follow-up. The majority (89.8%) were males with a mean body mass index of 23 ± 4.1 kg/m2. Alcohol was the most common cause of LC (76.4%), and most (84.3%) belonged to Child-Turcot-Pugh (CTP) classes B and C. Plasma fasting insulin and HOMA-IR values were significantly higher in higher CTP classes and worsened at the 6-month follow-up. Peripheral insulin sensitivity measured by OGIS-3h was significantly worse in patients with a worse Model for End-Stage Liver Disease value at baseline but did not change during follow-up. Beta cell function measured by IGI was neither different across CTP classes at baseline nor changed during follow-up. CONCLUSION: Peripheral hyperinsulinaemia and IR, rather than beta cell dysfunction, predominate in patients with LC and glucose abnormalities on OGTT and worsen with worsening liver dysfunction.",Indian journal of endocrinology and metabolism,2026,10.4103/ijem.ijem_863_25,PMC13609918,Journal Article,oral_glucose_tolerance,PubMed,core,10,"glycemic=fasting blood glucose,ogtt,oral glucose tolerance,oral glucose tolerance test; risk_factors=age,body mass index,insulin resistance; experimental=rat"
42778404,Rapid progression of β-cell dysfunction in a patient with glycogen storage disease type 1a complicated by diabetes: longitudinal assessment by serial OGTTs with a review of the literature.,"Glycogen storage disease type 1a (GSD1a) is characterized by hypoglycemia in childhood; however, cases complicated by diabetes in adulthood have increasingly been reported. The clinical phenotype of GSD1a appears heterogeneous, and insulin secretory capacity in the patients has not been fully characterized. Herein, we report the case of a 20-year-old woman with GSD1a who was initially diagnosed with type 2 diabetes in early adulthood. The patient's glycemic control gradually deteriorated despite administration of oral antidiabetic agents. Longitudinal evaluation using 75-g oral glucose tolerance tests demonstrated a marked decline in insulin secretion within 10 months. Based on these findings, insulin therapy was initiated, resulting in stable glycemic control. This case suggests that rapid β-cell decompensation occurs during the clinical course of early-onset diabetes in young patients with GSD1a.",Endocrine journal,2026,10.1507/endocrj.EJ26-0310,,Journal Article,oral_glucose_tolerance,PubMed,core,6,"glycemic=ogtt,oral glucose tolerance,oral glucose tolerance test; risk_factors=age; experimental=rat"
42738624,Phytochemical Characterization of Freeze-Dried Stenocereus stellatus Seeds and Their Antihyperglycemic Activity in Experimental Prediabetes and Type 2 Diabetes.,"BACKGROUND: Prediabetes and type 2 diabetes (T2D) are characterized by progressive impairment of glucose homeostasis. This study aimed to expand the phytochemical profile of freeze-dried Stenocereus stellatus (red tunillo) seeds and evaluate their antihyperglycemic activity in experimental models of prediabetes (PDB) and T2D. RESULTS: Phytochemical screening and UPLC-QTOF-MSE revealed a chemically diverse profile. Six chromatographic features were putatively annotated on the basis of accurate mass, elemental composition, isotopic pattern, and high-energy data; the confidence of these annotations varied among features because authentic standards were not analyzed. Fourteen-day oral administration of freeze-dried seeds reduced blood glucose and improved glucose tolerance in prediabetic rats. In T2D rats, treatment reduced hyperglycemia and enhanced the glucose-lowering response to exogenous insulin, although the overall glucose excursion during the OGTT was not significantly improved. METHODS: Female rats with PDB and male rats with T2D were fed freeze-dried S. stellatus seeds at 100 and 200 mg kg-1, respectively, for 14 consecutive days. CONCLUSIONS: Freeze-dried S. stellatus seeds showed antihyperglycemic activity in both experimental models. Further quantitative, mechanistic, and long-term studies are required to define the contribution of individual metabolites and assess translational relevance.","Molecules (Basel, Switzerland)",2026,10.3390/molecules31172964,PMC13567401,Journal Article,oral_glucose_tolerance,PubMed,core,1,"early_risk=prediabetes,prediabetic; glycemic=ogtt; experimental=rat,rats"
42733155,OGTT-Derived β-Cell Function-Based Stratification of 2-Year Glycaemic Transitions in Chinese Adults With Prediabetes.,"AIMS: Prediabetes is heterogeneous, with variable progression to diabetes or reversion to normoglycemia. We evaluated whether the insulin secretion-sensitivity index-2 (ISSI-2), an oral glucose tolerance test (OGTT)-derived integrated surrogate of β-cell function relative to insulin sensitivity and prevailing glycemia, was associated with baseline glycaemic profiles and 2-year transitions in Chinese adults with prediabetes. We also examined whether these associations differed from those of the homeostasis model assessment of insulin resistance (HOMA-IR) and whether cohort-specific index-based groups combining ISSI-2 and HOMA-IR stratified transition risk. MATERIALS AND METHODS: We analysed 645 Chinese adults with prediabetes and complete baseline OGTT glucose and insulin measurements from a multicentre lifestyle intervention cohort; 410 had 2-year outcomes. ISSI-2 and HOMA-IR were examined in relation to baseline glycaemic measures and 2-year progression or reversion using multivariable regression. RESULTS: Higher ISSI-2 was associated with lower FPG, 1-h PG, 2-h PG and HbA1c, with the strongest association observed for 1-h PG (β per 1-SD increase -1.189 mmol/L; p < 0.001). During follow-up, 136 participants progressed to diabetes and 61 reverted to normoglycemia. Each 1-SD increase in ISSI-2 was associated with lower progression risk (OR 0.505, 95% CI: 0.382-0.668) and higher likelihood of reversion (OR 1.447, 95% CI: 1.106-1.893), whereas HOMA-IR showed less consistent associations. Compared with the Low IR + higher ISSI-2 group, the dual-defect group (higher HOMA-IR and lower ISSI-2) had higher progression risk (OR 2.764, 95% CI: 1.459-5.237). CONCLUSIONS: ISSI-2 was associated with baseline glycaemic profiles and bidirectional 2-year transitions in Chinese adults with prediabetes. OGTT-derived β-cell function assessment may complement conventional glycaemic classification for short-term risk stratification, pending validation in independent cohorts.","Diabetes, obesity & metabolism",2026,10.1111/dom.71310,,Journal Article,oral_glucose_tolerance,PubMed,core,16,"early_risk=prediabetes,progression to diabetes; glycemic=hba1c,ogtt,oral glucose tolerance,oral glucose tolerance test; risk_factors=insulin resistance; prevention=lifestyle intervention; experimental=rat"
42714766,Gestational weight loss relative to prepregnancy weight in women with gestational diabetes: impact on maternal and neonatal outcomes.,"PURPOSE: Gestational weight loss (GWL) of overweight or obese women with gestational diabetes (GDM) during the third trimester has been associated with lower risk of macrosomia, caesarean delivery (CS) or neonatal intensive care unit (NICU) admission but with higher risk of preterm delivery (PTD) and small-for-gestational-age (SGA). We studied the association between GWL during the whole pregnancy and perinatal outcomes. METHODS: We conducted a retrospective study of the Portuguese national GDM database including all women with singleton pregnancies diagnosed by 24-28 week OGTT (oral glucose tolerance test) who delivered a liveborn infant and had recorded perinatal outcomes and gestational weight change. GWL was defined as weight loss between the maternal weight at delivery and pregestational weight. RESULTS: Among 7768 women, 180 (2.3%) had GWL; they had higher BMI, more frequent family history of type 2 diabetes, previous GDM, chronic hypertension, multiparity, higher fasting OGTT glucose and more frequent metformin treatment than women without GWL. GWL was associated with higher odds of PTD (OR 2.35, 95%CI 1.40-3.97, p- value = 0.001) and SGA (2.71, 1.70-4.33, p-value < 0.001) and lower odds of CS (0.62, 0.44-0.88, p-value = 0.006) and LGA (0.40, 0.22-0.70, p-value = 0.002), with non significant associations for HDP, NH, RDS and NICU admission. CONCLUSION: GWL was uncommon among women with GDM and was associated with over 2.3-fold higher risk of PTD, 2.7-fold higher risk of SGA newborns, and a 48% lower risk of CS and 60% lower risk of LGA infants.",Endocrine,2026,10.1007/s12020-026-04768-4,6888512,Journal Article,oral_glucose_tolerance,PubMed,core,19,"glycemic=ogtt,oral glucose tolerance,oral glucose tolerance test; risk_factors=age,bmi,family history,gestational diabetes,hypertension,overweight; prevention=weight loss"
42711084,Optimised carbohydrate dietary intervention for improving metabolic health in adults with prediabetes: study protocol for a multicentre randomised controlled trial.,"INTRODUCTION: Dietary modification is an important strategy for the prevention of type 2 diabetes, with fibre intake recognised as a key factor in promoting metabolic health. Resistant starch (RS), a type of fermentable dietary fibre, has emerged as a promising therapeutic approach due to its association with weight loss, enhanced insulin sensitivity and improved glucose metabolism. As nutritional research progresses, the focus has shifted from individual nutrients to overall dietary patterns. Based on this concept, this study aims to investigate the metabolic effects of a dietary pattern that optimises carbohydrate structure by increasing RS intake and reducing rapidly digestible carbohydrate in adults with pre-diabetes. METHODS AND ANALYSIS: This is a multicentre, randomised, parallel-controlled clinical trial, which will enrol 250 adults diagnosed with pre-diabetes. Eligible participants will undergo randomisation to receive either a guideline-based conventional diet or an optimised carbohydrate diet (OCD). In the OCD intervention, daily RS intake will be increased to approximately 40 g, with fibre intake rising to 20-40 g per 1000 kcal. At the same time, the intake of rapidly digestible starch and free sugars will be reduced. The intervention will last for 6 months, followed by a 3-month post-intervention follow-up period. The primary outcome is the change in postprandial glycaemic response, assessed using the incremental area under the curve (iAUC) for plasma glucose during the oral glucose tolerance test (OGTT). Secondary outcomes include the proportion of participants achieving remission to normoglycaemia or progressing to type 2 diabetes, changes in other glucose- and lipid-related metabolic parameters and changes in lifestyle-related behavioural factors. Exploratory outcomes will include changes in appetite-related hormones, circulating cytokines, immune function and multi-omics profiles. ETHICS AND DISSEMINATION: This study was approved by the Ethics Committee of Shanghai Sixth People's Hospital Affiliated to Shanghai Jiao Tong University School of Medicine (Approval No. 2025-122; Protocol V.1.0, 20250811) and the Ethics Committee of Shenzhen Center for Chronic Disease Control (Approval No. SZCCC-2024-011-01-PJ) and registered in the Chinese Clinical Trial Registry. Findings from this study will be disseminated in peer-reviewed journal publications. TRIAL REGISTRATION NUMBER: ChiCTR2500113583.",BMJ open,2026,10.1136/bmjopen-2026-123231,PMC13561004,Journal Article; Clinical Trial Protocol,oral_glucose_tolerance,PubMed,core,18,"early_risk=prediabetes; glycemic=ogtt,oral glucose tolerance,oral glucose tolerance test; risk_factors=diet,dietary; prevention=dietary intervention,weight loss; experimental=rat; publication_type=guideline"
42709983,Comparison of Traditional Chinese Exercise and Equipment-Based Exercise on Glycaemic Control and Vitamin D Levels in Middle-Aged and Elderly Patients With Prediabetes: A Randomised Controlled Trial.,"BACKGROUND: Prediabetes is a critical window for preventing progression to type 2 diabetes mellitus (T2DM). Both vitamin D deficiency and physical inactivity are associated with impaired glucose metabolism. This study compared the effects of Traditional Chinese Exercise (TCE) and Kuanle Equipment Exercise (KEE) on glycaemic measures, lipid profiles, body composition and serum 25-hydroxyvitamin D3 [25(OH)D3] in middle-aged and elderly adults with prediabetes. METHODS: We conducted a 12-week, single-centre, randomised controlled trial involving 62 participants with prediabetes (mean age 55.2 ± 8.4 years; 88.7% female). Participants were randomly assigned to control (usual care, n = 21), TCE (n = 20), or KEE (n = 21). Primary outcomes included fasting plasma glucose (FPG), 2-h OGTT glucose, glycated haemoglobin (HbA1c) and serum 25(OH)D3. Secondary outcomes comprised triglycerides, total cholesterol, LDL-C, HDL-C and body composition. RESULTS: At baseline, mean serum 25(OH)D3 was 21.53 ± 3.90 nmol/L. At 12 weeks, both TCE and KEE improved FPG, 2-h OGTT glucose, HbA1c and 25(OH)D3 versus control (all p ≤ 0.001). Relative changes in FPG were -9.4% (TCE) and -15.2% (KEE) versus -1.5% (control); corresponding changes were -14.6% and -21.2% for 2-h OGTT glucose, -6.7% and -12.9% for HbA1c, and +60.6% and +81.9% for 25(OH)D3. Direct TCE-KEE comparisons were not significant (all p > 0.05). In an exploratory analysis, change in 25(OH)D3 was inversely associated with change in 2-h OGTT glucose (partial r = -0.358, p = 0.006), but not with FPG, HbA1c, or triglycerides. CONCLUSIONS: Both TCE and KEE improved glycaemic outcomes and increased serum 25(OH)D3 compared with usual care in middle-aged and elderly adults with prediabetes. Although KEE produced numerically larger estimates, direct between-group comparisons were not significant, and the superiority of KEE over TCE was not established. These vitamin D findings require confirmation in trials that quantify sunlight exposure and dietary vitamin D intake.","Endocrinology, diabetes & metabolism",2026,10.1002/edm2.70326,PMC13552993,Journal Article; Randomized Controlled Trial; Comparative Study,oral_glucose_tolerance,PubMed,core,20,"early_risk=prediabetes,progression to type 2 diabetes; glycemic=fasting plasma glucose,hba1c,ogtt; risk_factors=age,diet,dietary,physical inactivity; experimental=rat"
42708616,Postpartum Glycaemic Phenotype and Continuous Glucose Monitoring at 4-6 Years After Gestational Diabetes Defined by Different Diagnostic Criteria.,"AIM: To characterise glycaemic outcomes 4-6 years postpartum according to gestational diabetes mellitus (GDM) diagnostic thresholds and evaluate whether continuous glucose monitoring (CGM) identifies differences not captured by conventional clinical measures. METHODS: Women recruited before and after introduction of WHO GDM criteria were followed at 4 and 6 years postpartum. At each follow-up, participants underwent oral glucose tolerance testing (OGTT), HbA1c measurement, body composition assessment and 14-day CGM. Based on pregnancy OGTT results and the diagnostic criteria in use at the time of testing, women were classified as meeting EASD 1991 criteria (GDMOLD; higher glucose thresholds), meeting WHO 2013 criteria but not EASD 1991 without diagnosis and treatment (GDMWHO-) or meeting WHO 2013 criteria with diagnosis and treatment (GDMWHO+). RESULTS: Women classified as GDMOLD had higher fasting glucose at both follow-ups compared with women meeting only WHO 2013 criteria, and showed greater hyperglycaemic exposure and glycaemic variability on CGM. Time above range, coefficient of variation and mean amplitude of glycaemic excursions were consistently higher in GDMOLD group, and differences remained significant after adjustment for pregnancy glucose levels. Within the WHO-defined groups, conventional clinical measures did not differ between women with and without a GDM diagnosis, whereas CGM detected modest differences in mean glucose and time above range over time. Approximately 50% of women meeting only WHO 2013 criteria had prediabetes. CGM metrics were strongly associated with OGTT-derived glucose and HbA1c but only weakly with anthropometric and blood lipid measures. BMI and body fat percentage did not differ between groups. CONCLUSIONS: Long-term glycaemic risk aligns with diagnostic thresholds used during pregnancy. Women diagnosed by older, higher thresholds exhibit a persistently less favourable glycaemic profile. Women meeting the lower WHO 2013 glucose thresholds represent a large group with a high prevalence of prediabetes, regardless of diagnosis during pregnancy. CGM detects modest differences in free-living glycaemic patterns not apparent from conventional clinical measures.",Journal of diabetes research,2026,10.1155/jdr/7103883,PMC13552220,Journal Article,oral_glucose_tolerance,PubMed,core,19,"early_risk=prediabetes; glycemic=fasting glucose,hba1c,ogtt,oral glucose tolerance,oral glucose tolerance test; risk_factors=age,bmi,gestational diabetes"
42699490,Big Data and Diabetes: Seven-Year Data from Pakistan's Nation-Wide Laboratory Network.,"INTRODUCTION: Diabetes has become a prominent worldwide public health issue, with its prevalence notably higher in lower middle-income countries. Pakistan ranks third globally in terms of number of individuals diagnosed with Type 2 Diabetes Mellitus and have highest prevalence of diabetes throughout the world. The objective of current study was to assess the frequency of diabetes in relation to demographics utilizing laboratory data of individuals residing in Pakistan. METHODS: Biochemical data of HbA1c, fasting and random plasma glucose, and oral glucose tolerance test were retrieved from Laboratory Information System analyzed in Pathology and Laboratory Medicine department from Jan 2016 to Dec 2022. Specimens were received from Aga Khan University laboratories' network, which is spread over the country. For interpretation of biochemical tests' values American Diabetes Association (ADA) criteria was applied. RESULTS: After removal of duplicates and missing data, the final sample included 4,260,171 unique individuals. Diabetes was present in 35.9% of the overall population, with the highest incidence (55.6%) recorded in males aged 35 to 59 years. Diabetes was significantly associated with advancing age and gender (p<0.001). Individuals who had the fasting blood glucose ≥ 126 mg/dl were (n=372,050), HbA1c exceeding 6.5% were (n=762,940) the random blood glucose ≥ 200 mg/dl were (n=128,820), OGTT level ≥ 200 mg/dl were (n=487) and diabetes confirmed with more than one diagnostic test were (n=505,609). CONCLUSION: The study, based on dataset of around 4.2 million individuals, revealed an overall diabetes frequency of 35.9%, with highest prevalence in middle-aged group (55.6%), and significant associations with both advancing age and gender.",EJIFCC,2026,,PMC13543477,Journal Article,oral_glucose_tolerance,PubMed,core,6,"glycemic=fasting blood glucose,hba1c,ogtt,oral glucose tolerance,oral glucose tolerance test; risk_factors=age; experimental=rat"
42677460,Blood Metabolomic Signatures of 1-Hour Glucose Predict Cardiometabolic Risk.,"BACKGROUND: Elevated 1-hour glucose levels during an oral glucose tolerance test strongly predict type 2 diabetes (T2D) and cardiovascular disease. We investigated whether the fasting blood metabolome predicting 1-hour glucose could be a target for improving β-cell function, long-term glycemic trajectories, and reducing the risks of T2D and coronary heart disease. We also investigated whether plasma microRNAs derived from key metabolic organs regulate changes in a metabolomic risk score (MRS) for predicting 1-hour glucose. METHODS: Untargeted blood metabolomics and a frequently sampled 75-g oral glucose tolerance test were performed in participants from the OmniCarb trial (n=162). In an independent weight-loss dietary intervention trial (POUNDS Lost [Preventing Overweight Using Novel Dietary Strategies]), temporal changes in MRS and plasma microRNAs measured by genome-wide sequencing were analyzed. In addition, associations of MRS at baseline and its 10-year changes with long-term risk of incident T2D and coronary heart disease were prospectively investigated in the NHS (Nurses' Health Study). RESULTS: We created a fasting blood MRS for predicting 1-hour glucose (Pearson r=0.8) and found significant associations with half-day (diurnal) postprandial glucose excursions and insulin secretion after 5-week controlled feeding interventions varying in carbohydrate amount and glycemic index. In the POUNDS Lost trial, diet-induced changes in MRSs were related to 2-year trajectories of glucose metabolism; circulating microRNAs regulating cardiometabolic abnormalities were pivotal factors influencing these changes. In the NHS, women in the top 20% of MRS had a multivariate-adjusted relative risk of 3.80 (95% CI, 2.22-6.51) for T2D and 1.48 (95% CI, 1.04-2.12) for coronary heart disease compared with those in the lowest 20%. In addition, 10-year increases in plasma metabolites related to 1-hour glucose were linearly associated with a higher risk of T2D. CONCLUSIONS: Our findings indicate that fasting blood metabolomic signatures predicting elevated 1-hour glucose reflect disease pathophysiology and could be targets for preventing T2D and coronary heart disease.",Circulation research,2026,10.1161/CIRCRESAHA.125.327816,,Journal Article,oral_glucose_tolerance,PubMed,core,13,"early_risk=risk score; glycemic=oral glucose tolerance,oral glucose tolerance test; risk_factors=diet,dietary,overweight; prevention=dietary intervention; experimental=rat"
42666198,Association of one-hour postload plasma glucose combined with metabolic dysfunction-associated steatotic liver disease and FIB-4 screening positivity with elevated LDL cholesterol and cerebrovascular stenosis.,"BACKGROUND: Metabolic dysfunction-associated steatotic liver disease (MASLD) is highly prevalent in type 2 diabetes mellitus (T2DM) and amplifies cardiovascular and metabolic burden. Elevated low-density lipoprotein cholesterol (LDL-C) is a key driver of atherosclerotic cerebrovascular stenosis, and MASLD-mediated hepatic lipid dysregulation is closely linked to LDL-C metabolism. One-hour postload plasma glucose (1h-PG) reflects early beta-cell dysfunction and may synergistically contribute to cerebrovascular injury alongside the MASLD/FIB-4 phenotype. METHODS: This single-center retrospective cross-sectional study enrolled 312 treatment-naïve adults with newly diagnosed T2DM, of whom 278 completed a standardized 75-g oral glucose tolerance test (OGTT; age 24-78 years). The primary outcome was ultrasound-confirmed MASLD combined with age-specific FIB-4 screening positivity (age <65 years: FIB-4 ≥1.30; age ≥65 years: FIB-4 ≥2.00). Secondary outcomes included elevated LDL-C (≥3.4 mmol/L) and cerebrovascular stenosis (≥50% luminal narrowing in major intracranial or extracranial arteries). RESULTS: Overall, 199 participants (71.6%) had MASLD and 64 (23.0%) met the primary outcome. Those meeting the primary outcome had significantly higher 1h-PG (17.7 ± 3.7 vs. 14.9 ± 3.8 mmol/L; P<0.001), with an adjusted OR of 1.15 per 1-mmol/L increment (95% CI 1.05-1.26; P = 0.003). Elevated LDL-C was present in 73 participants (26.3%) and cerebrovascular stenosis in 49 (17.6%). The composite group of high 1h-PG (≥Q3) plus MASLD/FIB-4 positivity had the highest stenosis rate (34.8% vs. 6.0%), with an adjusted OR of 2.61 (95% CI 1.23-5.55; P = 0.012). Adding LDL-C attenuated the OR from 3.42 to 2.61 (~24%), indicating partial mediation. The AUC improved from 0.661 (1h-PG alone) to 0.726 (combined model). CONCLUSIONS: In newly diagnosed T2DM, elevated 1h-PG was associated with MASLD/FIB-4 positivity; their combination was further linked to higher LDL-C and increased cerebrovascular stenosis risk, with LDL-C potentially acting as a partial mediator. The combined model showed improved discriminative ability, though validation in larger multicenter cohorts remains warranted.",Frontiers in endocrinology,2026,10.3389/fendo.2026.1887611,PMC13521856,Journal Article,oral_glucose_tolerance,PubMed,core,6,"glycemic=ogtt,oral glucose tolerance,oral glucose tolerance test; risk_factors=age; experimental=rat"
42656588,Glycemia-based predictors of T2D development in adults with obesity and prediabetes: SURMOUNT-1 post hoc analysis.,"OBJECTIVE: This post hoc analysis aimed to assess the predictive value of glycemia-based criteria for development of type 2 diabetes (T2D) among adults with obesity and prediabetes in the 3-year SURMOUNT-1 study. METHODS: We evaluated the sensitivity, specificity, and positive and negative predictive value of each of the following exploratory criteria for their ability to correctly identify incident T2D cases in the placebo group: oral glucose tolerance test (OGTT) 1-h glucose ≥155 mg/dL (≥8.6 mmol/L), fasting serum glucose (FSG) ≥ 110 mg/dL (≥6.1 mmol/L), and hemoglobin A1c (HbA1c) ≥ 6% (≥42.1 mmol/mol). RESULTS: The OGTT 1-h glucose, FSG, and HbA1c based criteria, respectively, had a sensitivity of 0.83, 0.50, and 0.47; specificity of 0.25, 0.87, and 0.69; positive predictive value of 0.15, 0.37, and 0.19; and negative predictive value of 0.91, 0.92, and 0.90. Tirzepatide treatment was associated with a 90% to 99% reduction in new-onset T2D in the high-risk groups, vs 68% to 91% in the standard risk groups using the 3 different criteria. CONCLUSION: In this post hoc analysis, we found that OGTT 1-h glucose ≥155 mg/dL (≥8.6 mmol/L) may be a useful criterion to better identify those at high risk of incident T2D. Tirzepatide treatment was highly effective in T2D prevention compared with placebo, regardless of the high-risk criteria used. These findings may guide in the identification of people in whom intensive therapies could be considered to prevent new-onset T2D.",Journal of the Endocrine Society,2026,10.1210/jendso/bvag190,PMC13507312,Journal Article,oral_glucose_tolerance,PubMed,core,10,"early_risk=prediabetes; glycemic=hba1c,ogtt,oral glucose tolerance,oral glucose tolerance test; risk_factors=obesity; experimental=rat"
42620256,Adverse cardio-metabolic risk profile and epicardial adiposity in patients with adrenal adenoma: a cross-sectional study.,"BACKGROUND: Mild autonomous cortisol secretion (MACS) is associated with an increased cardiovascular mortality, but even patients with non-functioning adrenal adenoma (NFA) might be at risk for cardio-metabolic comorbidities compared to a control group with absence of an adrenal tumor (CON). MATERIAL AND METHODS: Seventyfour individuals were included in cross-sectional analysis [MACS: n=25(84% females), age: 63(55-67)years, BMI:27.00(24.20-30.50)kg/m2; NFA: n=25(84%females), age: 61(54-68)years, BMI:28.50(27.50-32.20)kg/m2 and CON: n=24 (75%females), age: 58 (51-64)years, BMI: 27.39(22.03-30.17) kg/m2]. Visceral and ectopic fat stores, as well as heart function were assessed by magnetic resonance imaging and spectroscopy. Blood pressure was measured by standardized protocols. Blood was drawn in the fasting state and during an oral glucose tolerance test to assess glucose and lipid metabolism. RESULTS: The prevalence of hypertension (MACS:84% vs NFA:76% vs CON: 43.5%), dyslipidemia (MACS:96% vs NFA:80% vs CON:62.5%) and prediabetes (MACS:56% vs. NFA:72% vs CON:29.2%) was significantly different between the groups. Markers of glucose metabolism were worse in MACS and best in CON (HbA1c: 5.70 (5.40-5.90)% vs 5.50 (5.40-5.80)% vs 5.40 (5.27-5.60)%, p=0.043); HOMA_IR:2.91(2.19-4.15) vs 2.55 (1.57- 4.97) vs 1.73 (1.00-2.61), p=0.007). epicardial adipose tissue area was highest in MACS patients, followed by NFA, with lowest values in CON (MACS:1159.68 (930.38-1454.11) mm2 vs NFA: 873.23 (638.03-1195.33) mm2 vs CON:672.37 (549.44-890.30) mm2, p<0.001). No relevant between-group-differences in cardiac morphology, intramyocardial fat or intrahepatic fat were observed. CONCLUSIONS: In this exploratory study, MACS was associated with epicardial adiposity and an adverse cardio-metabolic risk profile.",Frontiers in endocrinology,2026,10.3389/fendo.2026.1898271,PMC13485594,Journal Article,oral_glucose_tolerance,PubMed,core,16,"early_risk=prediabetes; glycemic=hba1c,oral glucose tolerance,oral glucose tolerance test; risk_factors=age,bmi,dyslipidemia,hypertension; experimental=rat"
42609412,The Metabolic Legacy of Acute Pancreatitis: Post-Pancreatitis Diabetes Mellitus.,"Post-pancreatitis diabetes mellitus after acute pancreatitis (PPDM-A) is increasingly recognized as a distinct metabolic complication rather than a simple subtype of type 2 diabetes. This narrative review summarizes current evidence on PPDM-A, with emphasis on terminology, diagnostic timing, epidemiology, pathophysiology, risk factors, clinical phenotypes, screening, prevention, and long-term follow-up. A structured literature search was conducted in PubMed/MEDLINE, Scopus, and Google Scholar to identify relevant studies. PPDM-A may develop after mild, moderately severe, or severe acute pancreatitis, although the risk is greatest in patients with pancreatic necrosis, recurrent attacks, exocrine pancreatic dysfunction, obesity, dyslipidemia, fatty liver disease, metabolic comorbidities, and marked in-hospital glycemic variability. A major diagnostic challenge is distinguishing transient stress hyperglycemia and previously unrecognized diabetes from incident PPDM-A. Formal diagnosis should generally be established no earlier than 90 days after the index episode of acute pancreatitis to minimize misclassification due to transient stress-related dysglycemia. Follow-up assessment should combine fasting plasma glucose and HbA1c, whereas a 75-g oral glucose tolerance test (OGTT) may provide greater sensitivity during early recovery, particularly when HbA1c is unreliable, results are borderline or discordant, or isolated postprandial dysglycemia is suspected. Current evidence indicates that PPDM-A develops through interacting pathogenic domains, including pancreatic endocrine injury with impaired β-cell reserve, metabolic dysregulation characterized by insulin resistance and persistent inflammation, exocrine pancreatic dysfunction with nutritional consequences, and emerging mechanisms involving gut microbiome alterations, bile acid-FGF19 signaling, and extracellular vesicle-mediated communication. Available data support a trajectory-based model in which some patients recover normal glucose metabolism, some develop persistent intermediate dysglycemia, and others progress to overt diabetes over months or years. Structured post-discharge surveillance, risk-stratified follow-up, assessment of exocrine dysfunction, and prevention of recurrent pancreatic injury are essential for improving early detection, reducing diagnostic misclassification, and optimizing long-term clinical outcomes.",Clinical and experimental gastroenterology,2026,10.2147/CEG.S635877,PMC13478238,Journal Article; Review,oral_glucose_tolerance,PubMed,core,12,"glycemic=fasting plasma glucose,hba1c,ogtt,oral glucose tolerance,oral glucose tolerance test; risk_factors=dyslipidemia,insulin resistance,obesity; experimental=rat; publication_type=narrative review"
42597012,Continuous glucose monitoring profiles during postpartum glucose tolerance test results among people with gestational diabetes.,"OBJECTIVE: Current guidance recommends universal screening with a postpartum oral glucose tolerance testing (OGTT) 4-12 weeks following delivery among pregnancies complicated by gestational diabetes mellitus (GDM) to identify or assess risk for prediabetes and type 2 diabetes (T2D). Continuous glucose monitoring (CGM) is not currently a tool for screening for T2D among pregnant or postpartum people. Our objective was to assess CGM data during the postpartum OGTT. METHODS: This was a secondary analysis of a trial that randomized people with GDM to CGM versus capillary blood glucose (CBG). Participants were included if CGM data were available during their OGTT. Our primary outcome was mean glucose during the postpartum OGTT (75 g 2-h challenge), comparing those with dysglycemia on OGTT (fasting ≥100 mg/dL and/or 2-h ≥140 mg/dL) to normal OGTT results. RESULTS: A total of 51 patients met the inclusion criteria for this secondary analysis. Mean CGM glucoses were higher at all time points for those with dysglycemia compared with a normal OGTT result. Among those with dysglycemia, the mean fasting plasma glucose was 104.3 ± 10.5 and the mean 2-h plasma glucose was 129.9 ± 37.5. For those with normal OGTT results, the mean fasting plasma glucose was 89.8 ± 5.2 and the mean 2-h plasma glucose was 103.5 ± 17.9. When stratified by GDM type, mean CGM glucose was similar between groups. CONCLUSION: In this study, we found that glucose measured by CGM follows the expected curve in response to the postpartum OGTT among individuals with pregnancies complicated by GDM. Those with dysglycemia had higher mean CGM glucose at all time points assessed. Future studies will need to assess the role of CGM in risk stratifying those with dysglycemia postpartum without an OGTT.","Pregnancy (Hoboken, N.J.)",2025,10.1002/pmf2.70143,PMC13344718,Journal Article,oral_glucose_tolerance,PubMed,core,10,"early_risk=prediabetes; glycemic=fasting plasma glucose,ogtt,oral glucose tolerance,oral glucose tolerance test; risk_factors=gestational diabetes; experimental=rat"
42590022,Association Between HbA1c Levels and Postpartum Depressive Symptoms: Insights from Edinburgh Postnatal Depression Scale Screening After Gestational Diabetes Mellitus.,"Background/Objectives: Depressive symptoms are more frequent following pregnancies complicated by gestational diabetes mellitus (GDM), prompting postpartum depression screening recommendations in the German S3 guideline. Although GDM is associated with increased postpartum depression risk, the relationships between postpartum metabolic parameters and the Edinburgh Postnatal Depression Scale (EPDS) scores remain unclear. We investigated whether metabolic markers measured during diabetes screening 6-12 weeks postpartum are associated with depressive symptoms. Methods: We retrospectively analyzed EPDS screenings conducted during postpartum testing at our inpatient clinic between 07/2021 and 02/2024. The EPDS is a validated 10-item tool (score range 0-30), with scores ≥10 indicating potential depression. Metabolic parameters included HbA1c, the 75 g oral glucose tolerance test (oGTT), insulin, and the Homeostasis Model Assessment index (HOMA index). Group comparisons were performed using non-parametric tests and receiver operating characteristic (ROC) analyses, with the Youden index identifying optimal cutoffs. Results: Among the 102 women presenting for postpartum testing, 43.1% had normal glucose tolerance, 54.9% prediabetes, and 2.0% diabetes. A total of 13.7% (n = 14) screened positive for potential depression, including two who reported suicidal ideations. Women with positive EPDS scores had significantly higher HbA1c [5.7% (38.3 mmol/mol) vs. 5.4% (35.5 mmol/mol), p = 0.013]. An HbA1c cutoff of 5.42% (35.75 mmol/mol) showed discriminatory ability for depressive symptoms with an Area Under the Curve (AUC) of 0.708 (CI 0.567-0.849). Other metabolic parameters showed no significant associations. Conclusions: Elevated postpartum HbA1c is associated with depressive symptoms after GDM pregnancies. An HbA1c threshold of 5.42% (35.75 mmol/mol) may help identify women at increased postpartum depression risk and prompt subsequent psychological assessment when depression screening is otherwise omitted.",Journal of clinical medicine,2026,10.3390/jcm15155919,PMC13466278,Journal Article,oral_glucose_tolerance,PubMed,core,11,"early_risk=diabetes screening,prediabetes; glycemic=hba1c,ogtt,oral glucose tolerance,oral glucose tolerance test; risk_factors=gestational diabetes; exclusions=depression; experimental=rat; publication_type=guideline"
42790129,Prediction models for sarcopenia risk in type 2 diabetes mellitus: A systematic review and meta-analysis.,"OBJECTIVE: To systematically summarise prediction models for sarcopenia in patients with type 2 diabetes mellitus (T2DM), appraise their methodological quality and reporting, and synthesise their discriminative performance. METHODS: PubMed, Web of Science, Embase, Cochrane Library, CNKI, Wanfang and VIP were searched from inception to 22 December 2025 for observational studies developing and/or validating multivariable models (≥2 predictors) for sarcopenia or low muscle mass in adults with T2DM. For studies reporting the area under the receiver operating characteristic curve (AUC), random- or fixed-effects meta-analyses were conducted to pool AUCs for training, internal validation and external validation datasets. RESULTS: Twenty-six studies published between 2020 and 2025 were included, mostly cross-sectional or retrospective studies from China, with one based on US NHANES data. Most models used logistic regression; a few applied machine learning methods. Predictors commonly included age, sex, anthropometric indices, diabetes duration and control, biochemical and nutritional indicators, and muscle-related measures. Internal validation was frequently performed, whereas external validation was limited. Seventeen studies contributed training-set AUCs (pooled AUC 0.885, 95% CI 0.858-0.913; I2 = 93.10%), and eleven contributed internal validation AUCs (pooled AUC 0.859, 95% CI 0.812-0.905; I2 = 94.90%). Only two studies contributed external validation AUCs for pooling, yielding a pooled AUC of 0.945 (95% CI 0.923-0.966; I2 = 0.00%); this result should be interpreted cautiously because of the very limited external validation evidence. CONCLUSIONS: Existing prediction models for sarcopenia or low muscle mass in T2DM patients show promising discrimination, but limitations in analysis methods, reporting and external validation may affect their robustness and generalisability. Future work should strengthen methodological rigor and reporting in line with PROBAST and TRIPOD to facilitate reliable clinical use.",Journal of diabetes and its complications,2026,10.1016/j.jdiacomp.2026.109416,,Journal Article; Review,risk_factors,PubMed,core,-2,"early_risk=prediction model; risk_factors=age; exclusions=sarcopenia; established_t2d=diabetes duration,patients with type 2 diabetes; experimental=rat; publication_type=systematic review,meta-analysis"
42781403,Metabolic Risk Predictors Associated With the Onset of Vascular Complications Among Patients With Type 2 Diabetes in Zambia: A Retrospective Statistical Modeling Study.,"BACKGROUND AND AIMS: Diabetes mellitus contributes significantly to the global disease burden, affecting approximately 537 million adults worldwide, with over 75% residing in low and middle-income countries (LMICs). In Zambia, evidence on metabolic predictors of vascular complications among patients with Type 2 Diabetes Mellitus (T2DM) is limited. This study aimed to estimate the incidence of vascular complications and identify metabolic and clinical factors associated with their occurrence among newly diagnosed T2DM patients. METHODS: A retrospective cohort study was conducted among 315 adults aged ≥ 18 years, randomly selected from the University Teaching Hospital Diabetes Clinic registry in Zambia. Participants diagnosed between January 2013 and December 2016 were followed up until December 2023. Cox proportional hazards regression models estimated hazard ratios (HRs) at 95% confidence intervals, with best-fitting model identified using Akaike Information Criterion. Statistical significance was set at p < 0.05. RESULTS: Of 315 participants, 52.1% were female, with a mean age of 49.6 ± 13.5 years. Increasing age (HR = 1.047, 95% CI: 1.02-1.07, p = 0.001), hypertension (HR = 2.196, 95% CI: 1.58-3.03, p < 0.001), elevated cholesterol (HR = 1.533, 95% CI: 1.00-2.33, p = 0.048), and poor glycaemic control (HR = 10.047, 95% CI: 2.04-49.31, p = 0.004) were predictors. Overweight and obesity increased risk (HR = 2.035, 95% CI: 1.24-3.33, p = 0.005; HR = 1.812, 95% CI: 1.13-2.90, p = 0.005). Age-glycated hemoglobin interaction (HR = 1.006, 95% CI: 0.934-0.989, p = 0.007) indicated amplified poor glycaemic control effect with advancing age. CONCLUSION: Advancing age, hypertension, dyslipidaemia, obesity, and poor glycaemic control were key predictors. Age-HbA1c interaction underscores need for age-sensitive management. Integrating metabolic risk prediction could enhance early detection, risk stratification, and prevention, reducing diabetes burden in Zambia and LMICs.",Health science reports,2026,10.1002/hsr2.73294,PMC13598807,Journal Article,risk_factors,PubMed,core,8,"early_risk=risk prediction; glycemic=glycated hemoglobin,hba1c; risk_factors=age,hypertension,obesity,overweight; exclusions=vascular complication; established_t2d=patients with type 2 diabetes; experimental=rat"
42793011,Effect-Allele Frequencies at Cardiometabolic Risk Loci in an Uzbek Cohort from Tashkent: A Central Asian Reference and Priorities for Polygenic Score Validation.,"BACKGROUND/OBJECTIVES: Central Asian populations are almost entirely absent from genomic reference resources, yet Uzbekistan has one of the fastest rates of growth in age-standardised type 2 diabetes (T2D) incidence. Allele frequencies at cardiometabolic risk loci are unknown, limiting the interpretation of polygenic risk scores (PRS) derived elsewhere. We aimed to characterise effect-allele frequencies in an Uzbek cohort from Tashkent and quantify divergence from 1000 Genomes panels to guide future PRS evaluation. METHODS: We genotyped 171 adults from Tashkent (131 with T2D, 40 without) on a custom Agilent SureSelect panel of cardiometabolic candidate SNPs. After quality control, 1939 variants were analysed. Effect-allele frequencies were compared with 1000 Genomes Phase 3 superpopulations (EUR, SAS, EAS, AFR) using Hudson FST and Nei's genetic distance with bootstrap 95% CIs (1000 replicates). Case-control association was assessed descriptively using both unadjusted and age- and sex-adjusted additive logistic regression, with the adjusted model as primary. RESULTS: Reference frequencies were available for 1533 of 1939 variants (1363 at MAF ≥ 0.05). Frequencies clustered with South Asian (FST = 0.077, 95% CI 0.065-0.089) and European panels (FST = 0.086, 95% CI 0.072-0.099), which were indistinguishable (ΔFST = -0.010, 95% CI -0.022 to 0.003) and more divergent from East Asian and African panels. Divergence from the European and South Asian panels was unrelated to nominal association status (Mann-Whitney p = 0.99 and 0.57). In the primary age- and sex-adjusted analysis, no variant survived multiple-testing correction (minimum Bonferroni-adjusted and false-discovery-rate q = 0.28), consistent with the unadjusted sensitivity analysis. CONCLUSIONS: This study provides the first systematic allele-frequency reference for cardiometabolic risk loci in an Uzbek cohort from Tashkent. The profile is closest to South Asian and European panels and identifies PRS from these ancestries as priority candidates for future local validation in Central Asian settings. The case-control analysis was underpowered and is reported descriptively.",Genes,2026,10.3390/genes17091117,PMC13606653,Journal Article,risk_prediction,PubMed,core,1,early_risk=risk score; risk_factors=age; experimental=rat
42792622,Association of the Pan-Immune-Inflammation Value-to-Albumin Ratio as a Novel Cardiovascular Disease Predictor in Type 2 Diabetes: A Prospective Cohort Study.,"Objectives: Individuals with type 2 diabetes (T2D) remain at high cardiovascular disease (CVD) risk. The pan-immune-inflammation value (PIV) integrates circulating neutrophils, monocytes, platelets, and lymphocytes but does not capture albumin-related nutritional and inflammatory reserve. We investigated associations between the PIV-to-albumin ratio (PIVA) and incident CVD, cardiovascular mortality, and disease progression in individuals with T2D. Methods: This prospective study included 15,355 UK Biobank participants with T2D and no baseline CVD. PIVA was calculated from peripheral blood cell counts and serum albumin and was natural log-transformed. Fine-Gray competing-risk and cause-specific Cox models were used to evaluate incident CVD and cardiovascular mortality. Multi-state models characterized transitions from T2D to CVD and death. We also examined nonlinear associations, renal biomarker mediation, joint associations with the CVD polygenic risk score and triglyceride-glucose index, sensitivity analyses, and external validation of cardiovascular mortality in the National Health and Nutrition Examination Survey. Results: During median follow-ups of 12.94 years for incident CVD and 14.49 years for cardiovascular mortality, 4829 incident CVD events and 514 cardiovascular deaths occurred. Each 1-unit increase in lnPIVA was associated with higher risks of incident CVD (subdistribution hazard ratio [sHR], 1.140; 95% confidence interval [CI], 1.088-1.194) and cardiovascular mortality (sHR, 1.449; 95% CI, 1.247-1.684). Associations were nonlinear. Higher lnPIVA was also associated with transitions from T2D to CVD, from T2D directly to cardiovascular death, and from incident CVD to cardiovascular death. Cystatin C explained a larger proportion of these associations than creatinine. Elevated lnPIVA identified excess cardiovascular risk across strata of genetic susceptibility and insulin resistance, and the findings were generally supported by sensitivity and external validation analyses. Conclusions: lnPIVA was associated with incident CVD, cardiovascular mortality, and adverse cardiovascular transitions in individuals with T2D. As an immune-inflammatory and albumin-based index, PIVA may help identify high-risk individuals beyond conventional cardiometabolic and genetic risk profiles.",Biomedicines,2026,10.3390/biomedicines14091878,PMC13604361,Journal Article,risk_prediction,PubMed,core,1,early_risk=risk score; risk_factors=insulin resistance; experimental=rat
42781339,Machine learning-based risk prediction models for type 2 diabetes in primary care: a scoping review.,"BACKGROUND: Type 2 diabetes mellitus (T2DM) is a major global public health challenge, with many individuals remaining undiagnosed until complications develop. Machine learning (ML)-based risk prediction models have the potential to support early identification of individuals at increased risk using primary care data. However, the characteristics and applicability of these models within primary care settings have not been comprehensively mapped. OBJECTIVE: To systematically map the available evidence on machine learning (ML)-based models for risk prediction, early detection, and case-finding of type 2 diabetes in primary care, and to summarize their characteristics, including predictors, modeling approaches, validation strategies, and model performance. METHODS: A scoping review was conducted following the Joanna Briggs Institute methodology and reported according to the Preferred Reporting Items for Systematic Reviews and Meta-Analyses extension for Scoping Reviews (PRISMA-ScR). PubMed/MEDLINE, Scopus, and Ovid MEDLINE were searched for English-language studies published between January 2011 and December 2025. Primary research describing ML-based risk prediction models developed, validated, evaluated, or intended for implementation in primary care was eligible. Data were extracted using a structured charting form and synthesized descriptively. RESULTS: The search identified 186 records, of which four studies met the inclusion criteria. The included studies were conducted in Sweden, Canada, Saudi Arabia, and Hong Kong between 2024 and 2025. Three studies focused on model development and internal validation, while one externally validated previously developed non-laboratory prediction models. A range of ML approaches was identified, including stochastic gradient boosting, federated learning, multilayer perceptron, random forest, support vector classification, naïve Bayes, and decision tree algorithms, with logistic regression commonly used as a comparator. Models primarily utilized routinely collected demographic, anthropometric, lifestyle, and electronic health record-derived variables. Most studies reported moderate-to-good predictive performance; however, evidence regarding external validation, calibration, and prospective implementation within routine primary care remained limited. CONCLUSION: Evidence on ML-based risk prediction models for T2DM applicable to primary care remains limited despite growing interest in AI for diabetes prediction. Existing models demonstrate promising predictive performance using routinely available clinical information, but greater emphasis is needed on external validation, calibration, prospective implementation, and evaluation across diverse primary care populations before widespread clinical adoption. REVIEW REGISTRATION: Open Science Framework https://osf.io/mbfrz.",Frontiers in public health,2026,10.3389/fpubh.2026.1946070,PMC13598751,Journal Article; Scoping Review; Review,risk_prediction,PubMed,core,7,"early_risk=prediction model,risk prediction; risk_factors=age; experimental=rat; publication_type=systematic review,scoping review"
42764073,Risk prediction models for incident type 2 diabetes: A scoping review and an update to a systematic review.,"Early identification of high-risk individuals is key for type 2 diabetes prevention. This study combines a scoping review of historical risk prediction models with a systematic review update of recent models (2019-2026) to map methodological evolution, geographical trends, and reporting quality. PubMed was searched for existing systematic reviews (1993-January 2026) for the scoping review, and for new primary studies (November 2019-January 2026) to update prior evidence. Original English-language regression-based prediction models for incident type 2 diabetes in adults were included; validation studies, machine-learning models, and non-original publications were excluded. Data were synthesised narratively and descriptively, with quality assessed using CHARMS, TRIPOD, and PROBAST. The scoping review synthesised 50 primary studies (median n = 5,217; follow-up 7 years); internal validation was reported in 84.0% versus 16.0% external, and AUC in 90.0%. The systematic update identified 20 new studies (median n = 8,879; follow-up 8.7 years); internal and external validation were respectively reported in 55.0% and 50.0%, calibration in 75.0%, and AUC in 75.0%. Risk of bias remained high in 85.0% of updated studies. Discrimination reporting is now standard, but external validation, calibration, and risk-of-bias reporting remain inconsistent. Future models should prioritise external validation and evaluation in diverse populations before clinical implementation.",Diabetes research and clinical practice,2026,10.1016/j.diabres.2026.113576,,Journal Article; Review,risk_prediction,PubMed,core,13,"early_risk=incident type 2 diabetes,prediction model,risk prediction; risk_factors=age; prevention=diabetes prevention; experimental=rat; publication_type=systematic review,scoping review"
42752966,"Indices of obesity, malnutrition and inflammation are strong predictors of mortality in adults with type 2 diabetes: the FIELD study.","AIMS/HYPOTHESIS: Metabolic risk in type 2 diabetes is not fully captured by standard clinical measures. Use of NMR-based metabolomic indices may enhance risk prediction, but their role in individuals with type 2 diabetes is unresolved. METHODS: We analysed data from 9550 adults with type 2 diabetes who were followed for 5 years in the Fenofibrate Intervention and Event Lowering in Diabetes (FIELD) study. The composite index MVX (metabolic vulnerability), and its components IVX (inflammation vulnerability index) and MMX (metabolic malnutrition index), were derived from baseline plasma NMR. Associations with mortality and non-fatal events were assessed using Cox models adjusted for clinical variables and treatment allocation. Predictive performance was assessed using C statistics and variable contribution analysis. RESULTS: All three indices were associated with total mortality. Participants in the highest MVX quintile (Q5) had an over fourfold greater unadjusted mortality risk, and more than double the risk after adjustment (HR 2.31; 95% CI 1.71, 3.12). Each standard deviation increase in MVX showed a 75% higher mortality risk (95% CI 62, 89; p<0.001). MVX was associated with cardiovascular and cancer mortality separately, and independently predicted non-fatal cardiovascular events and new incident cancer. MMX and IVX showed weaker and less consistent associations. MVX improved risk model discrimination (C statistic 0.725 to 0.737; p=0.0003) and outperformed prior CVD history as a predictor. CONCLUSIONS/INTERPRETATION: MVX independently predicts total and cardiovascular mortality in type 2 diabetes, offering prognostic value beyond traditional risk factors. The absolute event rates reflect the treatment standards of the FIELD recruitment period (1997-2000), prior to widespread use of several contemporary cardioprotective therapies. The results support further investigation of the clinical utility of MVX for determination of personalised risk.",Diabetologia,2026,10.1007/s00125-026-06848-6,10344359,Journal Article,risk_prediction,PubMed,core,-4,early_risk=risk prediction; risk_factors=obesity; exclusions=cancer; established_t2d=adults with type 2 diabetes; experimental=rat
42749101,Risk Factors and Definition of Younger-Onset Metabolic Dysfunction-Associated Steatotic Liver Disease (MASLD) Cirrhosis.,"BACKGROUND & AIMS: Cirrhosis from metabolic dysfunction-associated steatotic liver disease (MASLD) usually develops with advancing age, yet a subset of patients presents at younger ages. We examined genetic and metabolic factors associated with younger-onset MASLD cirrhosis. APPROACH AND RESULTS: Adults with biopsy-proven MASLD enrolled in the NASH CRN were included. DNA was genotyped, and a genetic risk score (GRS) was calculated as the sum of risk alleles in PNPLA3 and TM6SF2 plus the wild-type HSD17B13 allele, dichotomized at the median (low vs high), in addition to evaluation of previously published weighted GRSs. Younger-onset cirrhosis was defined as the youngest quartile among participants with cirrhosis. Multivariable logistic regression evaluated factors associated with younger-onset cirrhosis. Among 2,395 participants, 234 (9.8%) had MASLD cirrhosis (median age 58.4 years, body mass index (BMI) 34.9 kg/m2, 66% with type 2 diabetes mellitus [T2DM]). Younger-onset cirrhosis was defined as the lowest quartile, which was <50 years and was associated with a lower prevalence of the protective HSD17B13 variant (24% vs 34%, p=0.004). Compared with non-cirrhotic MASLD participants under 50 years (n=999), those with cirrhosis more often had T2DM, BMI ≥35kg/m2, higher alkaline phosphatase, and lower ALT. In multivariable models adjusting for demographic and metabolic factors, high GRS (OR 2.33, 95%CI: 1.26-4.23; p=0.006) and T2DM (OR 3.74, 95%CI: 2.08-6.82; p<0.001) remained independently associated with cirrhosis under age 50. CONCLUSIONS: One-quarter of participants with MASLD cirrhosis present before age 50 years and have distinct features, including higher genetic risk and a greater prevalence of T2DM.",Clinical gastroenterology and hepatology : the official clinical practice journal of the American Gastroenterological Association,2026,10.1016/j.cgh.2026.08.033,,Journal Article,risk_prediction,PubMed,core,10,"early_risk=risk score; risk_factors=age,bmi,body mass index"
42748732,Lipidomic profiles and their relationship to incident diabetic retinopathy in type 2 diabetes: The Fremantle Diabetes Study Phase II.,"AIMS: To determine whether plasma lipid profiles predict diabetic retinopathy (DR). METHODS: DR status (none, mild non-proliferative diabetic retinopathy (NPDR), moderate NPDR, severe NPDR/worse) was categorised in 762 adults with type 2 diabetes (mean age 64.5 years, 54.3% males) at baseline and Year 4/6. Ultra-performance liquid chromatography-tandem mass spectrometry generated baseline plasma lipid profiles. Multiple logistic regression identified baseline associates of new/worsening DR and incident DR. The likelihood ratio test (LRT) evaluated incremental biomarker contribution. The net reclassification improvement (NRI) was calculated. RESULTS: New/worsening DR occurred in 121 (16%). Of 495 without DR at baseline, 35 (7.0%) developed DR. For new/worsening DR, the inclusion of cholesterol ester (20:4), fatty acid (20:3) and lysophosphatidylglycerol (18:1) in addition to conventional risk factors (hypertension, HbA1c, diabetes treatment intensity, urinary albumin:creatinine) added to the conventional model predictivity (LRT, P = 0.00002). The NRI gain at a 10% cut-off was 5.7% (SE 2.8%; P = 0.043). For incident DR, fatty acid (20:3), lysophosphatidylglycerol (18:0) and phosphatidylcholine (18:0_20:3) with HbA1c improved model performance (LRT, P = 0.00001). The NRI gain at 5% risk cut-off for incident DR was 28.3% (P = 0.002). CONCLUSIONS: This exploratory study identified five lipid biomarkers with the potential to improve DR risk prediction and the understanding of pathophysiological mechanisms.",Journal of diabetes and its complications,2026,10.1016/j.jdiacomp.2026.109412,,Journal Article,risk_prediction,PubMed,core,1,"early_risk=risk prediction; glycemic=hba1c; risk_factors=age,hypertension; exclusions=retinopathy; established_t2d=adults with type 2 diabetes; experimental=rat"
42728598,"The cholesterol, high-density lipoprotein, and glucose index and its derived indices predict cardiometabolic multimorbidity development and progression in metabolic dysfunction-associated steatotic liver disease individuals: a prospective cohort study.","BACKGROUND: Dysregulation of cholesterol, high-density lipoprotein cholesterol, and glucose metabolism is thought to be an important metabolic link between metabolic dysfunction-associated steatotic liver disease (MASLD), type 2 diabetes (T2D), and cardiovascular disease. Although the cholesterol-high-density lipoprotein-glucose (CHG) index and its adiposity-derived indices have been associated with individual cardiometabolic diseases (CMDs), their associations with cardiometabolic multimorbidity (CMM), stage-specific disease progression, and risk prediction in individuals with MASLD remain unclear. METHODS: This prospective cohort study included 109,434 UK Biobank participants with MASLD and without T2D, coronary heart disease (CHD), or stroke at baseline. Eight CHG-related indices were evaluated. Incident CMM was defined as the occurrence of at least two of the three CMDs. Cox models estimated associations with incident CMM. Multistate models characterized transitions from a disease-free state to individual CMD and subsequently to CMM. Incremental prediction was assessed using the C-index, net reclassification improvement (NRI), and integrated discrimination improvement (IDI). Exploratory mediation analyses evaluated circulating biomarkers related to metabolic, inflammatory, hepatic and renal pathways. RESULTS: During a median follow-up of 16.4 years, 4225 participants developed CMM. All CHG-related indices were associated with higher CMM risk, with the strongest associations observed for CHG-waist-to-height ratio (CHG-WHtR; hazard ratio [HR] per 1-standard deviation [SD] increment, 1.61; 95% confidence interval [CI] 1.57-1.65) and CHG-waist circumference (CHG-WC; HR, 1.59; 95% CI, 1.55-1.63). Adding each index to conventional risk models improved discrimination and risk classification. CHG-WHtR and CHG-WC showed relatively favorable predictive performance, although the absolute differences between indices were modest. In multistate analyses, associations were strongest for disease-free to T2D and CHD-to-CMM transitions. Exploratory biomarker analyses showed that baseline biomarker domains related to glycemic regulation, lipid metabolism, inflammation, and hepatic and renal function were statistically linked to these associations. CONCLUSIONS: Among individuals with MASLD, CHG-related indices, particularly CHG-WHtR and CHG-WC, were associated with incident CMM and transition-specific disease progression and improved risk prediction. These readily available indices may help refine CMM risk stratification in MASLD.",Cardiovascular diabetology,2026,10.1186/s12933-026-03343-5,PMC13570509,"Journal Article; Research Support, Non-U.S. Gov't",risk_prediction,PubMed,core,-2,"early_risk=risk prediction; risk_factors=age,waist circumference; exclusions=stroke; experimental=rat"
42728572,Epigenetic and genetic factors modifying the association between diet quality and incident type 2 diabetes: the EPIC-Potsdam cohort.,"BACKGROUND: Benefits of healthy diets for type 2 diabetes (T2D) prevention are established. It remains unclear whether such recommendations should be tailored to specific subgroups according to their susceptibility to the disease. This study aimed to assess whether the association of diet quality with T2D risk differs across subgroups with different genetic or epigenetic susceptibility. METHODS: We used data from a case-cohort within the European Prospective Investigation into Cancer and Nutrition (EPIC)-Potsdam cohort (random subsample with genetic data of 2204 participants, 750 verified incident T2D cases; random subsample with epigenetic data of 1065 participants, 676 verified incident T2D cases). The Alternative Healthy Eating Index (AHEI-2010), Dietary Approaches to Stop Hypertension (DASH), Dietary Inflammatory Index (DII) and the Mediterranean Diet Pyramid score (MedPyr) were used to assess diet quality. A blood DNA methylation risk score (MRS) was used to reflect epigenetic risk. Genetic risk was characterized using global polygenic risk scores (PRS) and pathway-specific polygenic risk scores (pPRS). Cox proportional hazards models were used to assess the modification of the diet quality-diabetes risk association by the risk scores. RESULTS: Higher adherence to the AHEI-2010 was associated with a lower risk of T2D, while higher MRS, PRS and pPRS predictably indicated higher risk in this population. We detected significant modification of the diet quality-T2D association by the MRS for AHEI-2010 (p = 0.008) and MedPyr (p < 0.0001) and DII (p = 0.010) but only the AHEI-2010 × MRS interaction was robust across all sensitivity analyses. However, we did not find evidence of interaction between diet quality and genetic risk. CONCLUSIONS: The associations of healthy diets with T2D could depend on the diabetes risk captured by blood DNA methylation profiles, but they do not seem to depend on the genetic predisposition for T2D. Confirmation of the effect modification by the MRS in independent populations is further required before considering clinical application.",Cardiovascular diabetology,2026,10.1186/s12933-026-03356-0,PMC13563862,"Journal Article; Research Support, Non-U.S. Gov't",risk_prediction,PubMed,core,9,"early_risk=incident type 2 diabetes,risk score; risk_factors=diet,dietary,hypertension; exclusions=cancer"
42727299,A composite tool for predicting gestational diabetes or hypertensive disorders of pregnancy: development and temporal validation.,"AIMS: Cardiometabolic pregnancy complications, including gestational diabetes mellitus (GDM) and hypertensive disorders of pregnancy (HDP), share similar risk factors and increase cardiometabolic risk in women. Medical/lifestyle management reduces their risk but requires early identification of high risk individuals. This study aimed to develop a risk prediction model identifying women at high risk of developing GDM and/or HDP. METHODS: A composite prognostic risk prediction model for developing GDM and/or HDP comprising first trimester sociodemographic and clinical variables was developed using routinely collected health data from women delivering singleton pregnancies in Australia from 2016 to 2022. Variables comprised age; ethnicity; height; body mass index; parity; family history of diabetes; history of GDM, pre-eclampsia/eclampsia, chronic hypertension, polycystic ovary syndrome, chronic kidney disease and fetal macrosomia. Model development used logistic regression with performance evaluated using discrimination, calibration, bootstrapped internal and temporal validations, recalibration of intercept and slopes and decision curve analyses. RESULTS: GDM/HDP prevalence was 25.4% (n = 48,502). On temporal validation (n = 12,868), the model had a C-statistic of 0.739 (95% CI: 0.727, 0.738). Following recalibration, the calibration-in-the-large was -0.001 (95%CI: -0.04, 0.04) and the calibration slope was 1.00 (95% CI: 0.95, 1.05)]. On decision curve analysis, the model outperformed both treat-all and treat-none strategies across threshold probabilities from 8 to 72%. CONCLUSION: The model demonstrated fair-good discrimination and excellent calibration. Decision curve analysis indicated potential clinical utility across a range of threshold probabilities for identifying women at high risk. External validation is required.",Computers in biology and medicine,2026,10.1016/j.compbiomed.2026.111932,,Journal Article,risk_prediction,PubMed,core,6,"early_risk=prediction model,risk prediction; risk_factors=age,body mass index,family history,gestational diabetes,hypertension; exclusions=chronic kidney disease; experimental=rat"
42723363,Diagnostic Value of Gastrocnemius Shear Wave Elastography Combined With BMI in Different Stages of Sarcopenia in Elderly Patients With Type 2 Diabetes Mellitus and Sex Differences: A Cross-Sectional Study.,"OBJECTIVE: To investigate the diagnostic and differential value of gastrocnemius shear wave elastography (SWE) combined with body mass index (BMI) in different stages of Type 2 diabetes mellitus (T2DM) related sarcopenia in elderly patients and to analyze sex differences. METHODS: A total of 269 participants were classified into four groups according to the AWGS 2019: healthy controls (n = 62), those with T2DM without sarcopenia (n = 68), those with T2DM with possible sarcopenia (n = 64), and those with T2DM with sarcopenia (n = 75). SWE was used to measure the elastic modulus of the dominant-side gastrocnemius under relaxed (E-rest) and contracted (E-cont) conditions. Logistic regression was used to construct prediction models for total and sex-stratified populations, which were evaluated in three scenarios: core diagnosis, early risk identification, and differential factor analysis. RESULTS: The patients with T2DM in the sarcopenia group were the oldest, had the longest diabetes duration, and had the lowest BMI, ASMI, handgrip strength, and E-cont; conversely, E-rest did not show significant intergroup differences. Lower E-cont and lower BMI were independent risk factors. The combined model showed excellent performance in the core diagnosis scenario (AUC 0.988; sensitivity 92.0%; specificity 95.4%), and the sex-stratified models also demonstrated strong performance (AUC 0.984 for males and 0.991 for females). The protective effect of E-cont was stronger in females (OR 0.710) than in males (OR 0.806), whereas the protective effect of BMI was stronger in males (OR 0.358) than in females (OR 0.388). The AUCs were 0.954 for early risk identification and 0.966 for differential factor analysis. The T2DM with possible sarcopenia group exhibited a low E-cont/high BMI pattern, whereas the T2DM with sarcopenia group exhibited a low E-cont/low BMI pattern. CONCLUSION: E-cont is an early indicator of T2DM-related muscle decline. The combined model showed good diagnostic and differential performance across sarcopenia stages, with sex differences. The model serves as a noninvasive tool for risk stratification.",Geriatrics & gerontology international,2026,10.1111/ggi.70829,PMC13562983,Journal Article,risk_prediction,PubMed,core,0,"early_risk=prediction model; risk_factors=age,bmi,body mass index; exclusions=sarcopenia; established_t2d=diabetes duration,patients with t2dm,patients with type 2 diabetes; experimental=rat"
42722448,Diabetes related genetics and outcomes after total pancreatectomy with islet autotransplantation.,"CONTEXT: Approximately 20% of patients with chronic pancreatitis achieve insulin independence one year after total pancreatectomy with islet autotransplantation (TPIAT), an outcome associated with younger age and lower pre-transplant HbA1c. The contribution of diabetes-related genetics to TPIAT outcomes is unknown. Genetic risk scores (GRS) are associated with C-peptide levels in type 1 (T1D) and type 2 (T2D) diabetes. OBJECTIVE: To evaluate whether T1D and T2D GRS and partitioned metabolic polygenic scores (PGS) are associated with diabetes before TPIAT and metabolic outcomes one year after transplant. METHODS: We genotyped 318 patients with chronic pancreatitis undergoing TPIAT in the multicenter ""Advancing Treatment for Pancreatitis: A Prospective Observational Study of TPIAT"" using a global screening array. Regression models assessed associations of T1D- and T2D-GRS and metabolic PGS with diabetes outcomes one year after TPIAT. RESULTS: Participants were 29±17 years old, 61% female, 84% non-Hispanic White, and 13% had diabetes prior to transplant. T2D-GRS was higher among those with pre-TPIAT diabetes (-0.6±0.3 versus -0.8±0.2, p=0.003) and was associated with higher pre-transplant HbA1c (β=0.19 % per 1-SD [95% CI:0.04, 0.33], p = 0.011). Adjusted for genotype-derived ancestry and islet equivalents/kg, the beta-cell PGS was associated with higher insulin dose (β=0.05 units/kg/day per 1-SD, [95%CI:0.01, 0.09], p=0.016) and higher insulin dose adjusted A1c (IDAA1c) (β=0.34[95%CI:0.03, 0.67], p=0.029) 1-year post-transplant. The lipodystrophy PGS was associated with higher IDAA1c (β=0.38 [95%CI:0.06, 0.69], p=0.019) and lower fasting C-peptide (β=-0.09 [95%CI:-0.18, 0], p=0.041) at 1 year. CONCLUSIONS: T2D genetic risk is associated with diabetes prior to TPIAT, and beta cell and lipodystrophy PGS are associated with post-TPIAT diabetes outcomes. Diabetes-related genetics may influence transplantation outcomes and inform metabolic heterogeneity.",The Journal of clinical endocrinology and metabolism,2026,10.1210/clinem/dgag355,,Journal Article,risk_prediction,PubMed,core,9,early_risk=risk score; glycemic=hba1c; risk_factors=age
42798045,Association between the C-Reactive protein-triglyceride-glucose index and osteoarthritis risk in prediabetic mellitus adults: A longitudinal analysis from the China health and retirement longitudinal study.,"The C-reactive protein-triglyceride-glucose index (CTI) has been identified as a potential new biomarker for insulin resistance and inflammation. However, the association between CTI and osteoarthritis (OA) risk in prediabetic (Pre-DM) individuals from different populations remains unclear. This population-based cohort study included 3043 participants from the China Health and Retirement Longitudinal Study across Waves 1 to 5. The primary endpoint was the incidence of OA events. The associations between the CTI and incident OA incidence were evaluated by competing risk models and Cox regression models, with restricted cubic splines applied to investigate potential nonlinear relationships. To ensure the robustness of the findings, subgroup analyses, multiple imputation, and propensity score methods were also applied. During the 9-year follow-up, 946 (31.09%) participants developed OA. The highest OA risk was observed in the highest CTI quartile (Q4) (HR, 1.376; 95% CI, 1.12, 1.692) in Model 3. A nonlinear relationship between the CTI and OA risk was identified (P for nonlinearity = .012). Subgroup analysis revealed that individuals with a body mass index <24 years and those with a body mass index between 24 and 28 years were more sensitive to the adverse effects of the CTI on OA risk (P for interaction = .012). Furthermore, the association between elevated CTI and OA risk remained consistent across various sensitivity analyses. The CTI can serve as an independent risk marker for predicting the onset of incident OA in middle-aged and older individuals with Pre-DM. Addressing insulin resistance and inflammation may play a crucial role in enhancing primary prevention strategies for OA.",Medicine,2026,10.1097/MD.0000000000050774,,Journal Article,prevention,PubMed,core,5,"early_risk=prediabetic; risk_factors=age,body mass index,insulin resistance; experimental=rat"
42787268,"Structured lifestyle modification and biological aging: effects on PhenoAge, sclerostin, and GDF-15 in arab adults with prediabetes.","BACKGROUND: Lifestyle modification programs (LMP) such as diabetes prevention programs may influence phenotypic aging trajectories, but evidence in Middle Eastern populations remains limited. This study examined the effects of a structured LMP on phenotypic age (PhenoAge) as the primary endpoint and circulating sclerostin (SOST) and growth differentiation factor-15 (GDF-15) as secondary endpoints in a cohort of Arab adults with prediabetes. PARTICIPANTS AND METHODS: In this randomized clinical trial (RCT), a total of 181 adults (130 males, 51 females; mean age 50.8 ± 10.9 years, body mass index, BMI 30.0 ± 4.8 kg/m2) were enrolled. Participants were allocated to either a structured LMP or Control Group (CG) and followed for 6 months. The LMP group was requested to reduce weight by 5%, moderate exercise (150 min/week), reduce fat intake (30%) and increase fiber intake (15g/1 kcal). CG was given brochure. PhenoAge was calculated and assessed alongside anthropometrics, blood biomarkers (HbA1c, fasting glucose, albumin, creatinine, GDF15, SOST), and dietary parameters at baseline and after 6 months. RESULTS: Compared with the CG, participants in the lifestyle modification program (LMP) showed a significant reduction in PhenoAge (-4.9 vs. +1.3 years; between-group p < 0.001). Significant between-group improvements were also observed in weight (-5.7 kg), BMI (-2.0 kg/m2), waist circumference (-6.3 cm), and HbA1c (-0.4%; all p < 0.001). Neither GDF-15 nor SOST demonstrated a significant intervention-specific effect. CONCLUSION: A structured lifestyle intervention significantly improved PhenoAge, accompanied by improvements in metabolic parameters in Arab adults with prediabetes. Changes in GDF-15 and SOST appeared time-dependent rather than intervention-specific. These findings support lifestyle modification as a potential strategy to slow a composite clinical measure of biological aging. ClinicalTrial Registration (NCT06440681).",Frontiers in aging,2026,10.3389/fragi.2026.1809697,PMC13601340,Journal Article,prevention,PubMed,core,17,"early_risk=prediabetes; glycemic=fasting glucose,hba1c; risk_factors=age,bmi,body mass index,diet,dietary,waist circumference; prevention=diabetes prevention,lifestyle intervention,lifestyle modification; experimental=rat"
42771802,Stakeholder Perspectives on the Integration of AI in Diabetes Care: Systematic Review of Qualitative Studies.,"BACKGROUND: AI is increasingly being integrated into diabetes care, with growing evidence supporting its potential to improve clinical decision-making, risk prediction, and self-management. However, the lived experiences, expectations, and concerns of those involved in its implementation have not been adequately synthesized. OBJECTIVE: This study aims to synthesize qualitative evidence on the perspectives of patients, caregivers, health care professionals (HCPs), and other stakeholders regarding the integration of AI in diabetes management. METHODS: We searched MEDLINE via PubMed, Web of Science, Scopus, CINAHL, and PsycINFO from inception to February 17, 2026. Eligible studies examined the perspectives of adult patients, caregivers, health care professionals, or administrators on AI-enabled tools for diabetes management, self-management, clinical decision support, or the prevention of complications, and used qualitative methods or reported a separately analyzable qualitative component. Tools required an identifiable data-driven function for prediction, classification, recommendation, personalization, or decision support. Studies focused exclusively on image-based diagnosis, technical validation, or digital tools without an identifiable AI component were excluded. Two reviewers (HM-M and JM-A) independently screened studies and extracted data. Methodological limitations were assessed using the Joanna Briggs Institute (JBI) checklist and the Cochrane Qualitative Methodological Limitations Tool (CAMELOT). Findings were synthesized using thematic synthesis. Confidence was assessed using GRADE-CERQual. A sensitivity analysis excluded questionnaire-based qualitative evidence. RESULTS: Fourteen studies published between 2023 and 2025 were included, representing at least 738 participants across 9 countries. Participants included individuals with type 1 or type 2 diabetes, family caregivers, doctors, nurses, specialists, administrators, and other health care staff. Studies evaluated large language models, AI-enabled mobile applications and wearables, glucose-prediction systems, and clinical decision-support tools. Exposure ranged from direct use of functioning systems to evaluation of prototypes, wireframes, and hypothetical applications. Four analytical themes and 13 subthemes were identified. Stakeholders perceived that AI could support preventive and individualized care, education, self-management, and decision-making. Concerns included accuracy, bias, privacy, accountability, increased workload, caregiver burden, loss of professional autonomy, and erosion of human-centered care. Participants emphasized explainability, intuitive design, integration with existing systems, tailored training, and continued access to human support. Eleven findings were rated as high confidence and 2 as moderate confidence. CONCLUSIONS: Although stakeholders perceived AI to be useful for diabetes care, these qualitative findings do not demonstrate clinical effectiveness, safety, or improved patient outcomes. Evidence was limited by heterogeneity in AI modalities, stakeholder groups, diabetes contexts, and technology exposure, as well as demographic imbalance, restricted reporting of researcher reflexivity, and reliance on prototype or hypothetical systems. Implementation should prioritize transparent design, clinical validation, data governance, human oversight, and tailored support, while preserving professional judgment and person-centered relationships.",Journal of medical Internet research,2026,10.2196/105329,PMC13596760,Journal Article; Systematic Review; Review,prevention,PubMed,core,3,early_risk=risk prediction; risk_factors=age; experimental=rat; publication_type=systematic review
42766389,Hemoglobin A1c and Weight Changes Associated With Grocery Delivery and Low-Carbohydrate Education in Adults With Type 2 Diabetes and Food Insecurity: Observational Quality Improvement Cohort Study.,"BACKGROUND: Type 2 diabetes mellitus (T2D) is one of the most significant chronic health challenges in Michigan, especially for individuals with food insecurity. Improving nutrition, including lowering carbohydrate intake, is foundational to T2D prevention and management. Grocery delivery paired with low-carbohydrate education has the potential to reduce logistical barriers to dietary change but is not well understood in individuals with food insecurity. OBJECTIVE: The objective of our study was to evaluate changes in clinical metrics of hemoglobin A1c (HbA1c), weight, and diabetes medication use after a paired grocery delivery and low-carbohydrate education program. METHODS: The Healthy Eating Jumpstart Program (hereafter, Jumpstart) enrolled adult Michiganders with T2D and low income or food insecurity from 21 Michigan primary care practices between October 2022 and May 2023. Jumpstart was a 3-month, nonrandomized grocery delivery and low-carbohydrate education quality improvement program without a control group. Participants received US $80 every month through Shipt to purchase eligible healthy foods, along with low-carbohydrate educational materials. Clinical metrics of HbA1c, weight, and diabetes medication use were collected from medical records from 6 months before enrollment through 12 months after enrollment. Changes in HbA1c and weight from baseline were evaluated at 3, 6, 9, and 12 months, with stratification by baseline glycemic control and glucagon-like peptide-1 receptor agonist (GLP-1 RA) medication use, respectively. Overall change was assessed with paired t tests comparing baseline values to each participant's latest value for HbA1c and weight. Medication changes were assessed by comparing baseline and 12-month dosing to categorize changes as increased, decreased, eliminated, or unchanged. RESULTS: A total of 83 patients participated in Jumpstart. Participants were primarily female (57/79, 72%), White (70/79, 89%), and had a high school degree or less (35/79, 44%). At baseline, the average HbA1c was 7.6% (SD 2%), average weight was 105 (SD 25.8) kg, and average BMI was 38.2 (SD 8.8) kg/m2. The overall reduction in HbA1c from baseline was 0.4% (SD 1.4%; P=.02; n=68), and this reduction was greater when limited to individuals with uncontrolled HbA1c at baseline (mean 0.7%, SD 1.8; P=.02; n=38). The overall percent reduction in weight from baseline was 1.7% (SD 4.4%; P=.002; n=66), but this change was not significant when limited to non-GLP-1 RA users. Most medications had no change in dosing (77/166, 46%), and slightly more medications were increased or added (n=52, 31%) than decreased or discontinued (n=37, 22%). CONCLUSIONS: The results from this clinical evaluation suggest that the Jumpstart quality improvement program was associated with improvements in HbA1c that persisted beyond 6 months and small reductions in weight among participants. A low-burden program such as Jumpstart may be a feasible approach to support long-term dietary change in patients with T2D and food insecurity or low income.",JMIR formative research,2026,10.2196/89459,PMC13592385,Journal Article; Observational Study,prevention,PubMed,core,1,"glycemic=hba1c; risk_factors=age,bmi,diet,dietary; established_t2d=adults with type 2 diabetes; experimental=rat"
42755236,"Facilitators and barriers to implementing a digital health-supported, community pharmacy-based prediabetes management program (PRIME program) in Malaysia: a qualitative study of participants' and pharmacists' perspectives.","AIM: This study aims to evaluate the facilitators and barriers to the implementation, adoption, and participation of these programs. BACKGROUND: The Prediabetes Intervention, Management, and Evaluation (PRIME) program is an initiative that integrates digital health tools with community pharmacy services to encourage lifestyle behaviour changes among participants with prediabetes. While PRIME demonstrates effectiveness in clinical outcomes, the integration of such programs into community pharmacy services remains limited. METHODS: In-depth focus group discussions and one-on-one interviews were conducted with participants and pharmacists who were involved in PRIME. The semi-structured interviews focused on the experiences and perceptions of the implementation of PRIME and its influence on behaviour change. All audio-recorded interviews were transcribed, coded, and analysed using thematic analysis techniques, leading to the development of major themes. FINDINGS: Seven focus groups and twenty interviews were conducted among 37 participants and 10 pharmacists. Five themes were developed: 1) Intrinsic motivations towards better health; 2) Influence of rapport building; 3) Improved convenience to healthcare access; 4) Resource and support; and 5) Innovation with digital health. Key barriers were related to the use of digital health tools (technical difficulties, lacking engaging functionalities) and resources (workload management, availability of prediabetes-specific guidelines). The participants perceived the blended approach of in-person support with technology-assisted interventions in PRIME as an effective way to build healthier lifestyles. While community pharmacy-based prediabetes management programs like PRIME can be effective in driving healthier lifestyles, several barriers hinder their broader adoption. Addressing these barriers could enhance the implementation and uptake of these programs.",Primary health care research & development,2026,10.1017/S1463423626101765,,Journal Article,prevention,PubMed,core,3,early_risk=prediabetes; risk_factors=age; experimental=rat; publication_type=guideline
42793505,Differential Associations of Healthy Lifestyle Latent Classes with Glycemic Transitions in Prediabetes: An Observational Study Based on CHARLS.,"Introduction: Current clinical guidelines recommend comprehensive management of multiple healthy lifestyles as fundamental to prediabetes care; however, the evidence base regarding the status and clustering of these risk factors remains insufficient. We identified distinct latent classes of healthy lifestyle in individuals with prediabetes and examined their impact on glycemic progression. Methods: This study included 2529 baseline prediabetic participants from the China Health and Retirement Longitudinal Study (CHARLS). We performed latent class analysis (LCA) to stratify participants according to healthy lifestyle factors: physical activity, smoking, alcohol consumption, sleep duration, body mass index (BMI), and blood pressure. Multiple imputation was used for missing covariate data. Multinomial logistic regression was used to examine associations with glycemic transition. Results: Three healthy lifestyle classes were identified: Class 1 (27.6%, the smoking and drinking group), Class 2 (28.2%, the high-BMI group), and Class 3 (44.3%, the healthy lifestyle group). Compared with Class 3, Class 1 (OR, 0.736; 95% CI, 0.554 to 0.978) and Class 2 (OR, 0.628; 95% CI, 0.489 to 0.806) had significantly decreased odds of returning to normoglycemia. Conversely, Class 2 (OR, 2.167; 95% CI, 1.626 to 2.887) had higher odds of progressing to diabetes than Class 3. Conclusions: Prediabetic individuals fall into three distinct healthy lifestyle latent classes. The distinct associations between the three lifestyle latent classes and glycemic progression to diabetes and regression to normoglycemia support the potential value of lifestyle-based risk stratification in prediabetes management, pending validation in prospective cohorts.","Healthcare (Basel, Switzerland)",2026,10.3390/healthcare14182966,PMC13606765,Journal Article,lifestyle,PubMed,core,17,"early_risk=prediabetes,prediabetic,progression to diabetes; risk_factors=age,bmi,body mass index,physical activity,smoking; experimental=rat; publication_type=guideline"
42771209,Durability of Type 2 Diabetes Remission After Bariatric Surgery: Predictors of Sustained Remission and Glycemic Relapse at Five Years in a Retrospective Single-Center Study.,"BACKGROUND: Metabolic bariatric surgery (MBS) is one of the most effective treatments for obesity and type 2 diabetes mellitus (T2DM). Although high rates of diabetes remission have been reported, the durability of remission and the factors associated with glycemic relapse remain incompletely understood. OBJECTIVE: To evaluate the rates of sustained T2DM remission and glycemic relapse after metabolic bariatric surgery and to identify factors associated with both outcomes. METHODS: A retrospective cohort study was conducted including 151 patients with obesity and T2DM who underwent bariatric surgery. Partial, complete, and prolonged remission were defined according to established consensus criteria. Sustained remission was defined as the presence of remission at 5 years after surgery. Glycemic relapse was evaluated among patients who achieved remission during follow-up. Bivariate analyses and multivariable logistic regression for sustained remission and Cox proportional hazards regression for glycemic relapse were performed to identify factors associated with these outcomes. RESULTS: During follow-up, 120 patients (79.5%) achieved diabetes remission. At 5 years, 91 patients (60.3%) maintained remission, including 60 cases of complete remission and 31 cases of partial remission; prolonged remission was observed in 50 patients. In multivariable analysis, shorter diabetes duration (aOR 0.980 per month, 95% CI 0.969-0.992; p < 0.001), lower preoperative HbA1c (aOR 0.671 per 1% increase, 95% CI 0.520-0.866; p = 0.002), and higher preoperative BMI (aOR 1.120 per kg/m2, 95% CI 1.030-1.218; p = 0.008) were independently associated with sustained remission. Among patients who achieved remission, 27 (22.5%) experienced glycemic relapse. Most relapses occurred between the fourth and fifth postoperative years. Longer diabetes duration (aHR 1.015 per month, 95% CI 1.006-1.024; p = 0.001) and higher preoperative HbA1c levels (aHR 1.283 per 1% increase, 95% CI 1.050-1.567; p = 0.015) were independently associated with increased relapse risk, whereas greater %EWL at 1 year was independently associated with a lower risk of relapse (aHR 0.754 per 10-percentage-point increase, 95% CI 0.621-0.917; p = 0.005). CONCLUSIONS: Metabolic bariatric surgery achieved high rates of sustained T2DM remission in this cohort. Shorter diabetes duration and better preoperative glycemic control were associated with both a greater likelihood of sustained remission and a lower risk of glycemic relapse. These findings underscore the relevance of diabetes duration and preoperative glycemic status in long-term metabolic outcomes and the need for continued postoperative metabolic follow-up in patients with T2DM undergoing bariatric surgery.",Obesity surgery,2026,10.1007/s11695-026-08926-5,8740746,Journal Article,clinical_guidelines,PubMed,core,1,"glycemic=hba1c; risk_factors=age,bmi,obesity; established_t2d=diabetes duration,patients with t2dm; experimental=rat; publication_type=consensus"
42758555,Association between Glycemic Control and Survival in Patients with Type 2 Diabetes on Peritoneal Dialysis: Results from the PDOPPS.,"BACKGROUND: Diabetes is the leading cause of kidney failure globally affecting 40% of people receiving peritoneal dialysis (PD). High quality data on the potential impact of improving glycemic control is needed to inform the current recommendations to individualise HbA1C targets. METHODS: Data from eight countries in the prospective cohort Peritoneal Dialysis Outcomes and Practice Patterns Study (2014-2022) was used to assess the association between baseline HbA1C and all-cause mortality in people with Type 2 diabetes on PD for at least 90 days. Cox proportional hazards model adjusted for potential confounders assessed the relationship in the whole cohort and subgroups. Using inverse probability weighting, an average treatment effect in the treated analysis further investigated potential implications of improved glycemic control. RESULTS: HbA1C was measured at least once in 8,436 patients during a mean follow-up of 16 months. Compared with HbA1C≤8%, HbA1C>8% was associated with higher risk of all-cause mortality in the cohort as a whole (HR 1.18 p=0.02 95%CI 1.03-1.35) and within subgroups; aged <65years (HR 1.28 p=0.01 95% CI1.05-1.56), average albumin >3.0g/dL (HR 1.25 p=0.004 95% CI 1.07-1.46), no pre-existing coronary artery disease (HR 1.24 p=0.008 95% CI 1.06-1.46), haemoglobin <10g/L (HR 1.50 p=0.01 95% CI 1.09-2.07) and PD vintage <1year (HR 1.22 p=0.02 95% CI 1.03-1.45). The projected survival advantage at 3 years for those with HbA1C≤8% compared with >8% was 7% overall, increasing to 12% in younger cohorts (aged <65years). The largest predicted absolute survival advantage of 16% (78% versus 61%) was seen in those aged <65, with a normal serum albumin and no history of coronary artery disease. CONCLUSIONS: Associations between HbA1C and mortality argue for tighter individualised targets for patient subgroups (younger, non-inflamed, without established CAD). Our weighted analysis suggests improved glycemic control (reducing HbA1C to <8%) may result in an absolute reduction in mortality at three years of up to 12% in younger cohorts.",Clinical journal of the American Society of Nephrology : CJASN,2026,10.2215/CJN.0000001200,,Journal Article,clinical_guidelines,PubMed,core,0,glycemic=hba1c; risk_factors=age; established_t2d=patients with type 2 diabetes
