pmid,title,abstract,journal,year,doi,pmcid,publication_types,topic,source,triage_category,triage_score,matched_concepts
42800499,Suitability of the ICH S1B(R1) Weight-of-Evidence Framework to Evaluate Glucagon-Like Protein-1 Receptor Agonist (GLP-1RA) Carcinogenicity Risk.,"Glucagon-like peptide 1 receptor agonists (GLP-1RAs) are an established treatment for management of type 2 diabetes mellitus (T2DM) and obesity. While these agents provide clinical benefits, chronic rodent bioassays have shown a consistent increase in thyroid C-cell tumors, raising regulatory concerns for human carcinogenicity risk and resulting in a boxed warning for medullary thyroid carcinoma (MTC). However, the human relevance of the rodent tumors is unclear due to species differences in GLP-1 receptor (GLP-1R) biology. Carcinogenicity testing of pharmaceuticals is described in ICH S1 guidelines. ICH S1B(R1) outlines experimental approaches to carcinogenicity evaluation including a weight-of-evidence (WoE) framework to determine whether long-term rat carcinogenicity studies add value to human cancer risk assessments. This manuscript applies that framework across seven approved GLP-1RAs: lixisenatide, exenatide, liraglutide, dulaglutide, semaglutide, tirzepatide, and albiglutide, to evaluate the relevance of rodent thyroid tumors and the utility of 2-year bioassays for this drug class. Across all six WoE domains, the evidence supports concluding that GLP1-RAs are tumorigenic in rats via a known human-irrelevant mechanism. Thus, within the S1B(R1) WoE framework, future carcinogenicity testing in rats is unlikely to provide additional value for regulatory decision-making for this class of pharmaceuticals.",Regulatory toxicology and pharmacology : RTP,2026,10.1016/j.yrtph.2026.106252,,Journal Article,early_risk,PubMed,peripheral,-10,"early_risk=risk assessment; risk_factors=age,obesity; exclusions=cancer,carcinogenicity; experimental=rat,rats; publication_type=guideline"
42785601,Platelet-to-high-density lipoprotein cholesterol ratio and risk of major adverse cardiovascular events in patients with type 2 diabetes: A real-world retrospective cohort study.,"BACKGROUND: Despite advances in evidence-based treatment, patients with type 2 diabetes mellitus (T2DM) remain at substantial cardiovascular risk. The platelet-to-high-density lipoprotein cholesterol ratio (PHR) integrates platelet-related thrombotic activity and HDL-related vascular protection, but its association with major adverse cardiovascular events (MACE) in real-world T2DM populations remains uncertain. We investigated the association of baseline PHR with MACE and its incremental prognostic value. METHODS: This single-center retrospective cohort included 11,624 patients with T2DM. PHR was calculated as platelet count (×109/L) divided by high-density lipoprotein cholesterol (mmol/L). Kaplan-Meier curves, multivariable Cox proportional hazards models, and restricted cubic splines were used to evaluate the association between baseline PHR and MACE (cardiovascular death, non-fatal myocardial infarction, or non-fatal stroke). Subgroup and sensitivity analyses assessed robustness, longitudinal reproducibility was evaluated among participants with repeated measurements, and incremental prognostic value was assessed using discrimination, reclassification, and calibration measures. RESULTS: During a median follow-up of 28.8 months (IQR, 5.0-67.5 months), 2190 patients (18.84%) experienced MACE. Each 1-SD higher baseline PHR was independently associated with a 20% higher MACE risk (HR, 1.20; 95% CI, 1.15-1.25; P < 0.001). Restricted cubic spline analysis indicated an approximately linear association, and no significant interactions were observed across the examined subgroups. Among participants with repeated measurements, PHR showed moderate longitudinal reproducibility (ICC, 0.68; 95% CI, 0.66-0.70). Adding PHR increased the C-index from 0.625 to 0.632 (ΔC-index, 0.007), indicating a modest improvement in predictive performance. CONCLUSIONS: Higher baseline PHR was independently associated with an increased risk of MACE in patients with T2DM. As an inexpensive and routinely available biomarker, PHR may provide modest supplementary information for comprehensive cardiovascular risk assessment.",Experimental gerontology,2026,10.1016/j.exger.2026.113333,,Journal Article,early_risk,PubMed,peripheral,-11,"early_risk=risk assessment; exclusions=myocardial infarction,stroke; established_t2d=patients with t2dm,patients with type 2 diabetes; experimental=rat"
42780389,Associations between carotid macrovascular and retinal microvascular alterations in diabetes: Evidence synthesis and implications for risk assessment.,"Diabetes mellitus is characterized by progressive vascular injury affecting both the microcirculation and large arteries. Diabetic retinopathy is a major microvascular complication and has been associated in observational studies with several carotid vascular phenotypes, including increased carotid intima-media thickness, focal plaque burden, arterial stiffness, plaque vulnerability markers, and, in selected cohorts, carotid stenosis. However, these carotid endpoints differ in measurement protocol, biological meaning, and prognostic implications, and most available evidence is cross-sectional. Retinal imaging modalities, including optical coherence tomography and optical coherence tomography angiography, provide quantitative measures such as vessel density, foveal avascular-zone size, retinal nerve fiber layer thickness, and choroidal thickness that may parallel systemic vascular injury, but validated thresholds for carotid disease detection have not been established. Shared mechanisms, including chronic hyperglycemia, endothelial dysfunction, inflammation, oxidative stress, dyslipidemia, and hypoxia-driven angiogenic signaling, may contribute to both retinal and carotid abnormalities; insulin resistance is particularly relevant to type 2 diabetes and metabolic syndrome, whereas diabetes duration and glycemic exposure are central across diabetes types. This narrative review therefore summarizes the associations between retinal microvascular changes and specific carotid vascular changes, while emphasizing that many findings may be influenced by shared risk factors and that most studies show association rather than causation or proven clinical utility. Current evidence supports multidisciplinary awareness and comprehensive cardiovascular risk-factor management in people with diabetes, but it does not yet justify retinal findings or OCTA metrics as validated triggers for screening asymptomatic patients with carotid ultrasonography. Prospective studies are needed to show whether combined retinal and carotid assessment improves diagnosis, risk prediction, cost-effectiveness, and patient outcomes before it can be recommended as a routine screening strategy.",Atherosclerosis plus,2026,10.1016/j.athplu.2026.100608,PMC13597187,Journal Article; Review,early_risk,PubMed,peripheral,3,"early_risk=risk assessment,risk prediction; risk_factors=age,dyslipidemia,insulin resistance,metabolic syndrome; exclusions=retinopathy,vascular complication; established_t2d=diabetes duration; experimental=rat; publication_type=narrative review"
42772320,Prevalence of liver fibrosis and steatotic liver disease in community-dwelling adults in China (the CHESS-LiverHealth project): cross-sectional baseline data from a prospective cohort study.,"BACKGROUND: Chronic liver disease is rapidly increasing worldwide, largely driven by the growing epidemics of overweight and obesity, diabetes, and harmful alcohol consumption. China has the world's largest population with these conditions, but has scarce prospective, community-based data to estimate the true burden of chronic liver disease. We aimed to estimate the prevalence of liver fibrosis and steatotic liver disease and identify their associated factors in community-dwelling adults in China. METHODS: The CHESS-LiverHealth project was an investigator-initiated, prospective, community-based cohort study conducted at 18 sites corresponding to county-level units in 13 provincial-level administrative regions in China. Community-dwelling adults aged 18 years or older were enrolled and underwent vibration-controlled transient elastography (VCTE). We report cross-sectional baseline data from this study. The primary outcome was the prevalence of liver fibrosis, as estimated by a liver stiffness measurement (LSM) of 8 kPa or more. Secondary outcomes included the prevalence of liver fibrosis at higher LSM thresholds (≥10 kPa and ≥12 kPa), steatotic liver disease (controlled attenuation parameter ≥248 dB/m) and its severity categories, and steatotic liver disease subtypes-metabolic dysfunction-associated steatotic liver disease (MASLD), metabolic and alcohol-associated liver disease (MetALD), and alcohol-associated liver disease (ALD)-together with factors associated with these outcomes. FINDINGS: Between Sept 23, 2024, and Jan 23, 2026, 38 859 individuals entered the recruitment pathways, of whom 29 023 were enrolled. After exclusion of individuals with previous cirrhosis, liver cancer or other malignancies, those with missing or unreliable VCTE measurements, and those with incomplete baseline information, 25 736 individuals were included in this analysis. These individuals had a median age of 51·0 years (IQR 38·0-60·0); 11 548 (44·9%) were male and 14 188 (55·1%) were female. The prevalence of LSM of 8 kPa or more was 4·4% (95% CI 4·2-4·7; n=1136), LSM 10 kPa or more was 1·6% (1·5-1·8; n=421), and LSM 12 kPa or more was 0·8% (0·7-0·9; n=205). Steatotic liver disease was present in 43·7% (43·1-44·3; n=11 242) of participants, with MASLD in 39·5% (38·9-40·1; n=10 162), MetALD in 2·0% (1·8-2·2; n=516), and ALD in 1·6% (1·5-1·8; n=411) of participants. The highest prevalences of LSM of 8 kPa or more were observed in individuals with obesity (10·7% [9·8-11·6]; n=487 of 4560) and type 2 diabetes (10·7% [9·7-11·8]; n=365 of 3400). In multivariable analyses, male sex, older age, heavy alcohol consumption, an Alcohol Use Disorders Identification Test score of 16 or more, overweight or obesity, central obesity, prediabetes or type 2 diabetes, hypertension, dyslipidaemia, and an increasing number of cardiometabolic risk factors were independently associated with both LSM of 8 kPa or more and steatotic liver disease. Chronic viral hepatitis was also independently associated with LSM of 8 kPa or more. INTERPRETATION: Liver fibrosis and steatotic liver disease are prevalent in community-dwelling Chinese adults, driven by metabolic factors and alcohol consumption. These findings identify chronic liver disease as a major public health challenge in China. Community-based, non-invasive screening integrated with metabolic and alcohol risk assessment might offer a crucial opportunity for early detection and targeted interventions to curb the progression to cirrhosis and hepatocellular carcinoma. FUNDING: Zhongda Hospital, School of Medicine, Southeast University.",The lancet. Gastroenterology & hepatology,2026,10.1016/S2468-1253(26)00224-4,,Journal Article,early_risk,PubMed,peripheral,1,"early_risk=prediabetes,risk assessment; risk_factors=age,central obesity,hypertension,obesity,overweight; exclusions=cancer,liver fibrosis; experimental=rat"
42767594,Chronic Obstructive Pulmonary Disease versus Type 2 Diabetes Mellitus: A Comparative and Additive Risk Assessment of Bone Health in a Nationwide Propensity Score-Matched Cohort.,"BACKGROUND: Chronic obstructive pulmonary disease (COPD) and type 2 diabetes mellitus (T2DM) are both associated with bone fragility through distinct mechanisms. COPD is characterized by accelerated bone resorption, whereas T2DM is associated with impaired bone quality despite preserved bone mineral density. RESEARCH QUESTION: Does COPD confer greater skeletal hazards than T2DM, and does concomitant COPD and T2DM further increase the risks of osteoporosis and fractures? STUDY DESIGN AND METHODS: We conducted a nationwide retrospective cohort study using Taiwan's National Health Insurance Research Database. Propensity score matching was applied to construct three comparison cohorts of patients with T2DM, COPD, and concomitant COPD and T2DM. Adjusted hazard ratios (aHRs) for incident osteoporosis, major osteoporotic fractures (MOF), and site-specific fractures were estimated using multivariable Cox proportional hazards models after adjustment for demographic characteristics, comorbidities, and medication use. RESULTS: Compared with T2DM, COPD was associated with a significantly higher hazard of osteoporosis (aHR, 1.51; 95% CI, 1.35-1.69). Patients with concomitant COPD and T2DM also had higher hazards of osteoporosis (aHR, 1.39; 95% CI, 1.23-1.57), MOF (aHR, 1.19; 95% CI, 1.08-1.32), spine fractures (aHR, 1.35; 95% CI, 1.16-1.58), and radioulnar fractures (aHR, 1.21; 95% CI, 1.02-1.43) than patients with T2DM alone. In contrast, osteoporosis and fracture risks were comparable between patients with concomitant COPD and T2DM and those with COPD alone. Subgroup analyses identified significant effect modification by sex, with the association between COPD and osteoporosis being stronger in men than in women. INTERPRETATION: COPD is significantly more toxic to the skeleton than T2DM, and their coexistence amplifies fracture susceptibility compared to T2DM alone. Importantly, male patients with COPD represent a distinctly vulnerable population, exhibiting a pronounced susceptibility to disease-induced bone loss. Clinicians must prioritize early and targeted osteoporosis screening for COPD patients, especially men.",Chest,2026,10.1016/j.chest.2026.09.018,,Journal Article,early_risk,PubMed,peripheral,-6,early_risk=risk assessment; exclusions=fracture; established_t2d=patients with t2dm; experimental=rat
42763204,[Progress in research of association between bone mineral density and fracture in patients with type 2 diabetes mellitus].,"Although type 2 diabetes mellitus (T2DM) patients have normal or even elevated bone mineral density, they still face increased risk for fracture, a phenomenon known as the ""Diabetes-bone mineral density paradox"". This paper summarizes current domestic and international evidences regarding changes in bone mineral density, fracture risk, and the potential underlying mechanisms in patients with T2DM. Existing studies indicate that bone mineral density changes in T2DM patients are heterogeneous. In contrast, evidence for an increased fracture risk is relatively consistent, especially for hip fractures. Potential mechanisms might involve enhanced bone formation associated with hyperinsulinemia, as well as the combined effects of advanced glycation end products accumulation, low bone turnover, microarchitectural deterioration, and impaired bone quality. The ""diabetes-bone mineral density paradox"" suggests that the assessment of diabetes-related bone fragility should not rely solely on bone mineral density, but also consider bone quality and bone microstructure parameters. Multidimensional prospective studies are needed in the future to further improve fracture risk assessment for patients with T2DM.",Zhonghua liu xing bing xue za zhi = Zhonghua liuxingbingxue zazhi,2026,10.3760/cma.j.cn112338-20260127-00073,,Journal Article; Review; English Abstract,early_risk,PubMed,peripheral,-6,"early_risk=risk assessment; exclusions=fracture; established_t2d=patients with t2dm,patients with type 2 diabetes; experimental=rat"
42760994,The association between the triglyceride-glucose index and diabetic peripheral neuropathy: a systematic review and meta-analysis.,"BACKGROUND: Diabetic peripheral neuropathy (DPN) is a prevalent and severe microvascular complication of type 2 diabetes mellitus (T2DM). Early risk screening and warning are critical for slowing disease progression. The triglyceride-glucose (TyG) index, a simple and efficient surrogate marker for assessing insulin resistance (IR), has been proven to be closely associated with various diabetic complications. However, existing studies on the association between the TyG index and the risk of DPN have yielded inconsistent findings, and relevant evidence still lacks systematic synthesis. METHODS: A systematic review and meta-analysis were conducted. We systematically searched databases including PubMed, Embase, Web of Science, CNKI, Wanfang, and CQVIP to enroll observational studies exploring the association between the TyG index and the risk of DPN in patients with T2DM. Two investigators independently performed literature screening, data extraction, and quality assessment. The random-effects and fixed-effects models were applied to pool effect sizes, and subgroup analyses were carried out to explore potential sources of heterogeneity. RESULTS: A total of 14 studies involving 32,281 participants were included. The results showed that a higher TyG index was associated with an increased risk of DPN, with a pooled odds ratio (OR) of 2.614 (95% CI: 1.788-3.821, P < 0.0001) and a pooled hazard ratio (HR) of 1.248 (95% CI: 1.003-1.553, P = 0.0471). This positive correlation remained consistent across most subgroups stratified by age, sample size, BMI, and adjustment for confounding factors. However, the association did not reach statistical significance in the non-China subgroup. CONCLUSION: Elevated TyG levels are associated with an increased risk of DPN in patients with T2DM. However, the causal relationship requires further validation. These findings may serve as a reference for clinical screening of DPN risk. SYSTEMATIC REVIEW REGISTRATION: https://www.crd.york.ac.uk/prospero, identifier CRD420261373476.",Frontiers in endocrinology,2026,10.3389/fendo.2026.1901899,PMC13585577,Journal Article; Systematic Review; Meta-Analysis,early_risk,PubMed,peripheral,-12,"risk_factors=age,bmi,insulin resistance; exclusions=neuropathy,vascular complication; established_t2d=patients with t2dm; experimental=rat; publication_type=systematic review,meta-analysis"
42751891,"Vitamin D metabolites, genetic variants, and risk of cardiovascular diseases among individuals with newly diagnosed type 2 diabetes: a prospective study.","Evidence regarding individual vitamin D metabolites and cardiovascular diseases (CVD) among individuals with type 2 diabetes (T2D) remains limited. This study aimed to investigate the prospective associations of plasma vitamin D metabolites with incident CVD among individuals with newly diagnosed T2D. This study included 1122 participants with newly diagnosed T2D from the Dongfeng-Tongji Cohort study in China. Plasma vitamin D metabolites were quantified using liquid chromatography-tandem mass spectrometry. Sixty single-nucleotide polymorphisms (SNPs) in genes involved in vitamin D metabolic pathways were genotyped. Incidence of CVD was ascertained via electronic health records. During 9284 person-years of follow-up, we documented 520 incident CVD cases. Higher concentrations of plasma 24,25(OH)2D3 and 25(OH)D3 were associated with a lower risk of incident CVD; comparing the highest with the lowest quartiles, multivariable-adjusted HRs (95% CIs) were 0.71 (0.55, 0.92) and 0.74 (0.58, 0.96), respectively. After false discovery rate (FDR) correction for multiple comparisons, the inverse association with 24,25(OH)2D3 remained statistically significant (PFDR = 0.012), whereas the association with 25(OH)D3 was marginally significant (PFDR = 0.064). No significant associations were observed for 3-epi-25(OH)D3 (0.81 [0.63-1.05]) or vitamin D3 (0.97 [0.76-1.24]). Restricted cubic spline analysis suggested a potential nonlinear association between 25(OH)D2 and CVD risk (P for overall = 0.007; P for nonlinearity = 0.002). In exploratory genetic analyses, nominal associations were observed for variants in CYP2R1 and CYP3A4, as well as for their potential interactions with vitamin D metabolites, although none remained significant after FDR correction. These findings suggest that vitamin D metabolites may have distinct associations with incident CVD among individuals with T2D, highlighting the importance of distinguishing individual vitamin D metabolites in CVD risk assessment. These findings warrant further validation in independent populations.",Food & function,2026,10.1039/d6fo02277d,,Journal Article,early_risk,PubMed,peripheral,-1,early_risk=risk assessment; experimental=rat
42750344,Free Fatty Acids and Sarcopenia Risk in Type 2 Diabetes: Insights From SHAP Analysis.,"BACKGROUND: Sarcopenia is a prevalent and disabling complication of Type 2 diabetes mellitus (T2DM), which significantly elevates the risks of falls, fractures, institutionalization, and all-cause mortality. Lipotoxicity mediated by circulating free fatty acids (FFA) is crucial in the pathogenesis of diabetes-related sarcopenia, but the independent association and dose-response pattern between serum FFA levels and sarcopenia risk in T2DM patients remain poorly clarified. METHODS: This single-center cross-sectional study enrolled 299 patients with T2DM. Sarcopenia was diagnosed in accordance with the 2019 Asian Working Group for Sarcopenia criteria. Fasting serum FFA levels were measured by enzymatic colorimetry. Sequential multivariate logistic regression, restricted cubic spline (RCS) analysis, receiver operating characteristic (ROC) curve, calibration curve, decision curve analysis (DCA), and SHapley Additive exPlanations (SHAPs) analysis were applied to explore the association and predictive value of FFA. RESULTS: The overall prevalence of sarcopenia was 23.4%. After full adjustment for confounders, log-transformed FFA remained an independent risk factor for sarcopenia (OR = 2.73, 95% CI: 1.31-5.70, p = 0.007). RCS analysis identified a significant nonlinear relationship with a threshold at 0.6 mmol/L; sarcopenia risk declined slightly with increasing FFA below this threshold, but rose steeply and linearly when FFA exceeded 0.6 mmol/L. FFA showed excellent predictive performance with an AUC of 0.852, satisfactory calibration and significant clinical net benefit. SHAP analysis confirmed FFA as the core predictive feature, and the association was consistent across all prespecified subgroups. CONCLUSIONS: Serum FFA levels are independently and nonlinearly associated with sarcopenia risk in T2DM patients, with a clinically actionable threshold of 0.6 mmol/L. FFA can serve as a simple, accessible, and cost-effective biomarker for early risk stratification of sarcopenia in patients with T2DM.",Geriatrics & gerontology international,2026,10.1111/ggi.70835,PMC13583366,Journal Article,early_risk,PubMed,peripheral,-25,"exclusions=falls,fracture,sarcopenia; established_t2d=patients with t2dm; experimental=rat"
42760230,Chronic coffee consumption and diabetogenic risk: data from the PAMELA study.,"BACKGROUND AND AIM: The present study was designed to investigate a controversial issue, namely whether and to what extent chronic coffee consumption is associated with an increased diabetogenic risk. METHODS AND RESULTS: We examined data collected cross-sectionally and prospectively in 1158 healthy subjects belonging to the general population of the Pressioni Arteriose Monitorate E Loro Associazioni (PAMELA) study. Results collected at the cross-sectional examination performed at baseline show fasting serum glucose (89.4 ± 12.6 vs 89.9 ± 20.9 mg/dl, means ± SD, PNS) and incidence of impaired fasting glucose (IFG, 8.1%vs 5.5%, PNS) superimposable in coffee consumers (≥2-3 cups of coffee per day) and non-consumers. This was the case also when incidence of diabetes mellitus and use of antidiabetic drug treatment were examined. Furthermore, data collected at the 10-years follow-up examination show that the risk of new IFG and new diabetes mellitus was similar in coffee consumers and non-consumers. CONCLUSIONS: The results of the present PAMELA study suggest that in our general population chronic consumption of coffee has a neutral long-term impact on glucose metabolism.","Nutrition, metabolism, and cardiovascular diseases : NMCD",2026,10.1016/j.numecd.2026.104987,,Journal Article,prediabetes_progression,PubMed,peripheral,1,"glycemic=fasting glucose,impaired fasting glucose; experimental=rat"
42723036,Carotid plaque burden across the glycaemic spectrum: a cross-sectional study.,"BACKGROUND: Dysglycaemia accelerates atherosclerosis, but the extent to which carotid plaque burden and morphology differ across the full glycaemic spectrum, and which cardiometabolic factors are most strongly associated with this burden, remain incompletely characterised. This study aimed to evaluate carotid plaque burden and morphology across the glycaemic spectrum, from normoglycaemia to type 2 diabetes mellitus (T2D). METHODS: This cross-sectional study included 169 participants: 24 normoglycaemic controls, 28 with prediabetes, and 117 with T2D stratified by glycaemic control. All underwent clinical, laboratory, and carotid ultrasonographic assessment. Plaque presence, morphology, and stenosis severity were evaluated. Multivariable logistic regression and receiver operating characteristic analyses were performed. RESULTS: Carotid plaque was present in 50.9% of participants (0% in normoglycaemia, with 8.3% showing isolated intima-media thickness [IMT] increase); a combined outcome of carotid plaque or isolated IMT increase was present in 60.4% overall. Carotid plaque prevalence increased markedly from normoglycaemia (0%) to prediabetes (42.9%) and ranged from 58.6% to 72.4% across the HbA1c-defined T2D subgroups, without a consistent further increase within this range (p < 0.001). Plaque morphology also differed across glycaemic categories, with echolucent plaques proportionally more frequent in prediabetes and echogenic plaques predominating in T2D. In the multivariable model, age, urinary albumin-to-creatinine ratio (UACR), and total cholesterol were independent predictors of carotid plaque, whereas diabetes duration, HOMA-IR, and glycated haemoglobin (HbA1c) were not (AUC 0.821). CONCLUSIONS: Carotid plaque burden is markedly higher across the dysglycaemic spectrum than in normoglycaemia, and is already substantial in prediabetes, suggesting early subclinical vascular involvement. Age, UACR, and total cholesterol, rather than HbA1c alone, showed the strongest associations with carotid atherosclerosis. Carotid ultrasonography, including assessment of plaque morphology, may provide additional information for cardiovascular risk stratification beyond glycaemic status alone. This potential role merits evaluation in future prospective studies.",BMC endocrine disorders,2026,10.1186/s12902-026-02455-z,PMC13563818,Journal Article,prediabetes_progression,PubMed,peripheral,-6,"early_risk=prediabetes; glycemic=hba1c; risk_factors=age; exclusions=atherosclerosis,carotid atherosclerosis; established_t2d=diabetes duration; experimental=rat"
42798559,Pooled prevalence of anxiety and depressive symptoms among adults with type 2 diabetes: a systematic review and meta-analysis.,"PURPOSE: Anxiety and depressive symptoms are highly prevalent among individuals with type 2 diabetes mellitus (T2DM), yet they remain underdiagnosed despite their substantial impact on health outcomes. In addition to impairing treatment adherence, these conditions may contribute to the development of chronic complications, reduce quality of life, and, in severe cases, increase mortality. Therefore, this review aims to estimate the pooled prevalence of anxiety symptoms and depressive symptoms among adults with T2DM and to explore potential sources of between-study heterogeneity, including assessment instruments and cut-off points. METHODS: PubMed, Embase, PsycINFO, Scopus, and Web of Science were searched from inception to July 6, 2026. After screening 6,948 records according to PRISMA 2020, 34 cross-sectional studies involving 21,024 participants were included. We considered observational studies involving adults with T2DM that reported the prevalence of anxiety symptoms or depressive symptoms assessed using validated screening instruments or diagnostic criteria. Two reviewers independently screened the records, extracted the data, and assessed the risk of bias. Separate random-effects meta-analyses were conducted for anxiety symptoms and depressive symptoms. RESULTS: Thirty-four cross-sectional studies involving 21,024 participants were included. The pooled prevalence was 43.82% for anxiety symptoms (95% CI 36.86-50.90; [Formula: see text]) and 41.83% for depressive symptoms (95% CI 33.83-50.06; [Formula: see text]). Estimates varied substantially across assessment instruments and cut-off points. Several studies reported associations with sex, glycemic control, and social support; however, differences in the definitions, measurements, and analytical methods prevented quantitative pooling of these factors. CONCLUSION: Anxiety and depressive symptoms were frequently reported among adults with T2DM. However, the extreme between-study heterogeneity limits the interpretation of the pooled estimates, which should be understood as summary measures across diverse study populations rather than universal prevalence estimates. These findings should not be interpreted as estimates of clinically diagnosed anxiety or depressive disorders. SUPPLEMENTARY INFORMATION: The online version contains supplementary material available at https://doi.org/10.1007/s40200-026-02079-z.",Journal of diabetes and metabolic disorders,2026,10.1007/s40200-026-02079-z,PMC13612785,Journal Article; Review,screening,PubMed,peripheral,-13,"exclusions=anxiety; established_t2d=adults with type 2 diabetes; experimental=rat; publication_type=systematic review,meta-analysis"
42798458,Repurposing a prostate tumor marker: elevated FPSA/TPSA ratio as a novel non-invasive biomarker for declining eGFR in male type 2 diabetes.,"BACKGROUND: Diabetic kidney disease (DKD) lacks accessible, cost-effective biomarkers for early screening. Given the distinct clearance pathways of free prostate-specific antigen (FPSA, renally excreted) and total prostate-specific antigen (TPSA, hepatically metabolized), this study investigated the association between serum FPSA/TPSA ratio and estimated glomerular filtration rate (eGFR) in male patients with type 2 diabetes mellitus (T2DM). METHODS: In this real-world cross-sectional study, 4,487 male patients with T2DM were retrospectively enrolled. eGFR was determined using the Kidney Disease: Improving Global Outcomes (KDIGO)-recommended Chronic Kidney Disease Epidemiology Collaboration (CKD-EPI) creatinine-cystatin C (Cr-CysC) equation. Multivariable linear regression and subgroup analyses were conducted to elucidate the independent effect of the FPSA/TPSA ratio on eGFR, with adjustment for age, prostate-specific diseases, and metabolic confounders. RESULTS: Baseline TPSA levels remained stable across renal function stages (median 0.9ng/ml, P = 0.524), minimizing interference from macroscopic prostate pathologies. After adjustment for age and metabolic profiles, the FPSA/TPSA ratio exhibited a robust independent negative association with eGFR (β = -0.2, P < 0.001). This inverse correlation remained consistent across all clinical subgroups (P for interaction > 0.05), with a more pronounced predictive trend among elderly patients (≥ 65 years). Notably, our multivariable models also captured the chronic kidney disease ""lipid paradox"", whereby higher triglyceride levels paradoxically correlated with preserved eGFR (β = 0.51, P = 0.018). CONCLUSION: An elevated serum FPSA/TPSA ratio is a robust, non-invasive indicator of declining eGFR in male patients with T2DM and may improve DKD risk stratification and early clinical warning without additional economic burden.",Frontiers in endocrinology,2026,10.3389/fendo.2026.1905743,PMC13612289,Journal Article,screening,PubMed,peripheral,-18,"risk_factors=age; exclusions=chronic kidney disease,diabetic kidney disease; established_t2d=patients with t2dm,patients with type 2 diabetes; experimental=rat"
42795462,"Toward AI-Driven Detection of Asymptomatic Chronic Conditions from Stool Metagenomics and Dietary Data: A Multimodal Deep Learning Framework for T1DM, T2DM, MOS/PCOS, Cancer, and Autoimmune Disease.","Chronic non-communicable conditions-type 1 and type 2 diabetes mellitus (T1DM, T2DM), metabolic obesity syndrome (MOS), polycystic ovary syndrome (PCOS), colorectal and extra-intestinal cancers, and systemic autoimmune disease-share a prolonged asymptomatic phase during which conventional screening is invasive, insensitive, or resource-intensive. This review synthesizes the 2021-2026 literature on fecal microbiome-based artificial intelligence (AI) diagnostics across these conditions, extracting reported discrimination, validation strategy, microbial and short-chain fatty acid (SCFA) biomarkers, and cross-cohort reproducibility. Across the primary classifier studies tabulated here, reported areas under the curve (AUCs) span 0.76-0.99 under internal validation but 0.69-0.91 under external or cross-population validation; in the four studies reporting both, the median AUC falls from 0.875 to 0.810. Verified external-validation values include 0.82 for colorectal cancer, 0.79 for T2DM and 0.792 for discrimination of systemic lupus erythematosus from rheumatoid arthritis and controls. Clinical readiness turns on this internal-to-external gap more than on the headline AUC. We propose a multimodal deep learning architecture coupled with explainable AI; no component has been implemented or evaluated on data, and it is presented as a design proposal. Fecal-microbiome-based multimodal AI is technically feasible but clinically unvalidated, pending prospective, harmonized cross-cohort trials.",Microorganisms,2026,10.3390/microorganisms14091880,PMC13609121,Journal Article; Review,screening,PubMed,peripheral,-7,"risk_factors=age,diet,dietary,obesity; exclusions=cancer,falls; experimental=rat"
42794786,CRISPR Technologies in Type 2 Diabetes: From Mechanistic Insights to Therapeutic Discovery.,"Type 2 diabetes (T2D) is a complex metabolic disorder driven by the interplay of genetic susceptibility, β-cell dysfunction, and insulin resistance. Although genome-wide association studies (GWAS) have identified numerous T2D risk loci, translating these genetic findings into biological mechanisms and therapeutic strategies remains challenging. The emergence of CRISPR (Clustered Regularly Interspaced Short Palindromic Repeats)-based technologies has provided powerful tools for precise genome manipulation and functional interrogation of disease-associated genes and genetic variations. This review summarizes the development of CRISPR technologies and highlights their applications in T2D research. We review the application of CRISPR technologies in T2D genetic factor analysis and high-throughput phenotypic screening, with a focus on three key areas: glucose metabolism, lipid metabolism, and pancreatic functionality. We further examine the role of CRISPR in therapeutics that target pancreatic β-cells via gene correction, stress protection, and epigenetic reprogramming. Finally, we briefly discuss the major challenges encountered in the applications of CRISPR technology, including delivery efficiency, off-target effects, safety concerns and ethical considerations.",International journal of molecular sciences,2026,10.3390/ijms27188360,PMC13607165,Journal Article; Review,screening,PubMed,peripheral,-3,risk_factors=insulin resistance; experimental=rat
42789757,Alcohol use disorder and cardiovascular risk in type 2 diabetes: beyond alcohol consumption.,"AIMS: Alcohol use disorder (AUD) is a chronic neuropsychiatric condition associated with clustering cardiovascular risk factors, yet its independent contribution to incident cardiovascular disease in type 2 diabetes (T2D) remains incompletely defined. METHODS AND RESULTS: Using the Korean National Health Insurance Service database, we identified 364 950 adults with T2D (AUD, n = 4888 [1.34%]; non-AUD, n = 360 062 [98.66%]) who underwent national health screening in 2012. Incident major adverse cardiovascular events (MACE), defined as a composite of myocardial infarction, ischaemic stroke, and cardiovascular death, were ascertained over a median follow-up of 10.2 years. Associations were evaluated using multivariable Cox proportional hazards models. AUD was independently associated with a higher risk of incident MACE (hazard ratio [HR] 1.70; 95% confidence interval [CI], 1.59-1.82), with the strongest association for cardiovascular death (HR 2.37; 95% CI, 2.06-2.72 Among individuals without AUD, a J-shaped association between alcohol consumption and MACE was observed. In contrast, among those with AUD, cardiovascular risk remained elevated across all levels of alcohol intake (all P < 0.001), including among low-risk drinkers (HR 1.44; 95% CI, 1.30-1.61). The association was most pronounced in middle-aged adults (40-64 years; HR 1.89; 95% CI, 1.75-2.05). CONCLUSION: In adults with T2D, AUD was associated with increased risk of incident MACE, even after adjustment for self-reported alcohol consumption volume. These findings suggest that assessment of disordered drinking may complement volume-based alcohol evaluation in cardiovascular risk stratification, although prospective studies are needed to confirm its clinical utility.",European journal of preventive cardiology,2026,10.1093/eurjpc/zwag455,,Journal Article,screening,PubMed,peripheral,-13,"risk_factors=age; exclusions=myocardial infarction,stroke; experimental=rat"
42787001,"Ethnic differences in the patterns, incidence and prevalence of multiple long-term conditions: a systematic review protocol.","BACKGROUND: Multiple long-term conditions (MLTC) or multimorbidity is increasing among populations worldwide in the last decades. Less is known about the prevalence, incidence, socio-demographic patterning and combinations of long-term conditions among different ethnic groups globally. This systematic review protocol plans to review the current literature to understand the incidence, patterns, prevalence, and impact of MLTC in different ethnic populations. METHODS: This systematic review will include quantitative studies (cohort studies, cross-sectional, case-control, and baseline data from Randomised Control Trials) reporting on MLTC among adults across different ethnic groups in all settings (primary care, community or hospital). The following databases will be searched: Ovid MEDLINE, EMBASE, PsycINFO, CINAHL, ASSIA and COCHRANE CENTRAL using a combination of search terms including MLTC or multimorbidity and ethnicity. The exposure of interest is ethnicity, and included studies will report on at least one of these outcomes by ethnicity or a proxy of it: 1. prevalence and incidence of MLTC; 2. MLTC types (combinations or patterns of conditions including physical-only, mental and physical and complex multimorbidity, which is three or more (3+) chronic conditions across 3+ body system), and 3. health related outcomes (healthcare utilisation and mortality). Two reviewers will screen potential articles by titles/abstracts and full texts independently. A synthesis without meta-analysis approach to comprehensively summarise the key attributes and findings reported from each included study will be employed initially. Meta-analysis will be conducted where data allow, to estimate the risk of MLTC in minority ethnic groups vs majority ethnicity. DISCUSSION: Some studies suggest people from ethnic minority backgrounds have a greater burden of MLTC, yet they are usually underserved in health research. Synthesising primary studies that focus on MLTC and ethnicity in this review will provide a global overview of prevalence or incidence data and their reported health outcomes among diverse ethnic populations.",Wellcome open research,2026,10.12688/wellcomeopenres.25227.2,PMC13598395,Journal Article,screening,PubMed,peripheral,-3,"experimental=rat; publication_type=systematic review,meta-analysis"
42784439,Factors Associated With Falls Among the Elderly With Type 2 Diabetes in Urban Shanghai: A Cross-Sectional Study.,"AIM: This study is aimed at identifying the factors associated with falls among community-dwelling elderly individuals with Type 2 diabetes mellitus (T2DM) in urban Shanghai, China. METHODS: The study analyzed data from 842 diabetic patients aged 60 years or older. Information about associated factors and main outcome measures was collected using structured questionnaires. Chi-square tests and binary logistic regression were used to identify factors associated with falls. RESULTS: Among the participants, 239 (28.4%) experienced at least one fall and 41 (17.2%) of these fallers had recurrent falls in the past 1 year. Univariate analysis identified a range of potential factors for falls, including physical impairments (e.g., dizziness, fatigue, unsteadiness), psychological factors (e.g., depression, activity restriction due to fear of falling), and adverse lifestyle factors (e.g., inactivity, poor sleep, frequent nocturia) (p < 0.05). Logistic regression analysis revealed that balance test score (OR = 1.687, 95% CI: 1.162-2.447, p = 0.006), PHQ-9 depression category (OR = 1.663, 95% CI: 1.028-2.691, p = 0.038) and activity restriction due to fear of falling (OR = 2.503, 95% CI: 1.752-3.575, p < 0.001) were independently associated with falls. For recurrent falls, activity restriction due to fear of falling remained significantly associated across models (OR range: 2.045-2.165, p < 0.05). CONCLUSION: Falls were common among elderly diabetic residents in urban Shanghai, and multiple factors were identified as potential correlates. Our findings support the use of multidomain screening to identify high-risk individuals for falls and to inform targeted assessment approaches, warranting further prospective investigations.",Journal of diabetes research,2026,10.1155/jdr/8624656,PMC13606027,Journal Article,screening,PubMed,peripheral,-8,"risk_factors=age; exclusions=depression,falls"
42783419,Lifestyle and Psychosocial Determinants of Type 2 Diabetes Risk Across Adulthood: The Role of Burnout in a Large Occupational Cohort.,"BACKGROUND: Lifestyle behaviors and psychosocial factors are key determinants of cardiometabolic health across the life course. Beyond traditional risk factors, emerging evidence suggests that chronic stress and burnout may influence metabolic risk through behavioral pathways such as physical inactivity and poor diet. However, their joint contribution to type 2 diabetes risk in working populations remains insufficiently understood. OBJECTIVES: Our objectives were to examine the joint contribution of lifestyle habits, sociodemographic factors, and burnout to type 2 diabetes risk, and to explore potential behavioral pathways linking psychosocial stress to metabolic risk in a large adult population. METHODS: A cross-sectional study was conducted in 92,480 Spanish workers undergoing routine occupational health assessments between 2021 and 2023. Type 2 diabetes risk was assessed using validated tools (FINDRISC, QDScore, CANRISK). Lifestyle indicators included adherence to the Mediterranean diet and physical activity levels; burnout was assessed using the Burnout Assessment Tool (BAT). Multivariable logistic regression models were used to evaluate associations between determinants and diabetes risk. Mediation analyses were performed to assess the contribution of lifestyle behaviors to the association between burnout and diabetes risk, and predictive performance analyses evaluated the incremental value of burnout. RESULTS: Burnout was independently associated with a higher probability of moderate-to-high diabetes risk across all screening tools. Exploratory cross-sectional mediation analyses indicated that lifestyle behaviors, particularly physical inactivity and low adherence to the Mediterranean diet, statistically accounted for approximately 45% of the observed association. Adding burnout to the models significantly improved discrimination and reclassification of moderate-to-high diabetes-risk classification. In addition, higher diabetes risk was consistently observed among individuals from lower socioeconomic groups and those with unhealthy lifestyle profiles. CONCLUSIONS: Lifestyle behaviors and psychosocial stress were associated with estimated diabetes risk across adulthood. Burnout was independently associated with a higher probability of moderate-to-high diabetes-risk classification, with exploratory analyses suggesting that lifestyle behaviors may statistically account for part of this association. These cross-sectional findings highlight the potential relevance of considering both behavioral and psychosocial factors when studying cardiometabolic risk in working populations, while prospective studies are needed to establish temporal and causal relationships.","Medical sciences (Basel, Switzerland)",2026,10.3390/medsci14050546,PMC13609176,Journal Article,screening,PubMed,peripheral,3,"risk_factors=diet,physical activity,physical inactivity,socioeconomic; experimental=rat"
42774416,Sarcopenia and diabetes in older adults in the decade of healthy aging: A comprehensive review.,"The incidence and prevalence of metabolic diseases like type 2 diabetes mellitus increases with age due to increase in insulin resistance and changes in body composition. With advancements in the management of diabetes and its complications, life expectancy of diabetic patients has increased, leading to an increase in number of older people. Sarcopenia refers to progressive and generalized loss of muscle mass with reduced muscle performance and strength, integral to the aging process. Sarcopenia is both a risk factor for and a complication of type 2 diabetes mellitus. Sarcopenia can be assessed by measuring muscle mass, strength, and muscle function. The clinical relevance of sarcopenia is more among aging population as it is associated with reduced mobility, increased incidence of falls and fractures, dependence, functional disability, cognitive impairment, depression, and mortality. It is of paramount importance to screen the older diabetic population for the presence of sarcopenia and implement appropriate therapeutical strategies focusing on adequate nutrition intake and regular physical activity.","Medical journal, Armed Forces India",2026,10.1016/j.mjafi.2025.06.013,PMC13594493,Journal Article; Review,screening,PubMed,peripheral,-14,"risk_factors=age,insulin resistance,physical activity; exclusions=depression,falls,fracture,sarcopenia; experimental=rat"
42774103,"Comparative screening performance and multicenter validation of novel inflammatory biomarkers (NLR, SII, and CAR) for risk stratification of diabetic foot ulcer in patients with type 2 diabetes mellitus.","OBJECTIVE: To compare the screening performance of the neutrophil-to-lymphocyte ratio (NLR), systemic immune-inflammation index (SII), and C-reactive protein-to-albumin ratio (CAR) for risk stratification of diabetic foot ulcer (DFU) in patients with type 2 diabetes mellitus (T2DM), and to develop an integrated risk screening model with clinically applicable cutoff values. METHODS: This multicenter retrospective cross-sectional study included hospitalized patients with T2DM from Dujiangyan People's Hospital and Chongqing University Fuling Hospital between January 2024 and December 2025. Demographic characteristics, clinical variables, and laboratory parameters were collected, and NLR, SII, and CAR were calculated. Univariate and multivariate logistic regression analyses were performed to identify risk factors associated with DFU, and these results were combined with random forest analysis for variable selection. Four risk screening models were subsequently constructed. Model discrimination was evaluated using receiver operating characteristic (ROC) curves, area under the curve (AUC), and DeLong's test. Optimal cutoff values were determined using the Youden index. Model stability was assessed using bootstrap resampling (1000 iterations). Calibration performance was evaluated using the Hosmer-Lemeshow test and calibration curves, while clinical utility was assessed by decision curve analysis (DCA). A prespecified sensitivity analysis excluding patients with moderate-to-severe DFU infection was performed. The Fuling cohort served as an independent external validation cohort, with the development-derived threshold fixed and applied without recalibration. RESULTS: A total of 962 patients from the Dujiangyan cohort (161 with DFU, 16.7%) and 600 patients from the Fuling cohort (204 with DFU, 34.0%) were included. Multivariate logistic regression analysis demonstrated that CAR was significantly associated with DFU in both cohorts [Dujiangyan cohort: odds ratio (OR) per 0.1-unit increase = 1.029, 95% confidence interval (CI): 1.017-1.041, P < 0.001; Fuling cohort: OR = 1.013, 95% CI: 1.001-1.025, P = 0.031]. The integrated risk model (Model 4) achieved an AUC of 0.84 (95% CI: 0.80-0.87) in internal validation, with a bias-corrected C-index of 0.83 (95% CI: 0.80-0.87) and good calibration (Hosmer-Lemeshow P = 0.866). In the external validation cohort, Model 4 achieved an AUC of 0.61 (95% CI: 0.56-0.66) using the fixed development-derived threshold (0.136). However, a prespecified sensitivity analysis excluding patients with moderate-to-severe DFU infection substantially attenuated the CAR association in both cohorts, indicating that CAR's performance is largely driven by acute infection-related inflammation. CONCLUSION: CAR is independently associated with prevalent DFU in hospitalized patients with T2DM, but its association is largely driven by acute infection-related inflammation. The integrated risk model demonstrated good internal discrimination and modest external performance, and may assist in cross-sectional risk stratification for hospitalized patients; however, local recalibration is recommended before clinical deployment, and prospective studies in non-infected populations are needed before broader implementation.",Frontiers in medicine,2026,10.3389/fmed.2026.1890603,PMC13593486,Journal Article,screening,PubMed,peripheral,-10,"established_t2d=patients with t2dm,patients with type 2 diabetes; experimental=rat"
42772751,Assessment of Cardiorespiratory Fitness in Individuals With Type 2 Diabetes Mellitus: Protocol for a Systematic Review and Meta-Analysis.,"BACKGROUND: Reduced cardiorespiratory fitness (CRF) is a well-recognized but underaddressed complication of type 2 diabetes mellitus (T2DM), contributing substantially to cardiovascular morbidity, mortality, and reduced quality of life. Evidence related to pulmonary function, functional exercise capacity, and autonomic dysfunction in T2DM remains fragmented and methodologically heterogeneous. OBJECTIVE: This protocol describes a systematic review and meta-analysis that aims to synthesize evidence on CRF in adults with T2DM, evaluate associated clinical and demographic determinants, and examine relationships with glycemic control and diabetes-related outcomes. METHODS: The protocol is registered with PROSPERO (CRD420251009300) and follows PRISMA-P (Preferred Reporting Items for Systematic Review and Meta-Analyses Protocols) guidelines. A comprehensive search of PubMed, Cochrane Library, Web of Science, ClinicalTrials.gov, World Health Organization's International Clinical Trials Registry Platform, and gray literature will be conducted for studies published between 2013 and 2024. Randomized controlled trials, cohort studies, and cross-sectional and case-control studies involving adults with T2DM will be included. Primary outcomes include pulmonary function test parameters, 6-minute walk test distance, and heart rate variability indexes. Two reviewers will independently screen studies, extract data, and assess risk of bias using the Revised Cochrane Risk-of-Bias Tool for Randomized Trials (RoB 2), Newcastle-Ottawa Scale, and the JBI critical appraisal tools, as appropriate. Meta-analyses will be performed using random-effects models when sufficient homogeneity exists. The GRADE (Grading of Recommendations Assessment, Development and Evaluation) framework will be used to assess certainty of evidence. RESULTS: The study was approved by the Doctoral Research Committee on December 19, 2024, and the Standing Scrutiny Committee and Institutional Ethical Committee on October 1, 2025. Data collection began after approval in December 2024, and the meta-analysis was completed in April 2026. The results of the meta-analysis will be published in August 2026. CONCLUSIONS: The findings will support evidence-based clinical assessment and guide future research on integrative cardiopulmonary and autonomic evaluation in T2DM. TRIAL REGISTRATION: PROSPERO CRD420251009300; https://www.crd.york.ac.uk/PROSPERO/view/CRD420251009300. INTERNATIONAL REGISTERED REPORT IDENTIFIER (IRRID): DERR1-10.2196/91185.",JMIR research protocols,2026,10.2196/91185,,Journal Article,screening,PubMed,peripheral,-3,"experimental=rat; publication_type=systematic review,meta-analysis,guideline"
42758219,Adolescent Obesity: A Stepwise Clinical Approach.,"Adolescent obesity is one of the most pressing pediatric public health challenges of this generation, with a near tripling of prevalence over three decades. Most adolescents with obesity have an exogenous cause, but a small proportion harbor pathological causes that warrant timely recognition. The Indian context is distinctive as complications develop at lower BMI thresholds, low birth weight and a family history of type 2 diabetes are key predictors of metabolic risk, and metabolically healthy obesity is observed in around 40% of obese children. Stepwise evaluation distinguishing exogenous from pathological causes, followed by screening for metabolic and mechanical complications, provides cost-effective assessment. Management combines structured lifestyle change with judicious pharmacotherapy and bariatric surgery in carefully selected adolescents. Prevention strategies anchored in early-life nutrition, physical activity, sleep, and screen-time regulation remain the cornerstone of long-term control.",Indian journal of pediatrics,2026,10.1007/s12098-026-06466-5,4481652,Journal Article; Review,screening,PubMed,peripheral,-2,"risk_factors=age,bmi,family history,obesity,physical activity; exclusions=cognition; experimental=rat"
42755175,Layered Effects of LDL-C Burden and Variability on Cardiovascular Events and Mortality in Type 2 Diabetes: A Nationwide Cohort Study.,"AIMS: To assess whether threshold-based low-density lipoprotein cholesterol (LDL-C) burden and visit-to-visit variability jointly stratify cardiovascular and mortality risk in adults with Type 2 diabetes (T2DM). MATERIALS AND METHODS: We studied 258 183 Korean adults with T2DM who underwent National Health Insurance Service health screening in 2015-2016. LDL-C burden was defined as the number of measurements ≥ 130 mg/dL across four examinations (0-4), and variability was assessed using average successive variability (Q4 vs. Q1-Q3). Outcomes through 2022 were incident cardiovascular disease (CVD), myocardial infarction (MI), ischemic stroke, cardiovascular mortality, and all-cause mortality. Adjusted hazard ratios (HRs) were estimated using Cox models. RESULTS: During a median 7.14 years, composite CVD occurred in 10 886 participants. Incidence was 6.22 versus 6.62 per 1000 person-years in participants with 0 versus 4 LDL-C elevation episodes; adjusted HRs increased from 1.10 (95% CI 1.04-1.15) to 1.49 (1.39-1.60). The association was stronger for MI (HR 1.66, 1.52-1.82) than for stroke (HR 1.32, 1.20-1.46). High variability modestly increased CVD risk overall (HR 1.09, 1.05-1.14), but in the four-episode group, Q4 had a higher event rate than Q1-Q3 (7.49 vs. 6.47 per 1000 person-years). Cardiovascular mortality risk was elevated only at the highest burden (HR 1.48, 95% CI 1.21-1.81) and increased further with concurrent Q4 variability (HR 2.48, 95% CI 1.53-4.00). All-cause mortality was inversely associated overall, but this pattern was modified by high variability, particularly in younger adults or longer-duration diabetes subgroups. CONCLUSIONS: In T2DM, LDL-C burden and variability jointly identified patients at greater risk, especially for MI and cardiovascular mortality.","Diabetes, obesity & metabolism",2026,10.1111/dom.71356,,Journal Article,screening,PubMed,peripheral,-18,"risk_factors=age; exclusions=myocardial infarction,stroke; established_t2d=adults with type 2 diabetes; experimental=rat"
42800899,Knowledge and Attitudes Regarding Continuous Glucose Monitors as Predictors of Current Use.,"PURPOSE: The purpose of this study was to evaluate the individual influences of knowledge and attitudes about continuous glucose monitors (CGMs) among adults with type 1 or type 2 diabetes. METHODS: Adults diagnosed with type 1 or type 2 diabetes completed an online survey regarding knowledge and attitudes about CGM use. Knowledge was measured using the benefits subscale of the CGM Satisfaction Scale, and attitudes were measured using the hassles subscale. Binomial regression was used to evaluate the individual influence of knowledge and attitudes and their predictive ability for current CGM use. RESULTS: A total of 58 adults participated. Of these, 38 (66%) reported current CGM use, and among current users, 90% reported a diagnosis of type 1 diabetes, and 10% reported a diagnosis of type 2 diabetes. Attitudes regarding CGM were statistically better than knowledge. Current use of a CGM correlated with knowledge and attitudes, and therefore, knowledge and attitudes were entered into binomial logistic regression. The model was statistically significant, explaining 36% of the variance in current CGM use. Participants with better attitudes were more likely to use a CGM, while those with greater knowledge were less likely to do so. CONCLUSIONS: Consistent with the hypothesis, knowledge and attitudes influenced use of CGM differently. Based on these findings, patient education to promote use of CGM should focus on improving attitudes regarding the hassles of CGM as these exert the greatest influence on current use.",The science of diabetes self-management and care,2026,10.1177/26350106261483745,,Journal Article,diagnosis,PubMed,peripheral,0,
42799518,Diabetic Autonomic Neuropathy Among Patients With Diabetes in Rural Warangal in India: A Cross-Sectional Study.,"Background Diabetic autonomic neuropathy (DAN) is a common but frequently underdiagnosed complication of diabetes mellitus that affects multiple organ systems and contributes to increased morbidity and mortality. Early identification using simple screening tools is essential, particularly in resource-limited primary care settings. However, community-based data on DAN from rural India remain limited. Objectives The objective of this study is to estimate the proportion of screen-positive DAN and identify factors associated with its occurrence among individuals with type 2 diabetes mellitus in rural Warangal, Telangana. Methods A community-based cross-sectional study was conducted among 400 adults aged ≥30 years with previously diagnosed type 2 diabetes mellitus residing in the rural field practice area of Kakatiya Medical College, Warangal, during 2020-2021. Participants were selected through simple random sampling from the Non-Communicable Disease (NCD) register. Data were collected using a pre-tested semi-structured questionnaire. DAN was screened using the validated Composite Autonomic Symptom Score (COMPASS-31), with a score ≥17 indicating DAN. Descriptive statistics, binary logistic regression, and multivariable logistic regression analyses were performed to identify independent predictors. A p-value <0.05 was considered statistically significant. Results The prevalence of diabetic autonomic neuropathy was 21.0% (84/400). On multivariable logistic regression analysis, younger age (≤44 years) (adjusted odds ratio (AOR): 3.10), female sex (AOR: 1.72), illiteracy (AOR: 1.85), unemployment (AOR: 1.67), smoking (AOR: 7.95), alcohol consumption (AOR: 5.21), inadequate daily vegetable intake (AOR: 1.64), physical inactivity (AOR: 1.72), and poor glycaemic control (random blood glucose ≥200 mg/dL; AOR: 6.03) were identified as significant independent factors associated with DAN (p<0.05). Conclusion Approximately one in five individuals with type 2 diabetes in this rural population had DAN. Lifestyle-related factors, poor glycaemic control, and adverse socioeconomic characteristics were independently associated with DAN. Community-based screening using validated symptom-based tools such as COMPASS-31, along with interventions promoting glycaemic control and healthy lifestyle practices, may facilitate early detection and reduce the burden of diabetic complications in rural settings.",Cureus,2026,10.7759/cureus.115194,PMC13614469,Journal Article,diagnosis,PubMed,peripheral,-2,"risk_factors=age,physical inactivity,smoking,socioeconomic; exclusions=neuropathy; experimental=rat"
42799419,Recurrent Euglycemic Diabetic Ketoacidosis Weeks After SGLT2 Inhibitor Cessation: A Case Report.,"Euglycemic diabetic ketoacidosis (EDKA) is a complication of sodium-glucose cotransporter-2 (SGLT2) inhibitors that is being increasingly documented. It is challenging to diagnose, especially in critically ill patients because hyperglycemia is absent or mild. We report the case of a 71-year-old man with type 2 diabetes mellitus previously treated with dapagliflozin, which had been discontinued 2 weeks before presentation, who was admitted for tracheostomy and percutaneous endoscopic gastrostomy (PEG) placement in the context of a neurodegenerative disorder. On postoperative day 2, he was transferred to the intensive care unit (ICU) for aspiration pneumonia complicated by septic shock. He subsequently experienced recurrent episodes of high anion gap metabolic acidosis associated with positive ketonuria and relative euglycemia. The initial episode was interpreted as mixed septic lactic acidosis and SGLT2 inhibitor-associated EDKA, whereas later episodes were more consistent with isolated recurrent EDKA. Management consisted of treatment of the underlying septic shock, and repeated courses of fixed intravenous (IV) insulin infusions to close the anion gap while maintaining euglycemia. This case demonstrates the importance of suspecting EDKA, especially in critically ill patients on SGLT2 inhibitors who present with unexplained high anion gap metabolic acidosis, even when lactic acidosis is present. Early diagnosis and treatment are essential to prevent complications and relapse.",Case reports in endocrinology,2026,10.1155/crie/9610048,PMC13613943,Journal Article,diagnosis,PubMed,peripheral,-3,risk_factors=age; experimental=rat
42798655,Case Report: Unicentric Castleman disease at the superior border of the pancreatic body mimicking a pancreatic neuroendocrine tumor: a case report and literature review.,"Peripancreatic unicentric Castleman disease is rare and may mimic a primary pancreatic neoplasm because it often presents as a well-circumscribed hypervascular mass. We report a 26-year-old woman with type 2 diabetes mellitus in whom an incidentally detected upper abdominal mass was initially considered to arise from the pancreatic body. Computed tomography and magnetic resonance imaging showed a sharply marginated hypervascular lesion with diffusion restriction at the superior border of the pancreatic body, leading to a preoperative suspicion of pancreatic neuroendocrine tumor. Laparoscopic exploration revealed a well-encapsulated mass in the lesser sac closely abutting the superior surface of the pancreas. A clear dissection plane between the lesion and the pancreatic parenchyma allowed complete excision without pancreatic resection or splenectomy. Histopathological examination confirmed hyaline vascular-type unicentric Castleman disease. The postoperative course was uneventful, and no residual or recurrent lesion was detected during 1 year of follow-up; glycemic status also remained stable. This case highlights that close proximity of a hypervascular mass to the pancreas does not necessarily indicate pancreatic origin. Careful multiplanar imaging and direct intraoperative assessment of the lesion-pancreas interface may help determine the appropriate surgical extent and avoid unnecessary pancreatic resection when complete excision is technically feasible.",Frontiers in surgery,2026,10.3389/fsurg.2026.1947071,PMC13612572,Case Reports; Journal Article,diagnosis,PubMed,peripheral,-5,experimental=rat
42798428,Higher visceral fat area is inversely associated with ketosis in Chinese patients with type 2 diabetes mellitus: a cross-sectional study.,"BACKGROUND: The relationship between visceral fat area (VFA) and ketosis remains a subject of debate, with a paucity of research specifically addressing this association in individuals with type 2 diabetes mellitus (T2DM). This research seeks to investigate the connection between VFA and ketosis among Chinese patients diagnosed with T2DM. METHODS: A cross-sectional study was performed, encompassing 1,058 patients with T2DM from real-world clinical environments. Body composition and visceral obesity were assessed through bioelectrical impedance analysis. The clinical characteristics of patients across varying quartiles of VFA were compared, and the relationships between VFA quartiles, visceral obesity, and ketosis were investigated. RESULTS: After adjusting for age, gender and diabetes duration, ketosis prevalence appeared to gradually decrease across ascending VFA quartiles, with rates of 15.5%, 11.5%, 9.1% and 5.3% respectively, presenting a statistically significant trend (P < 0.001). Higher VFA categories tended to correlate with higher MASLD prevalence and elevated C-peptide levels (P < 0.001 for trend). Multivariate binary logistic regression indicated a potential inverse link between visceral obesity (OR = 0.409, 95%CI: 0.251-0.644, P<0.001), VFA quartile and ketosis occurrence among T2DM patients (P = 0.022 for trend). CONCLUSIONS: Higher visceral fat mass was associated with a lower prevalence of ketosis. Evaluation of visceral fat status can provide reference for personalized diet and medication management. Attention should be paid to ketosis in patients with low visceral fat.",Frontiers in endocrinology,2026,10.3389/fendo.2026.1948929,PMC13612281,Journal Article,diagnosis,PubMed,peripheral,-4,"risk_factors=age,diet,obesity; established_t2d=diabetes duration,patients with t2dm,patients with type 2 diabetes; experimental=rat"
42796308,Clinical and Biomechanical Predictors of Forefoot Plantar Pressure in Individuals with Type 2 Diabetes and Peripheral Neuropathy.,"Background and Objectives: Abnormal plantar pressure distribution is an important biomechanical risk factor for diabetic foot ulceration in individuals with type 2 diabetes (T2D) and peripheral neuropathy. Although several factors have been linked to increased forefoot plantar pressure, factors associated with the forefoot-to-rearfoot pressure ratio remain unclear. This study aimed to investigate the clinical factors associated with the forefoot-to-rearfoot pressure ratio and peak forefoot pressure in this population. Materials and Methods: This study was a cross-sectional analysis of 84 individuals with T2D and peripheral neuropathy enrolled in a randomized controlled trial. Vibration perception threshold (VPT), passive ankle dorsiflexion range of motion, ankle stiffness, plantar pressure distribution, body mass index (BMI), HbA1c, duration of diabetes, and foot deformities were assessed. Multiple linear regression analyses were performed to identify factors associated with plantar pressure outcomes. Results: The model for forefoot-to-rearfoot pressure ratio explained 51.2% of the variance (adjusted R2 = 0.467); ankle stiffness (β = 0.505, p < 0.001), foot deformity (β = 0.194, p = 0.030), and ankle dorsiflexion range of motion (β = -0.363, p = 0.001) were independent predictors. The model for peak forefoot pressure explained 31.4% of the variance (adjusted R2 = 0.251); ankle stiffness (β = 0.337, p = 0.002), foot deformity (β = 0.278, p = 0.009), and BMI (β = 0.226, p = 0.029) were independent predictors. HbA1c, diabetes duration, and VPT were not significant in either model. Conclusions: In individuals with T2D and peripheral neuropathy, plantar pressure distribution, particularly forefoot loading, appears to be more closely related to biomechanical and structural factors than to metabolic indicators. These findings suggest that assessment of ankle stiffness, joint mobility, and foot posture may provide clinically relevant information for identifying biomechanical factors associated with unfavorable plantar loading in individuals with T2D and peripheral neuropathy.","Medicina (Kaunas, Lithuania)",2026,10.3390/medicina62091701,PMC13609213,Journal Article; Randomized Controlled Trial,diagnosis,PubMed,peripheral,-8,"glycemic=hba1c; risk_factors=bmi,body mass index; exclusions=neuropathy; established_t2d=diabetes duration; experimental=rat"
42795915,"Serum Neurofilament Light Chain in Diabetic Polyneuropathy: Associations with Neuropathy Burden, Balance Impairment, and Fear of Falling.","Objective: To compare serum neurofilament light chain (NfL) concentrations between individuals with type 2 diabetes mellitus (T2DM) with and without diabetic polyneuropathy (DPN), and to examine associations with neuropathy burden, balance impairment, fear of falling, and fall history. Methods: This analytical cross-sectional study included 88 participants with T2DM (44 with DPN and 44 without DPN). Serum NfL was measured by enzyme-linked immunosorbent assay (ELISA); neuropathy burden was assessed with the Michigan Neuropathy Screening Instrument (MNSI), balance with the Berg Balance Scale (BBS), and fear of falling with the Falls Efficacy Scale-International (FES-I). Results: Serum NfL was higher in DPN than non-DPN participants [3.47 (2.68-4.77) vs. 2.47 (1.48-3.07) pg/mL; p < 0.001]. NfL correlated with MNSI-A (ρ = 0.562), MNSI-B (ρ = 0.550), FES-I (ρ = 0.431), falls (ρ = 0.344), and BBS (ρ = -0.450) (all p ≤ 0.001). In the comprehensively adjusted model, the NfL association was attenuated (adjusted odds ratio [aOR] = 1.352; 95% confidence interval [CI], 0.991-1.844; p = 0.057). NfL showed moderate discrimination (area under the receiver operating characteristic curve [AUC] = 0.716; 95% CI, 0.607-0.825); the internally derived Youden threshold was ≥2.823 pg/mL (sensitivity 72.7%, specificity 65.9%). Conclusions: NfL may be a complementary marker of DPN-related neuropathy and functional burden, but the adjusted association was attenuated and the study-specific threshold requires external validation. Study Registration: ClinicalTrials.gov identifier NCT07480330. The study was prospectively registered; the initial registry release occurred on 14 March 2026, before study initiation on 25 March 2026.",Journal of clinical medicine,2026,10.3390/jcm15187142,PMC13607116,Journal Article,diagnosis,PubMed,peripheral,-15,"exclusions=falls,neuropathy; experimental=rat"
42795722,Low Serum C-Peptide and Albuminuria Severity in Type 2 Diabetes Mellitus: A Cross-Sectional Study.,"Background/Objectives: Lower serum C-peptide, reflecting reduced beta-cell reserve, has been linked to diabetic complications, but whether these associations are independent of diabetes duration and glycaemic control is unclear. The objective of this study was to determine which microvascular and macrovascular complications of type 2 diabetes mellitus (T2DM) remain associated with fasting C-peptide after adjustment for these factors. Methods: In this single-centre, cross-sectional study with consecutive prospective enrolment, non-pregnant adults with an established diagnosis of T2DM attending routine outpatient follow-up were eligible; those with pancreatic malignancy or exocrine pancreatic insufficiency, monogenic or autoimmune diabetes, or acute hyperglycaemic crises were excluded. A total of 590 patients were stratified by fasting C-peptide into insufficient (<1.0 ng/mL; n = 35), borderline (1.0-1.8 ng/mL; n = 212) and normal/high (≥1.8 ng/mL; n = 343) groups. Logistic regression adjusted for age, sex, diabetes duration, HbA1c and body mass index assessed each complication. Receiver operating characteristic analysis using DeLong's test assessed incremental discrimination. Results: In the unadjusted analyses, every complication was more frequent at lower C-peptide. After adjustment, C-peptide was not associated with the presence of albuminuria (insufficient versus normal/high, odds ratio 1.60, 95% CI 0.16-15.86) but was strongly associated with its severity: for severely increased or nephrotic-range albuminuria, the adjusted odds ratios were 13.47 (5.33-34.07) and 6.90 (3.83-12.44) in the insufficient and borderline groups (both p < 0.001). Adding C-peptide to a model of diabetes duration, HbA1c and fasting glucose was associated with a statistically significant, but modest, improvement in discrimination for severe albuminuria (area under the curve of 0.748 to 0.783; ΔAUC = 0.035, p = 0.027). Associations with macrovascular complications were present in the unadjusted analyses but were substantially attenuated after adjustment and no longer statistically significant, except for peripheral arterial disease and foot ulcer, which remained associated with insufficient C-peptide in models based on small numbers of events and should be regarded as exploratory. Conclusions: Low C-peptide was independently associated with the severity of albuminuria rather than its presence and was associated with a modest incremental improvement in discrimination. These exploratory findings suggest that C-peptide, an inexpensive and widely available measurement, may provide information associated with advanced diabetic kidney disease; prospective, externally validated studies are needed before clinical application.",Journal of clinical medicine,2026,10.3390/jcm15186950,PMC13607856,Journal Article,diagnosis,PubMed,peripheral,-10,"glycemic=fasting glucose,hba1c; risk_factors=age,body mass index; exclusions=diabetic kidney disease,vascular complication; established_t2d=diabetes duration; experimental=rat"
42795560,Association Between Thiazolidinedione Therapy and Tuberculosis-Related Events in Type 2 Diabetes: A Population-Based Cohort Study.,"Tuberculosis (TB) remains a major global health burden, and diabetes mellitus increases the risk of active TB. Thiazolidinediones (TZDs) have immunomodulatory effects, but their association with TB remains unclear. This study investigated the associations between TZD use and TB-related events in patients with type 2 diabetes (T2D), including TB requiring anti-TB treatment, pulmonary TB, and TB-related hospitalization. Using Taiwan's National Health Insurance Research Database, adults with newly diagnosed T2D between 2000 and 2017 were identified. Propensity score matching and Cox proportional hazards models were used to estimate adjusted hazard ratios (aHRs) and 95% confidence intervals (CIs) for TB requiring anti-TB treatment, pulmonary TB, and TB-related hospitalization. After 1:1 matching, 44,095 TZD user-nonuser pairs and 9225 rosiglitazone user-nonuser pairs were identified. Overall, TZD use was not significantly associated with TB-related outcomes. However, rosiglitazone use was associated with lower risks of TB requiring anti-TB treatment (aHR, 0.56; 95% CI, 0.36-0.86), pulmonary TB (aHR, 0.79; 95% CI, 0.68-0.92), and TB-related hospitalization (aHR, 0.59; 95% CI, 0.43-0.81). Rosiglitazone use was associated with lower risks of TB-related outcomes in the primary Cox analyses; however, these associations were attenuated in time-dependent analyses and were no longer statistically significant after accounting for death as a competing event. These observational findings should therefore be considered hypothesis-generating rather than evidence of a causal or protective effect and require confirmation using more robust causal-inference approaches.",Microorganisms,2026,10.3390/microorganisms14091979,PMC13609190,Journal Article,diagnosis,PubMed,peripheral,-10,established_t2d=patients with type 2 diabetes; experimental=rat
42794768,Trajectory-Oriented Brain Vulnerability Framework for Cognitive Decline in Type 2 Diabetes.,"Type 2 diabetes mellitus (T2DM) is associated with heterogeneous cognitive and functional trajectories rather than a single diabetes-specific encephalopathy. This structured narrative review proposes a conceptual, hypothesis-generating exposure-injury-structure-function framework linking metabolic, vascular, and frailty-related exposures with molecular and neurovascular injury, structural change, cognitive decline, and loss of independence. Its contribution is the temporal assignment of measurements, lagged testing between adjacent levels, and comparison with clinical-risk and unordered biomarker models. For example, a study-specific threshold of at least 10% improvement in held-out root-mean-square error for 24-36-month executive/processing-speed decline could indicate incremental value. Repeated failure of a specified temporal link challenges that link; failure to improve prediction rejects incremental predictive value, not biological plausibility. Molecular hypotheses focus on AGE-RAGE signalling, NLRP3-IL-1β activation, mitochondrial quality control, endothelial dysfunction, and neuroglial injury, although human timing is uncertain. Sodium-glucose cotransporter-2 (SGLT2) inhibitors and glucagon-like peptide-1 receptor agonists (GLP-1 RAs) are considered complementary therapeutic probes. Both offer systemic benefits, but neither has proven efficacy in preventing cognitive decline or direct target engagement in the human brain. Visceral adiposity, skeletal-muscle health, sarcopenia, sex/gender, kidney function, co-pathology, and reserve are treated as exposures or modifiers. This framework is intended for longitudinal research, not clinical staging or treatment selection.",International journal of molecular sciences,2026,10.3390/ijms27188342,PMC13607053,Journal Article; Review,diagnosis,PubMed,peripheral,-9,"risk_factors=age,visceral adiposity; exclusions=cognitive decline,sarcopenia; experimental=rat; publication_type=narrative review"
42793581,"Awareness of Diabetic Ketoacidosis and Associated Factors Among Adults with Diabetes or a Family Member with Diabetes in Jazan, Saudi Arabia.","Background: Diabetic ketoacidosis (DKA) is a life-threatening acute complication of diabetes mellitus that requires prompt recognition and timely management to reduce morbidity and mortality. Public awareness of DKA remains suboptimal in many settings, particularly among individuals with direct exposure to diabetes. This study aimed to assess DKA awareness and identify factors associated with appropriate DKA awareness among adults with personal or familial exposure to diabetes in the Jazan region of Saudi Arabia. Methods: A cross-sectional online survey was conducted among adults in the Jazan region between October 2024 and May 2025. Respondents with a personal diagnosis of diabetes or a family member diagnosed with diabetes were included. The questionnaire assessed sociodemographic characteristics, reported diabetes-related characteristics, and DKA awareness across multiple domains, including disease recognition, risk factors, precipitating factors, complications, prevention, and emergency management. Awareness was evaluated using a predefined scoring system, with scores ≥ 6/10 (≥60% of the maximum score) classified as appropriate DKA awareness. Factors associated with appropriate awareness were examined using chi-square tests and multivariable logistic regression. Results: A total of 417 respondents were included in the analysis, of whom 150 (36.0%) reported a personal diagnosis of diabetes and 267 (64.0%) reported having a family member with diabetes. Overall, 138 respondents (33.1%; 95% CI, 28.7-37.7%) demonstrated appropriate DKA awareness. Awareness varied across individual domains, with particularly limited recognition of DKA precipitating factors and preventive measures. In multivariable logistic regression analysis, age < 45 years (adjusted odds ratio [aOR] = 3.08, 95% CI: 1.47-6.48; p = 0.003), student status (aOR = 2.40, 95% CI: 1.18-4.90; p = 0.016), monthly household income > 15,000 SAR (aOR = 4.14, 95% CI: 1.83-9.37; p = 0.001), and a personal diagnosis of diabetes (aOR = 2.20, 95% CI: 1.29-3.75; p = 0.004) were independently associated with higher odds of appropriate DKA awareness. Reporting type 1 or type 2 diabetes, compared with an unknown diabetes type, was also independently associated with appropriate awareness. Educational attainment was not independently associated with awareness after multivariable adjustment. Conclusions: Overall DKA awareness among adults with personal or familial exposure to diabetes in the Jazan region was suboptimal. Appropriate DKA awareness was independently associated with younger age, student status, higher household income, and respondent relationship to diabetes. The association with reported diabetes type should be interpreted cautiously, as it may reflect greater familiarity with diabetes rather than an effect of diabetes subtype itself. These findings support the implementation of targeted educational strategies that include both individuals living with diabetes and their family members to improve recognition of DKA and promote timely healthcare seeking during acute diabetic emergencies. However, the findings should be interpreted in light of the non-probability, social-media-based recruitment strategy, which may have disproportionately represented younger and more highly educated individuals and limits population-level generalizability.","Healthcare (Basel, Switzerland)",2026,10.3390/healthcare14183042,PMC13606367,Journal Article,diagnosis,PubMed,peripheral,-8,risk_factors=age; exclusions=cognition; experimental=rat
42793510,Association Between Baseline Glucagon-like Peptide-1 Receptor Agonist Use and Newly Documented Depression Diagnosis in Adults with Type 2 Diabetes: A Multi-State Medicaid Cohort Study.,"Background/Objectives: Glucagon-like peptide-1 receptor agonists (GLP-1 RAs) are increasingly prescribed for type 2 diabetes mellitus (T2DM). However, its mental health safety profile in routine care, particularly among Medicaid beneficiaries, remains uncertain. We aim to examine the association between glucagon-like peptide-1 receptor agonist (GLP-1 RA) use and newly documented depression diagnosis among adults with type 2 diabetes mellitus (T2DM) enrolled in Medicaid. Methods: We conducted a retrospective longitudinal cohort study using the 2022-2023 Merative™ MarketScan® Multi-State Medicaid Database. Adults aged 18-64 years with T2DM, continuous Medicaid enrollment, and no documented depression during the 2022 baseline period were included. Baseline GLP-1 RA use was assessed in 2022, and newly diagnosed depression was identified in 2023. Associations were estimated using multivariable logistic regression, inverse probability weighting (IPW), and a doubly robust estimator. Results: Among 74,760 eligible adults, 14,953 (20.0%) were GLP-1 RA users. Incident depression occurred in 12.9% of users and 11.1% of non-users (absolute difference, 1.8 percentage points; p < 0.001). GLP-1 RA use was associated with higher odds of newly documented depression diagnosis in multivariable analysis (adjusted OR 1.10, 95% CI 1.04-1.16), IPW analysis (OR 1.09, 95% CI 1.03-1.15), and doubly robust analysis (OR 1.09, 95% CI 1.03-1.15). Conclusions: Baseline GLP-1 RA use was associated with modestly higher odds of a newly documented depression diagnosis during the subsequent year. Prospective studies are needed to determine whether this association is causal.","Healthcare (Basel, Switzerland)",2026,10.3390/healthcare14182971,PMC13606689,Journal Article,diagnosis,PubMed,peripheral,-13,risk_factors=age; exclusions=depression; established_t2d=adults with type 2 diabetes; experimental=rat
42792629,"Mitophagy and Noncoding RNA Regulation in Type 2 Diabetes Mellitus: Molecular Mechanisms, Tissue-Specific Evidence and Translational Perspective.","Despite significant therapeutic advances, T2DM remains a global public health challenge that leads to multiple complications, including cardiovascular, renal, hepatic, and neurodegenerative disorders. Mitochondrial dysfunction and impaired mitophagy remain fundamental, yet incompletely understood, mechanisms driving pancreatic β-cell failure, chronic inflammation, insulin resistance and diabetic complications. Emerging evidence indicates that noncoding RNAs (including microRNAs, long noncoding RNAs, and circular RNAs) are critical regulators of mitophagy and mitochondrial quality control mechanisms across metabolically active tissues. This review comprehensively examines the interplay between mitochondrial dysfunction, mitophagy impairment, and T2DM pathophysiology. It provides an overview of recent mechanistic insights into mitophagy-noncoding RNA interactions in T2DM, emphasizing tissue-specific effects, and highlights the translational potential of mitophagy-associated proteins and regulatory ncRNAs as diagnostic biomarkers and therapeutic targets. By bridging fundamental molecular biology with translational and clinical perspectives, further it provides a comprehensive framework to guide future research, accelerate biomarker discovery, and support the development of personalized interventions aimed at reducing the growing worldwide burden of T2DM and its complications.",Biomedicines,2026,10.3390/biomedicines14091886,PMC13604183,Journal Article; Review,diagnosis,PubMed,peripheral,-3,risk_factors=insulin resistance; experimental=rat
42791914,Dual-Biomarker Oral-Rinse Testing for aMMP-8 and Calprotectin: A Potential Adjunctive Tool for Risk Stratification and Interdisciplinary Referral in Periodontitis and Type 2 Diabetes.,"Periodontitis is a chronic, biofilm-induced inflammatory disease characterized by episodic connective tissue destruction and is epidemiologically associated with cardiometabolic conditions, notably type 2 diabetes (T2D) and cardiovascular disease (CVD). Conventional clinical signs do not reliably distinguish quiescent from actively progressing disease, which delays intervention and interdisciplinary referral. Chair-side point-of-care testing (POCT) of oral fluids offers a pragmatic, non-invasive adjunct for real-time assessment of disease activity, not only in dental but also in medical settings. This narrative review, reported in line with the Scale for the Assessment of Narrative Review Articles (SANRA), examines the clinical rationale and current evidence for oral-rinse POCT targeting active matrix metalloproteinase-8 (aMMP-8) and calprotectin. Oral-rinse aMMP-8 reflects disease-active collagenolysis and shows the more robust single-marker performance for periodontitis, whereas oral-fluid calprotectin, a neutrophil-derived S100A8/A9 protein, behaves as a predominantly local inflammatory signal and lacks validated oral-fluid reference ranges. Combining the two markers may add information beyond either alone when used in tandem as a complementary pair, but the supporting data are heterogeneous, largely exploratory, and hypothesis-generating. Dual-biomarker oral-rinse POCT is therefore best framed as a risk-stratification and referral aid rather than a stand-alone diagnostic, with combined interpretation potentially supported by AI technologies. Standardized pre-analytics, transparent threshold reporting, oral-fluid calprotectin reference values, and prospective multicenter validation are required before broad implementation.","Bioengineering (Basel, Switzerland)",2026,10.3390/bioengineering13091042,PMC13603151,Journal Article; Review,diagnosis,PubMed,peripheral,-1,risk_factors=age; experimental=rat; publication_type=narrative review
42791433,GLP-1 Receptor Agonists in Heart Failure: A Systematic Review and Meta-analysis with Phenotype-Specific Effects and Dual Analytical Frameworks.,"BACKGROUND: Although glucagon-like peptide-1 receptor agonists (GLP-1 RAs) reduce cardiovascular risk in patients with type 2 diabetes mellitus (T2D), evidence in heart failure (HF) has expanded across diverse trial populations and HF phenotypes but remains fragmented. We therefore performed an integrated systematic review and meta-analysis to evaluate the effects of GLP-1 RAs across the spectrum of HF using complementary trial-level and phenotype-based analyses. METHODS: PubMed, Embase, and Web of Science were systematically searched for studies published from inception to August 10, 2025. To provide an integrated assessment across heterogeneous HF populations, treatment effects were evaluated using dual analytical frameworks: trial-level analyses according to study design (dedicated HF with preserved ejection fraction [HFpEF] trials, HF with reduced ejection fraction [HFrEF] trials, and HF subgroups from cardiovascular outcome trials [CVOTs]) and phenotype-based analyses according to left ventricular ejection fraction (HFpEF vs HFrEF using a pragmatic threshold of 40%). A prespecified targeted analysis was conducted to specifically assess the efficacy of semaglutide. The primary outcomes were major adverse cardiovascular events (MACE), and the secondary outcomes included hospitalization for HF (HHF), the composite of cardiovascular death or any worsening HF events, cardiovascular death alone, and all-cause mortality. Pooled hazard ratios (HRs) with 95% confidence intervals (CIs) were calculated using random‑effects models. RESULTS: This meta-analysis included 14 trials, with a pooled total of 15,882 patients with HF. In phenotype‑based analyses for HFpEF, GLP‑1 RAs significantly reduced MACE (HR 0.79; 95% CI 0.66-0.94; p = 0.010), HHF (HR 0.48; 95% CI 0.27-0.85; p = 0.012), the composite of cardiovascular death or worsening HF (HR 0.57; 95% CI 0.37-0.89; p = 0.013), and all‑cause mortality (HR 0.75; 95% CI 0.62-0.89; p = 0.001). In contrast, in HFrEF, no significant reductions were observed for HHF, the composite of cardiovascular death or worsening HF, all-cause mortality, or MACE, although a reduction in cardiovascular death was noted (HR 0.71; 95% CI 0.54-0.95; p = 0.019). Trial-level analyses showed that cardiovascular benefits were primarily observed in HF subgroups from CVOTs, including reductions in MACE (HR 0.82; 95% CI 0.73-0.92; p = 0.001), cardiovascular death (HR 0.88; 95% CI 0.77-1.00; p = 0.05) and myocardial infarction (MI)/non-fatal MI (HR 0.84; 95% CI 0.70-1.00; p = 0.046). Semaglutide showed benefits in HHF and the composite of cardiovascular death or worsening HF events predominantly among overweight or obese patients with HFpEF. GLP-1 RAs also improved functional capacity and quality of life in HFpEF. CONCLUSION: GLP-1 RAs were associated with favorable cardiovascular and HF-related outcomes in HFpEF, predominantly among overweight or obese individuals, whereas evidence of benefit in HFrEF remains limited. In trial-level analyses, benefits were primarily observed for atherosclerotic endpoints in HF subgroups from CVOTs. By integrating evidence, this study provides a unified overview of the effects of GLP-1 RAs across the spectrum of HF and supports further phenotype-specific randomized trials, particularly dedicated studies in HFrEF. TRIAL REGISTRATION: Protocol registration PROSPERO (CRD420251079970).",Drugs,2026,10.1007/s40265-026-02380-4,8005924,Journal Article; Systematic Review,diagnosis,PubMed,peripheral,-16,"risk_factors=overweight; exclusions=heart failure,myocardial infarction; established_t2d=patients with type 2 diabetes; experimental=rat; publication_type=systematic review,meta-analysis"
42798482,A six-metabolite signature characterizes metabolically unhealthy obesity and reveals hidden metabolic risk within metabolically healthy obesity.,"BACKGROUND/OBJECTIVES: Metabolically healthy obesity (MHO) is commonly defined by the absence of metabolic syndrome-related abnormalities despite obesity. However, conventional clinical definitions may overlook substantial metabolic heterogeneity and hidden cardiometabolic risk. We aimed to identify metabolomic signatures distinguishing MHO from metabolically unhealthy obesity (MUHO), evaluate their discriminatory performance, and determine whether metabolomic profiling could further characterize heterogeneity within conventionally defined MHO. METHODS: We analyzed 13215 UK Biobank adults with obesity and available clinical biomarker and NMR-based metabolomic data. Metabolic health was defined using triglycerides, HDL cholesterol, hypertension, fasting glucose, type 2 diabetes, and lipid-lowering medication use. Univariable logistic regression and LASSO regression were used for metabolite selection. Logistic regression and XGBoost models were developed using clinical variables, metabolomic markers, and their combination. A weighted metabolic signature score was applied within the MHO group to characterize cross-sectional metabolic and clinical heterogeneity, and proteomic analyses were performed in approximately 1408 participants. RESULTS: A six-metabolite signature comprising HDL_size, S_HDL_CE, XL_HDL_TG, GlycA, M_VLDL_C, and Omega_3 was selected. The combined clinical-metabolomic model showed better discrimination than clinical variables alone in the test set, with AUCs of 0.78 and 0.69, respectively. Within MHO, higher metabolomic score was associated with higher triglycerides, HbA1c, waist-to-hip ratio, lower HDL cholesterol, and greater metabolic and cardiovascular comorbidity burden. Proteomic analyses identified 10 metabolite-associated core proteins implicating lipoprotein remodeling, adipokine signaling, inflammation, and vascular-related pathways. CONCLUSIONS: A six-metabolite signature distinguished MHO from MUHO and revealed hidden metabolic risk within conventionally defined MHO, provides a metabolomic framework for refining obesity phenotyping and warrants further validation before clinical translation.",Frontiers in endocrinology,2026,10.3389/fendo.2026.1910610,PMC13612310,Journal Article,hba1c,PubMed,peripheral,2,"glycemic=fasting glucose,hba1c; risk_factors=hypertension,metabolic syndrome,obesity; experimental=proteomic,rat"
42798315,COVID-19 and subsequent risk of coded diabetic retinopathy in patients with type 2 diabetes: a multicenter propensity score-matched cohort study.,"BACKGROUND: Evidence remains limited regarding whether coronavirus disease 2019 (COVID-19) is associated with the subsequent risk of EHR-recorded diabetic retinopathy (DR) during available follow-up in patients with type 2 diabetes mellitus (T2DM). We evaluated the risk of EHR-recorded DR and clinically relevant DR subtypes after severe acute respiratory syndrome coronavirus 2 (SARS-CoV-2) infection during follow-up within a maximum 5-year analytic window. METHODS: This retrospective multicenter cohort study used the TriNetX Global Collaborative Network. Adults with T2DM were classified into COVID-19 and control groups between January 1, 2020, and June 30, 2022. A 6-month landmark design was applied to reduce early outcome misclassification. After 1:1 propensity score matching, 773,768 patients were included in each group. The primary outcome was electronic health record (EHR)-recorded incident DR. Secondary outcomes included EHR-recorded DR subtypes (non-proliferative DR, proliferative DR, and diabetic macular edema) and glycemic events, including hyperglycemia (glucose ≥180 mg/dL), poor glycemic control (HbA1c ≥9%), and hypoglycemia (glucose <70 mg/dL). Secondary and supportive analyses were exploratory and were not adjusted for multiplicity. RESULTS: Median follow-up was 1,487 days in the COVID-19 group and 1,634 days in controls. EHR-recorded incident DR occurred more frequently in the COVID-19 group than in the control group (2.17% vs. 1.64%; absolute risk difference, 0.53 percentage points; hazard ratio [HR], 1.51; 95% confidence interval [CI], 1.48-1.55; p<0.001). COVID-19 was also associated with higher risks of non-proliferative DR (HR, 1.53; 95% CI, 1.49-1.58), proliferative DR (HR, 1.67; 95% CI, 1.57-1.78), and diabetic macular edema (HR, 1.75; 95% CI, 1.67-1.83). In addition, COVID-19 was associated with increased risks of glycemic events. The associations remained consistent across sensitivity analyses, including survivor-only, healthcare-visit-restricted, eye-care-visit-restricted, 1-year landmark, and 2-year landmark models. Exploratory severe-COVID analysis showed a similar direction of association. CONCLUSIONS: Among adults with T2DM, COVID-19 was associated with an increased risk of EHR-recorded incident DR, including coded vision-threatening subtypes (proliferative DR and diabetic macular edema), during follow-up. These findings suggest a possible association between COVID-19 and subsequent EHR-recorded DR during available follow-up, although residual confounding and differential ophthalmic surveillance cannot be excluded.",Frontiers in endocrinology,2026,10.3389/fendo.2026.1914361,PMC13612189,Journal Article; Multicenter Study,hba1c,PubMed,peripheral,-10,glycemic=hba1c; risk_factors=age; exclusions=retinopathy; established_t2d=patients with type 2 diabetes; experimental=rat
42798080,Quantitative evaluation of the effect of hyperlipidemia on carotid artery stiffness in patients with type 2 diabetes mellitus using shear wave elastography.,"Type 2 diabetes mellitus (T2DM) is a major risk factor for atherosclerotic cardiovascular disease (CVD), and hyperlipidemia (HLD) frequently coexists. Shear wave elastography (SWE) quantifies carotid stiffness and may improve CVD risk stratification. To evaluate the impact of HLD on carotid stiffness in T2DM using SWE. We conducted a cross-sectional study of 112 adults with T2DM: simple diabetes (Group B, n = 52) and T2DM with HLD (Group C, n = 60): and 55 healthy controls (Group A). Demographic, clinical, and biochemical data were collected. Conventional ultrasound measured carotid intima-media thickness, diastolic diameter, systolic diameter, and peak systolic velocity. Arterial distensibility and the stiffness coefficient were calculated. SWE provided maximum, mean, and minimum elastic moduli. Pearson correlation tested associations between SWE parameters and risk factors; multivariable linear regression identified independent determinants of SWE values. Compared with controls, Groups B and C had higher fasting glucose, glycated hemoglobin, total cholesterol (TC), triglycerides (TG), and LDL-C (all P < .05); TC, TG, and LDL-C were higher in Group C than Group B (all P < .05). high-density lipoprotein cholesterol (HDL-C) were lower in both Group B and Group C compared to Group A (both P < .05), and were also lower in Group C than in Group B (P < .05). Mean elastic modulus, maximum elastic modulus, and minimum elastic modulus were greater in Groups B and C than in controls and were highest in Group C (all P < .05). SWE parameters correlated positively with carotid intima-media thickness, TC, TG, and LDL-C, and negatively correlated with HDL-C (all P < .05). In multivariable models, hyperlipidemia: driven primarily by elevated TC, TG, and LDL-C and reduced HDL-C: was independently associated with increased SWE values in T2DM (all P < .05). HLD exacerbates carotid atherosclerosis in T2DM. SWE is a noninvasive, quantitative, and efficient method for assessing carotid stiffness and cardiovascular risk in T2DM, particularly among patients with concurrent HLD.",Medicine,2026,10.1097/MD.0000000000050829,,Journal Article,hba1c,PubMed,peripheral,-14,"glycemic=fasting glucose,glycated hemoglobin; exclusions=atherosclerosis,carotid atherosclerosis; established_t2d=patients with type 2 diabetes; experimental=rat"
42796704,Changes in Glycemic Control and Lipid Profiles Following COVID-19 Infection in Adults with Type 2 Diabetes: A Retrospective Study in Saudi Arabia.,"Background: The clinical course and mortality risk of COVID-19 in patients with type 2 diabetes (T2D) remain elevated. Understanding its pathogenesis is essential for prognostic and therapeutic strategies. Viral infections can disrupt host glucose and lipid metabolism. This study evaluated changes in glycemic and lipid parameters following COVID-19 infection in T2D patients. Methods: A retrospective analysis was conducted on T2D patients who tested positive for COVID-19 between April 2020 and December 2021. Laboratory results before and after infection were compared to assess changes in glycemic and lipid markers. Results: The study included 969 patients with T2D; 56.7% were female, and the median age was 58 years (IQR: 49-67). Hypertension, asthma, and chronic kidney disease were present in 51.5%, 14.2%, and 7.2% of patients, respectively. Fasting blood glucose did not change significantly from before to after COVID-19 infection [7.9 mmol/L (IQR: 6.2-10.6) vs. 7.8 mmol/L (IQR: 6.2-10.2)], nor did HbA1c [7.6% (IQR: 6.7-9.1) vs. 7.6% (IQR: 6.5-9.2)]. In contrast, modest but statistically significant reductions were observed in triglycerides [1.47 mmol/L (IQR: 1.13-2.00) vs. 1.44 mmol/L (IQR: 1.08-1.94)], total cholesterol [4.3 mmol/L (IQR: 3.67-5.03) vs. 4.1 mmol/L (IQR: 3.55-4.93)], and LDL cholesterol [2.7 mmol/L (IQR: 2.11-3.45) vs. 2.5 mmol/L (IQR: 1.98-3.23)]. HDL cholesterol remained unchanged [1.0 mmol/L (IQR: 0.90-1.21) vs. 1.0 mmol/L (IQR: 0.89-1.22)]. Conclusions: COVID-19 infection was not associated with significant long-term changes in glycemic control among patients with T2D, as fasting blood glucose and HbA1c levels remained broadly stable after infection. In contrast, significant reductions were observed in total cholesterol, LDL cholesterol, and triglyceride levels, while HDL cholesterol remained unchanged. These findings indicate that changes following COVID-19 infection were more apparent in lipid parameters than in glycemic markers.","Pathogens (Basel, Switzerland)",2026,10.3390/pathogens15090934,PMC13610501,Journal Article,hba1c,PubMed,peripheral,-5,"glycemic=fasting blood glucose,hba1c; risk_factors=age,hypertension; exclusions=chronic kidney disease; established_t2d=adults with type 2 diabetes,patients with type 2 diabetes; experimental=rat"
42788116,Diabetic Myonecrosis: An Under-Recognised Complication of Poorly Controlled Diabetes with a High Morbidity- A Clinico-Radiological Study.,"INTRODUCTION: Diabetic myonecrosis is an uncommon and under-recognised complication of diabetes mellitus. We aimed to describe the clinical profile, imaging characteristics, management strategies, and outcomes of patients with diabetic myonecrosis. METHODS: This retrospective study included 30 patients diagnosed with diabetic myonecrosis between 2002 and 2024. Diagnosis - based on clinical suspicion, supported by characteristic ultrasonography and magnetic resonance imaging. Demographic data, diabetes characteristics, biochemical parameters, imaging features, management approaches, recurrence, and mortality were analysed. RESULTS: The mean age was 49.1 ± 11.7 years, with a mean diabetes duration of 12.6 ± 6.9 years and poor glycaemic control (HbA1c 8.83 ± 1.88%). Acute limb pain and swelling were the most common presentations (93.3%), predominantly involving the thigh and calf muscles. MRI revealed characteristic muscle oedema and infarction, frequently extending beyond the quadriceps to involve hamstrings, adductors, and posterior compartments. Diabetic nephropathy and retinopathy were present in 70% of patients. Most patients (83.3%) improved with conservative management. Recurrence occurred in 23.3% of cases, and the overall mortality rate was 33.3%. Recurrence was the strongest predictor of mortality (adjusted OR, 8.20; 95% CI, 1.45-46.40), while advanced kidney disease increased the risk, and higher serum albumin levels were protective. CONCLUSION: Diabetic myonecrosis should be considered in patients with diabetes who present with acute localised muscle pain; the presence of advanced CKD, significant proteinuria, or hypoalbuminemia identifies those at increased risk of adverse outcomes. MRI is the diagnostic modality of choice. Despite response to conservative therapy, high recurrence and mortality rates highlight the need for early recognition and long-term surveillance.",Indian journal of endocrinology and metabolism,2026,10.4103/ijem.ijem_1078_25,PMC13609916,Journal Article,hba1c,PubMed,peripheral,-20,"glycemic=hba1c; risk_factors=age; exclusions=cognition,nephropathy,retinopathy; established_t2d=diabetes duration; experimental=rat"
42781555,A Comparative Evaluation of Dapagliflozin and Sulfonylureas in Patients With Type 2 Diabetes Mellitus.,"Introduction Type 2 diabetes mellitus (T2DM) often requires combination therapy when metformin alone fails to achieve adequate glycemic control. Dapagliflozin, a sodium-glucose cotransporter-2 (SGLT2) inhibitor, and glimepiride, a sulfonylurea, are commonly prescribed as add-on therapies. This study compared their efficacy and safety in patients with inadequately controlled T2DM. Methods A nonrandomized prospective observational comparative study was conducted at a tertiary care teaching hospital between April and November 2024. A total of 170 adults with inadequately controlled T2DM receiving metformin (1000 mg) were allocated to receive either dapagliflozin (10 mg) (n=85) or glimepiride (2 mg) (n=85) and were followed for 24 weeks. Primary outcomes included changes in glycated hemoglobin (HbA1c), fasting blood sugar (FBS), and postprandial blood sugar (PPBS). Secondary outcomes included body weight, blood pressure, and adverse events. Results Both treatment groups demonstrated significant improvements in glycemic control over 24 weeks. At study completion, HbA1c was significantly lower in the dapagliflozin group than in the glimepiride group (7.60±0.64% vs. 8.00±0.68%; p=0.01). Glimepiride produced a greater reduction in FBS (101.82±20.65 vs. 115.98±15.09 mg/dL; p<0.001), while PPBS was comparable between groups (p=0.45). Dapagliflozin resulted in significant weight loss and reductions in systolic and diastolic blood pressure, whereas glimepiride was associated with weight gain. Overall, adverse events were more frequent with dapagliflozin, primarily polyuria and genital infections, while hypoglycemia and tremors occurred more frequently with glimepiride. Conclusions Both dapagliflozin and glimepiride were effective as add-on therapy to metformin in improving glycemic control. Dapagliflozin was associated with greater HbA1c reduction, weight loss, lower blood pressure, and a lower risk of hypoglycemia, whereas glimepiride achieved greater fasting glucose reduction. Treatment selection should be individualized based on patient characteristics, comorbidities, and therapeutic goals.",Cureus,2026,10.7759/cureus.115086,PMC13600097,Journal Article,fasting_glucose,PubMed,peripheral,1,"glycemic=fasting glucose,glycated hemoglobin,hba1c; prevention=weight loss; established_t2d=patients with type 2 diabetes; experimental=rat"
42764204,Quantitative Insights into Tirzepatide and Semaglutide Using Longitudinal Systems Modeling.,"CONTEXT: In a 28-week clinical trial of patients with type 2 diabetes (T2D), tirzepatide 15 mg (a dual GIP/GLP-1 receptor agonist) and semaglutide 1 mg (a GLP-1 receptor agonist) both improved fasting glucose, with tirzepatide showing superior efficacy. The longitudinal metabolic mechanisms underlying this difference remain incompletely defined. OBJECTIVE: To compare the longitudinal metabolic effects of tirzepatide and semaglutide using model-based analysis of fasting measures, elucidate underlying mechanisms, and explore strategies to enhance outcomes in low responders. METHODS: A mechanistic longitudinal model was developed based on the trial data from patients treated with tirzepatide or semaglutide. The model integrates fasting glucose, fasting insulin, insulin sensitivity, and beta-cell function over time, enabling quantification of hepatic glucose production (HGP) and isolation of insulin-independent drug effects on HGP. RESULTS: Beta-cell function, as assessed by HOMA-B, initially increased and then declined as insulin sensitivity improved, a reversal of the canonical T2D progression pathway. Tirzepatide's superior fasting glucose control versus semaglutide was driven primarily by greater insulin-independent suppression of HGP. Low responders exhibited deficient HGP suppression, and simulations suggested that enhancing HGP suppression improves fasting glucose without inducing β-cell stress associated with sustained hypersecretion. Simulated enhancement of weight loss accelerated early glycemic improvement but did not further reduce long-term fasting glucose levels. CONCLUSION: Greater suppression of hepatic glucose production was associated with greater efficacy of tirzepatide 15 mg versus semaglutide 1 mg in improving fasting glucose. Therapeutic strategies targeting suppression of hepatic glucose production may provide metabolic benefit beyond direct enhancement of beta-cell function or additional weight loss.",The Journal of clinical endocrinology and metabolism,2026,10.1210/clinem/dgag383,,Journal Article,fasting_glucose,PubMed,peripheral,-5,glycemic=fasting glucose; prevention=weight loss; established_t2d=patients with type 2 diabetes; experimental=rat
42760071,"Diabetes status, fasting glucose and HbA1c, and outcomes after myocardial infarction: a retrospective registry-based Swedish cohort study.","OBJECTIVES: This study aimed to assess cardiovascular (CV) risk across the full spectrum of dysglycaemia levels following myocardial infarction (MI). DESIGN: Retrospective registry-based cohort study. SETTING: All patients with MI in Sweden registered in the cardiac rehabilitation registry within the Swedish Web-system for Enhancement and Development of Evidence-based care in Heart disease Evaluated According to Recommended Therapies (SWEDEHEART) between 2006 and 2017. PARTICIPANTS: In total, 47 558 patients over the age of 18 attending cardiac rehabilitation post-MI, with available information on glycaemic levels. PRIMARY AND SECONDARY OUTCOME MEASURES: The primary outcome was major adverse CV events (MACE), a composite of all-cause mortality, MI and ischaemic stroke until the end of follow-up (30 June 2018). Secondary outcomes included all the components of MACE, CV mortality and hospitalisation for heart failure. RESULTS: Pre-diabetes and possible diabetes were present in 20.6%, new-onset diabetes in 3.2% and known diabetes in 21.1%. During a median follow-up of 4.7 years, 9321 patients experienced MACE. A stepwise increase across glycaemic categories was observed, with HRs of 1.07 (95% CI 1.00 to 1.14) for pre-diabetes, 1.22 (95% CI 1.11 to 1.34) for possible diabetes, 1.22 (95% CI 1.08 to 1.37) for new-onset diabetes and 1.73 (95% CI 1.64 to 1.82) for known diabetes, compared with normoglycaemia. A near-linear association between fasting glucose and outcomes was observed across all patients, while glycated haemoglobin appears predictive mainly in those with established diabetes. CONCLUSIONS: Glycaemic disturbances early after MI, including hyperglycaemia below the diagnostic threshold for diabetes, are associated with a progressively higher risk of adverse outcomes. Beyond routine screening, these findings support close follow-up of at-risk patients, irrespective of diabetes status.",BMJ open,2026,10.1136/bmjopen-2026-121970,PMC13599995,Journal Article,fasting_glucose,PubMed,peripheral,-3,"early_risk=new-onset diabetes; glycemic=fasting glucose,hba1c; risk_factors=age; exclusions=heart failure,myocardial infarction,stroke"
42749905,Maternal metformin treatment in obese pregnant dams normalizes neonatal sensory-motor reflexes.,"BACKGROUND: Maternal overweight and obesity have reached epidemic proportions over recent decades, with detrimental effects on offspring metabolism and neurodevelopment. Metformin, commonly used to treat type 2 diabetes mellitus and gestational diabetes, is being investigated for use in maternal obesity due to its weight-loss-promoting, glucose-lowering, and insulin-sensitizing effects. Metformin may improve maternal metabolic state and support early sensory-motor development in offspring. METHODS: Three-week-old female C57BL/6NCrl mice were fed either a standard diet (SD, 9 kJ% fat, low sucrose content; CO group) or a Western-style diet (WSD, 45 kJ% fat, high sucrose content; OB group) from weaning through mating, gestation, and lactation. A subgroup of pregnant WSD-fed mice received metformin hydrochloride (target dose 380 mg/kg/d; OB + M group), dissolved in drinking water during gestation. At mid-gestation, a small cohort of pregnant dams was assessed for their metabolic profile. After delivery, pups were culled to six per litter at postnatal day (P) 2, and reflex ontogeny - such as righting, negative geotactic, and cliff-avoidance responses - was evaluated until P9 as a measure of early neurodevelopment. RESULTS: Feeding a WSD resulted in approximately 20% heavier dams in the OB group by the time of mating. Metformin administration led to gestational weight gain of about 56%, compared to OB weight gain of approximately 64%. Plasma leptin levels, perigonadal white adipose tissue, fasting glucose, and HbA1c in OB + M dams were numerically intermediate between OB and CO at mid-gestation, without reaching statistical significance, while glucose tolerance remained impaired to a similar extent as in OB dams. Metformin reduced placental weight in female fetuses and increased the fetal-to-placental weight ratio compared with the CO group. Metformin had no effect on neonatal survival but accelerated postnatal weight gain in both sexes and improved sensory-motor reflex maturation compared to OB neonates, most consistently for the geotactic reflex in both sexes and the cliff avoidance reflex in females. CONCLUSIONS: Metformin did not restore maternal metabolic parameters at mid-gestation, despite the numerically intermediate phenotype across several markers, but it significantly attenuated gestational weight gain. Although neonatal survival was not improved, gestational metformin was associated with accelerated postnatal weight gain and improved sensory-motor reflex maturation in offspring, though effects varied across reflex types. Accelerated postnatal weight gain warrants cautious interpretation and long-term follow-up, as it is a risk factor for childhood obesity and metabolic disorders in later life.",Molecular and cellular pediatrics,2026,10.1186/s40348-026-00259-8,PMC13582716,Journal Article,fasting_glucose,PubMed,peripheral,4,"glycemic=fasting glucose,hba1c; risk_factors=diet,gestational diabetes,obesity,overweight; experimental=mice,rat"
42749367,Association of hyperglycaemia during pregnancy with future risk of type 2 diabetes among women: a nested case-control study using a US health administrative database.,"OBJECTIVE: To quantify the risk of type 2 diabetes mellitus (T2DM) among women based on the number of abnormal values on 100-gram oral glucose tolerance test (OGTT). DESIGN: A 1:5 matched case-control study nested to a cohort of pregnant women was conducted. Conditional logistic regression was employed to estimate the independent association between glucose levels and future risk of T2DM. SETTING: This study used a large multicentre electronic health records (EHRs) database-Cerner Real-World Data (CRWD) between 2000 and 2016, covering approximately 21.6% of US inpatient EHRs. PARTICIPANTS: We identified a cohort of 130 172 pregnant women registered in the CRWD between 2000 and 2016 and were followed up until the end of 2016. A nested case-control study was conducted within this cohort, comprising 1 390 cases and 6 950 matched controls. RESULTS: Adjusted Odds Ratios for the risk of T2DM among women with one abnormal value and at least two abnormal values on OGTT diagnosed by the National Diabetes Data Group criteria, as compared with those women with normal OGTT values, were 5.69 (95% CI 4.34 to 7.47) and 13.20 (95% CI 10.52 to 16.57), respectively. CONCLUSION: Women with one abnormal value on the 100-gram OGTT had a significantly higher risk of developing T2DM compared with women with normal glucose value.",BMJ open,2026,10.1136/bmjopen-2026-119313,PMC13583701,Journal Article; Multicenter Study,oral_glucose_tolerance,PubMed,peripheral,4,"glycemic=ogtt,oral glucose tolerance,oral glucose tolerance test; experimental=rat"
42654246,Insulin Resistance: Current State of Knowledge and Clinical Implications-Toward a Better Diagnostic Framework and the Question of Its Disease Status.,"Insulin resistance (IR) represents one of the most pressing problems in contemporary public health. Its estimated global prevalence ranges from approximately 15.5% to over 61%, depending on the population studied, the diagnostic criteria applied, and the method used for its assessment. Despite the scale of the problem, IR remains underrecognized and lacks formal definition as a distinct disease entity, even as a growing number of clinicians and researchers worldwide describe it as such. Its asymptomatic or mildly symptomatic course allows it to remain undetected for years, during which it makes a significant contribution to the development of type 2 diabetes, cardiovascular disease (CVD) and metabolic dysfunction-associated steatotic liver disease (MASLD, formerly NAFLD), and has been increasingly linked to cellular senescence, certain cancers, neuropsychiatric disorders, and other metabolic conditions. The aim of this review was to summarize current knowledge on the pathophysiology, diagnosis, and clinical implications of insulin resistance, to discuss current challenges in its diagnosis, and to evaluate whether available scientific evidence supports its recognition as a distinct disease entity. This narrative review is based on clinical, epidemiological, and mechanistic data retrieved from PubMed and Google Scholar. Meta-analyses, systematic reviews, clinical and observational studies, clinical guidelines, and expert position statements were analyzed. Animal studies were excluded to maintain a focus on human public health implications. The diagnostic gold standard-the hyperinsulinemic-euglycemic clamp-was discussed, along with surrogate methods used in clinical practice (HOMA-IR, OGTT with insulin measurements, the TyG index, and the TG/HDL-C ratio). Factors potentially contributing to the pathogenesis of IR were examined, including hyperinsulinemia (HI), high-carbohydrate diets, inflammation, stress, and sleep disturbances, as well as conditions in which IR occurs physiologically. The findings indicate that current evidence supports the need for a clearer clinical and diagnostic framework for insulin resistance and suggest that its recognition as a distinct disease entity could facilitate earlier diagnosis, improve the standardization of clinical management, and enable earlier metabolic intervention. Given the steadily rising prevalence of metabolic disease, systemic efforts directed at the early identification and treatment of IR may be a key component of strategies aimed at reducing the population-level burden of metabolic disease and its negative consequences.",Nutrients,2026,10.3390/nu18162666,PMC13516739,Journal Article; Review,oral_glucose_tolerance,PubMed,peripheral,-4,"glycemic=ogtt; risk_factors=age,diet,insulin resistance; exclusions=cancer,cognition; experimental=rat; publication_type=systematic review,narrative review,guideline"
42801394,"Genetic Association of VDR Polymorphism with Diabetic Foot Ulcers in Type 2 Diabetes: Evidence from Kerala, India.","Diabetic foot ulcer (DFU) is a severe complication of diabetes mellitus (DM), contributing significantly to morbidity and healthcare burden. Kerala, a South Indian state, has a high prevalence of diabetes, yet limited data exist on the genetic risk factors for DFU in this population. In this study, we assessed the association of four common vitamin D receptor (VDR) gene polymorphisms-rs7975232 (ApaI), rs731236 (TaqI), rs1544410 (BsmI), and rs2228570 (FokI)-with DFU in Kerala population. Mean serum 25-hydroxyvitamin D 25(OH)D) levels were 17.7 ± 14.2 ng/mL in the DFU group, 19.5 ± 12.4 ng/mL in the DM group, and 20.6 ± 13.9 ng/mL in the control group. Although the mean 25(OH)D levels did not differ significantly among the groups, the prevalence of vitamin D deficiency was significantly higher in the DFU group than in the DM and control groups (χ² = 6.03, P = 0.04), indicating a greater burden of vitamin D deficiency among patients with diabetic foot ulcers. Among the SNPs studied, rs731236 and rs1544410 showed significant associations with DFU. The AG genotype of rs731236 was associated with a reduced risk of DFU compared to both DM patients and non-diabetic Controls (p < 0.05, OR = 0.51). Similarly, the TC genotype of rs1544410 showed a protective association (p = 0.0219, OR = 0.51). No significant associations were found for rs2228570 and rs7975232. Functional docking analysis of rs2228570 indicated favourable calcitriol binding to both VDR isoforms, with slightly higher affinity for the shorter 424 aa variant (- 7.8 vs. - 7.7 kcal/mol). these findings suggest that vitamin D deficiency and genetic variation in the VDR gene, particularly rs731236 and rs1544410, may contribute to susceptibility to diabetic foot ulcer in the Kerala population, warranting further validation in larger, multicentre studies and functional investigations.",Biochemical genetics,2026,10.1007/s10528-026-11450-x,8212222,Journal Article,risk_factors,PubMed,peripheral,0,
42799817,Co-occurrence patterns and related risk factors of type 2 diabetes mellitus and metabolic dysfunction-associated steatotic liver disease.,"INTRODUCTION: Type 2 diabetes mellitus (T2DM) and metabolic dysfunction-associated steatotic liver disease (MASLD) are interrelated metabolic disorders worldwide. We aimed to characterize global co-occurrence patterns of T2DM and MASLD from a spatial perspective and to identify shared risk factors. METHODS: We extracted incidence rates of T2DM and MASLD and exposure rates of 68 risk factors among individuals aged ≥ 20 years, derived from Global Burden of Disease Study 2021. Three co-occurrence areas were classified based on four quartiles of both diseases incidence. Interpretable machine learning and negative binomial linear mixed-effects model were applied to identify and quantify effects of risk factors. We calculated population-attributable fraction (PAF) to evaluate incidence burden of T2DM and MASLD attributable to identified risk factors. RESULTS: Fifty-nine countries were classified as consistent, 71 as T2DM-dominant, and 74 as MASLD-dominant. Three areas overlap spatially with exposure rates to metabolic, environmental, and behavioral risk factors. After feature selection, we identified nine risk factors with substantial effects on the comorbidity. Functionally, T2DM incidence was mainly attributable to metabolic risks (PAF = 35.28%) and behavioral risks (11.78%), whereas MASLD incidence was attributable to behavioral risks (28.84%), environmental risks (21.65%), and metabolic risks (14.63%). Overall, 42.9% of T2DM incidence and 52.41% of MASLD incidence were attributed to cumulative exposure to risk factors, with specific combinations and variations of these factors significantly impacting the disparate co-occurrence patterns worldwide. CONCLUSION: Comorbidity of T2DM and MASLD is a prevalent global health issue. Co-management of T2DM and MASLD can proceed from interventions targeting corresponding modifiable risk factors.",Endocrine,2026,10.1007/s12020-026-04810-5,PMC13616014,Journal Article,risk_factors,PubMed,peripheral,-3,risk_factors=age; experimental=rat
42796087,Integrated Cardio-Renal-Metabolic Risk Profiling in Patients with Type 2 Diabetes: A Machine Learning-Assisted Cross-Sectional Analysis.,"Background/Objectives: Type 2 diabetes mellitus (T2DM) is characterized by overlapping cardiovascular, renal, metabolic, and hepatic-risk abnormalities. We characterized this integrated phenotype, examined SCORE2-Diabetes gradients, and assessed whether routinely available variables could classify established atherosclerotic cardiovascular disease (ASCVD). Methods: This cross-sectional study included 232 consecutive adults with T2DM. SCORE2-Diabetes tertiles in the full cohort were analyzed descriptively, and a sensitivity analysis was restricted to participants aged 40-69 years without established ASCVD or severe target-organ damage. FIB-4 was recalculated from age, aspartate aminotransferase, alanine aminotransferase, and platelet count. Elastic-net logistic regression, random forest, and gradient boosting were evaluated using nested stratified five-fold cross-validation, with all preprocessing and hyperparameter tuning confined to the training folds. Results: Established ASCVD was present in 49 participants (21.1%), corresponding to 4.45 events per candidate predictor. The SCORE2-Diabetes-eligible sensitivity subgroup included 118 participants (50.9%); 72.9% were in the ≥20% 10-year-risk category. FIB-4 was available for 231 participants (median 1.26 [IQR 0.96-1.80]). Nested cross-validated ROC AUCs were 0.675 (95% CI 0.582-0.763) for elastic-net logistic regression, 0.670 (0.581-0.754) for random forest, and 0.674 (0.589-0.752) for gradient boosting; balanced accuracies were 65.4%, 62.8%, and 56.2%, respectively. Conclusions: The cohort had a high and heterogeneous cardio-renal-metabolic burden. SCORE2-Diabetes findings from the full cohort are descriptive because the score is not intended for patients with established ASCVD or severe target-organ damage. The machine-learning models showed only modest, internally validated discrimination and are not suitable for clinical deployment without larger prospective cohorts and external validation.",Journal of clinical medicine,2026,10.3390/jcm15187315,PMC13607383,Journal Article,risk_factors,PubMed,peripheral,-8,risk_factors=age; established_t2d=patients with type 2 diabetes; experimental=rat
42788783,Clinical and molecular epidemiology of type 2 diabetes mellitus-associated intestinal Staphylococcus aureus colonization.,"Intestinal Staphylococcus aureus colonization in type 2 diabetes mellitus (T2DM) remains poorly defined with respect to prevalence, clinical associations, and molecular characteristics. We investigated intestinal S. aureus colonization in 142 patients with T2DM and characterized the recovered isolates using antimicrobial susceptibility testing, resistance gene profiling, multilocus sequence typing, accessory gene regulator typing, spa typing, and whole-genome sequencing. Clinical and laboratory characteristics were compared between colonized and non-colonized patients, and siderophore production and biofilm formation were evaluated in major molecular types. S. aureus colonization was identified in 30 patients (21.1%, 95% confidence interval: 15.2%-28.6%) based on a single fecal sample per patient, including one methicillin-resistant isolate. Isolates remained highly susceptible to most tested antimicrobials, except penicillin. The β-lactamase gene blaZ was the most prevalent resistance determinant (83.3%). MLST revealed a polyclonal population dominated by ST15 (30.0%), ST1156 (26.7%), and ST5 (26.7%), with agr II (56.7%) and spa type t84 (43.3%) being the most common types. Whole-genome sequencing further demonstrated distinct plasmid architectures between methicillin-susceptible S. aureus and methicillin-resistant S. aureus (MRSA) isolates and identified an SCCmec IVc (2B) element in the MRSA isolate. Siderophore production was significantly higher in ST15 and ST1156 than in ST5, whereas biofilm formation did not. These findings provide a comprehensive characterization of the clinical and epidemiological profiles of intestinal S. aureus colonization in patients with T2DM and highlight the need for continued genomic surveillance and mechanistic studies to support infection prevention and therapeutic strategies.IMPORTANCEIntestinal Staphylococcus aureus colonization in type 2 diabetes mellitus (T2DM) has remained largely uncharacterized despite the well-documented heightened infection risk in this population. Here, we show that 21.1% (95% confidence interval: 15.2%-28.6%) of hospitalized T2DM patients harbor gut S. aureus (only 3.3% methicillin-resistant S. aureus [MRSA]). The isolates form a polyclonal population dominated by ST15, ST1156, and ST5, carry predominantly blaZ, and display lineage-specific differences in siderophore production-an iron-acquisition trait critical for gut persistence. These data establish the diabetic intestine as a clinically relevant reservoir, underscore the limitations of nares-only surveillance, and highlight the need for integrated genomic and mechanistic studies to guide infection prevention in T2DM.",Microbiology spectrum,2026,10.1128/spectrum.01789-26,,Journal Article,risk_factors,PubMed,peripheral,-8,risk_factors=age; established_t2d=patients with t2dm; experimental=rat
42788455,Impact of Health Promotion Programs on Incarcerated Individuals in Northern Mexico.,"BACKGROUND: Individuals deprived of liberty exhibit high health vulnerability due to limited access to medical services and insufficient health promotion efforts. Implementing education and self-care programs constitutes an essential strategy to improve their wellbeing. The objective of this study was to evaluate changes in clinical parameters following the implementation of health promotion programs among incarcerated individuals. METHODS: A prospective pre-post intervention study was conducted between February 2023 and July 2024 at the Male Social Reintegration Center No. 1 in Aquiles Serdán, Chihuahua, Mexico. Fifteen male inmates with type 2 diabetes mellitus and arterial hypertension participated in a structured health promotion program that included educational workshops on nutrition, physical activity, and chronic disease self-management. Anthropometric and biochemical data were collected before and after the intervention. Statistical analysis included paired Student's t-test and McNemar's test (P < 0.05). RESULTS: Significant reductions were observed in blood glucose (174.1 ± 123.2 vs. 111.1 ± 57.4 mg/dL; P = 0.0017), systolic blood pressure (140.7 ± 18.3 vs. 117.3 ± 9.6 mmHg; P < 0.001), diastolic blood pressure (92.0 ± 10.8 vs. 84.0 ± 7.4 mmHg; P = 0.0013), and waist circumference (83.6 ± 37.6 vs. 80.3 ± 35.7 cm; P = 0.0005), with a favorable trend in body mass index (P = 0.065). CONCLUSIONS: Health promotion programs had a positive impact on the control of chronic diseases among the incarcerated population studied. These findings highlight the need to strengthen sustainable interdisciplinary strategies that uphold the right to health in prison settings.",International journal of preventive medicine,2026,10.4103/ijpvm.ijpvm_411_25,PMC13570686,Journal Article,risk_factors,PubMed,peripheral,3,"risk_factors=age,body mass index,hypertension,physical activity,waist circumference; experimental=rat"
42783509,"Glucagon-like Peptide-1 Receptor Agonists Are Not Associated with Increased Risk of Acute Pancreatitis or Pancreatic Complications, Including Pancreatic Cancer, in Type 2 Diabetes: A Global Propensity-Matched Cohort Study.","Introduction: Association between glucagon-like peptide-1 receptor agonists (GLP-1 RAs) and pancreatitis and its long-term complications remains controversial. Using a global electronic health record database, we evaluated pancreatic outcomes following GLP-1 RA initiation in adults with type 2 diabetes mellitus (T2DM). Methods: Adults aged ≥18 years who were alive at the index date; T2DM patients initiating GLP-1 RAs between 2013 and 2025 were identified in the TriNetX network and compared with patients initiating sodium-glucose cotransporter-2 inhibitors (SGLT2i). Sensitivity analyses included comparisons with other second-line diabetes therapies, excluding dipeptidyl peptidase-4 inhibitors, and analyses were restricted to U.S.-based health care organizations. Patients with pre-existing pancreatic conditions were excluded. Cohorts were propensity score-matched for treatment indications, pancreatitis risk factors, and demographics. Kaplan-Meier and Cox proportional hazard models evaluated acute pancreatitis (overall and biliary), chronic pancreatitis, pancreatic pseudocyst, and pancreatic cancer. Results: After matching, 291,152 patients were included in each cohort. GLP-1 RA initiation was not associated with an increased hazard of overall acute pancreatitis compared with SGLT2i initiation (HR 1.095; 95% CI 0.996-1.204), with concordant Kaplan-Meier analyses. A modest, etiology-specific increase in biliary acute pancreatitis was observed in the primary comparison (HR 1.276; 95% CI 1.010-1.612) but was not consistent across sensitivity analyses. No differences were observed in the risks of pancreatic pseudocyst (HR 0.729; 95% CI 0.525-1.014) or pancreatic cancer (HR 1.069; 95% CI 0.940-1.215). Results were similarly consistent in sensitivity analyses. Conclusion: GLP-1 RAs are not associated with an increased risk of acute pancreatitis, pancreatitis-related complications, or pancreatic cancer in T2DM adults; a modest biliary pancreatitis signal was observed, but was not consistent across sensitivity analyses.",Journal of personalized medicine,2026,10.3390/jpm16090478,PMC13608214,Journal Article,risk_factors,PubMed,peripheral,-8,risk_factors=age; exclusions=cancer; established_t2d=adults with type 2 diabetes
42781828,Psychosocial and clinical factors associated with diabetes self-management in type 2 diabetes.,"This study aimed to explore the psychosocial and clinical predictors of self-management among adults with type 2 diabetes. Using a cross-sectional design, 60 participants completed an online survey including sociodemographic data, the Diabetes Self-Management Questionnaire (DSMQ), Hospital Anxiety and Depression Scale (HADS), Self-Stigma Scale (SSS), and Diabetes Symptom Checklist-Revised (DSC-R). Sleep duration and diabetes duration were also recorded. The average age was 59.53 ± 12.96 years; 51.7% were female and 65% were married. Correlation analysis showed that self-management was negatively associated with anxiety and self-stigma. Multiple regression analysis revealed a significant model (p = 0.025), explaining 23.1% of the variance in self-management. Anxiety was a significant negative predictor (β = -0.34, p = 0.012), while, unexpectedly, depression positively predicted better self-management (β=+0.35, p = 0.014). Self-stigma was not a statistically significant independent predictor (β = -0.20, p = 0.097). Symptom burden, sleep duration, and diabetes duration were not also significant predictors. These findings highlight the important role of psychological factors in diabetes self-care, particularly the negative association between anxiety and self-management. The unexpected positive association observed for depression should be interpreted cautiously. Further research is needed to clarify the role of self-stigma and the complex relationships between psychological factors and diabetes self-management.","Psychology, health & medicine",2026,10.1080/13548506.2026.2737836,,Journal Article,risk_factors,PubMed,peripheral,-18,"risk_factors=age; exclusions=anxiety,depression; established_t2d=adults with type 2 diabetes,diabetes duration; experimental=rat"
42781090,Association of Serum Lipid Profile With Diabetic Retinopathy Severity in Adults With Type 2 Diabetes Mellitus: A Cross-Sectional Study From Eastern India.,"Background Dyslipidemia is a frequent metabolic disorder, common in type 2 diabetes mellitus. Serum lipid parameters have increasingly become the focus of interest as potentially modifiable risk factors for the development and progression of diabetic retinopathy. Hence, the present study was designed to assess the association between serum lipid parameters and the severity of diabetic retinopathy among adults with type 2 diabetes mellitus attending a tertiary care center. Methods A cross-sectional study was conducted among 98 adults with type 2 diabetes mellitus. Diabetic retinopathy was classified using the Early Treatment Diabetic Retinopathy Study (ETDRS) classification. Fasting blood glucose, postprandial blood glucose, and serum lipid profile were estimated. Association of serum lipid parameters with severity of diabetic retinopathy was assessed, and logistic regression was performed to determine the factors independently associated with diabetic retinopathy. Results Serum lipid abnormalities were significantly related to diabetic retinopathy severity. Triglycerides had the highest association with disease severity, and total cholesterol, high-density lipoprotein (HDL) cholesterol, and low-density lipoprotein (LDL) cholesterol also differed significantly between retinopathy grades. Hypercholesterolemia and hypertriglyceridemia were significant on univariate analysis, while hypertriglyceridemia was the only independent risk factor after multivariable adjustment. Conclusion Serum lipid abnormalities were associated with the severity of diabetic retinopathy in adults with type 2 diabetes mellitus. Higher triglyceride and total cholesterol levels were observed across categories of diabetic retinopathy, and hypertriglyceridemia remained independently associated with the presence of diabetic retinopathy in multivariable analysis. These findings support further prospective studies to clarify the temporal and potentially modifiable relationship between dyslipidemia and diabetic retinopathy.",Cureus,2026,10.7759/cureus.115052,PMC13600202,Journal Article,risk_factors,PubMed,peripheral,-5,glycemic=fasting blood glucose; risk_factors=dyslipidemia; exclusions=retinopathy; established_t2d=adults with type 2 diabetes
42779659,ACAD10 encodes two orphan enzymes in the ether lipid biosynthetic and salvage pathways.,"Ether lipids play critical roles in membrane dynamics, antioxidant defense, and signaling. They comprise ~20% of mammalian phospholipids, and disruptions in their metabolism cause severe genetic disorders and are associated with neurodegenerative and metabolic diseases. Ether lipids are synthesized de novo from glycolytic intermediates or salvaged from the diet. While the products of these pathways are known, several key enzymes remain unidentified, including the 1-O-alkylglycerol kinase and the 1-O-alkyl-2-acetyl-sn-glycero-3-phosphate phosphatase. Here, we show that acyl-CoA dehydrogenase member 10 (ACAD10) catalyzes the phosphorylation of 1-O-alkylglycerols and the dephosphorylation of 1-O-alkyl-2-acetyl-sn-glycero-3-phosphate. Worms and mice lacking ACAD10 have reduced ether lipid levels and cannot salvage dietary alkylglycerols. Furthermore, individuals from the Akimel O'odham (Pima) tribe carrying ACAD10 polymorphisms also show decreased plasma ether lipid levels. Collectively, our findings resolve two long-standing gaps in ether lipid biochemistry and reveal a mechanistic link between ether lipid metabolism and a population-associated risk factor for type 2 diabetes.",bioRxiv : the preprint server for biology,2026,10.1101/2025.09.10.675409,PMC13596139,Journal Article; Preprint,risk_factors,PubMed,peripheral,-4,"risk_factors=age,diet,dietary; experimental=mice,rat"
42799503,Integrative identification and preliminary validation of senescence-associated secretory phenotype-related candidate biomarkers in type 2 diabetes.,"Senescence-associated secretory phenotype (SASP)-related inflammatory programs have been implicated in type 2 diabetes mellitus (T2DM), yet blood-based candidates have not been systematically screened and validated across independent cohorts. We adopted standardized senescence signature scoring and multi-cohort independent validation to screen SASP-related candidate genes through literature mining, differential expression analysis, and machine learning, followed by functional enrichment analysis, immune cell composition analysis, and immune cell proportion adjustment. We identified CCL8 and MMP9 as key SASP-related candidates; MMP9 was significantly positively correlated with senescence scores, and both genes were implicated in T2DM progression through E2F targets and interferon gamma response pathways. T2DM led to significant immune microenvironment alterations, and the expression changes of CCL8 and MMP9 were independent of peripheral blood mononuclear cell (PBMC) subset frequencies after CIBERSORT adjustment. Expression patterns were consistently validated across all cohorts including the large-scale GSE184050 dataset and single-cell RNA-seq dataset GSE280401, with RT-qPCR providing exploratory support in a small cohort. Collectively, this study provides supportive evidence that CCL8 and MMP9 may represent SASP-related biomarkers in T2DM pathogenesis. Moreover, we present an integrative workflow for systematic screening prioriti zation and validati on of SASP-related candidate genes across multiple cohorts.",PeerJ,2026,10.7717/peerj.21729,PMC13614271,Journal Article,risk_prediction,PubMed,peripheral,-5,experimental=rat
42788331,Combining Contingency Management With Continuous Glucose Monitoring to Support Type 2 Diabetes Prevention and Care.,"Diabetes prevention and care require recurring self-management behaviors whose benefits are often delayed and uncertain. Digital contingency management (CM), which arranges incentives contingent on objective evidence of behavior or outcomes, offers a scalable way to strengthen these behaviors. This commentary argues that continuous glucose monitoring (CGM) can transform CM for diabetes by enabling frequent, remote reinforcement of clinically meaningful proximal targets, including sensor wear, time in range, and other glucose-derived metrics. Emerging artificial intelligence tools may further personalize treatment during risk periods and tailor reinforcement schedules. Although cost-effectiveness data in diabetes are needed, the high clinical and economic burden of diabetes provides a strong rationale for evaluating CGM-linked CM as a scalable behavioral intervention. We discuss previous CM research, implementation readiness, and future research priorities.",Journal of diabetes science and technology,2026,10.1177/19322968261484170,PMC13615177,Journal Article,risk_prediction,PubMed,peripheral,-1,risk_factors=age; prevention=diabetes prevention; experimental=rat
42787683,A lipid metabolism-based gene signature defines diagnosis and molecular heterogeneity in diabetic nephropathy.,"OBJECTIVES: To identify lipid metabolism-related biomarkers of diabetic nephropathy (DN), develop and validate a diagnostic model, and further explore immune infiltration patterns and molecular subtypes of DN. MATERIALS AND METHODS: Multiple public transcriptomic datasets were integrated to identify lipid metabolism-related biomarkers for DN using differential expression analysis, weighted gene co-expression network analysis, and machine learning. A diagnostic model was then constructed from these biomarkers, and its performance was evaluated using ROC curve and nomogram analyses, followed by validation in an independent cohort. In addition, immune cell infiltration was assessed with the CIBERSORT algorithm, and consensus clustering identified molecular subtypes of DN. Finally, the findings were validated in a model of type 2 diabetes. RESULTS: A total of 28 lipid metabolism-related differentially expressed genes were identified, and five hub biomarkers (G0S2, PTGDS, CA2, CYP27B1, and HSD17B14) were screened and demonstrated favorable diagnostic performance in both training and validation cohorts. Functional enrichment analysis revealed that these genes were mainly involved in fatty acid metabolism and PPAR signaling pathways. Immune infiltration analysis revealed significant correlations between dysregulated lipid metabolism and immune cell infiltration in DN. Consensus clustering identified distinct molecular subtypes of DN with different lipid metabolic characteristics. Critically, bioinformatic predictions were validated in db/db mice, showing significantly elevated mRNA and protein levels of all five biomarkers in DN kidneys. CONCLUSION: Our findings reveal a validated lipid-metabolism-based diagnostic signature with potential for early detection, molecular stratification, and mechanistic investigation.",Iranian journal of basic medical sciences,2026,10.22038/ijbms.2026.94356.20339,PMC13602868,Journal Article,risk_prediction,PubMed,peripheral,-13,"exclusions=nephropathy; experimental=mice,rat,transcriptomic; publication_type=consensus"
42764374,Type 1 diabetes and cardiovascular medicine.,"There are an estimated 9.5 million people living with type 1 diabetes (T1D) globally, with cardiovascular disease (CVD) remaining a major cause of morbidity and mortality despite advances in care. Atherosclerosis occurs earlier in people with T1D and those with T1D-onset in early childhood are at particularly high lifetime risk of CVD. Multiple traditional risk factors (e.g., glycaemia, lipids, blood pressure, obesity and smoking) and novel risk factors (e.g., social determinants of health, inflammation and genetics) can promote CVD in people with T1D. This highlights the need for a life-course approach to managing overall cardiovascular risk and preventing or mitigating end-stage complications such as atherosclerotic events, cardiac autonomic neuropathy and heart failure. However, most people with T1D do not meet all recommended risk factor targets. Whilst T1D-specific risk calculators for CVD are available to guide shared decision-making and risk factor management, greater awareness and further data are needed to inform their use in different T1D populations. However, there remains a relative paucity of T1D-specific clinical trial data to inform the management and therapies for CVD risk factors such as dyslipidaemia, hypertension and chronic kidney disease (CKD), and for clinically evident CVD. There is now increasing interest in the use of adjunct glucose-lowering drugs initially developed for use in type 2 diabetes, such as sodium-glucose co-transporter 2 inhibitors and glucagon-like peptide-1 agonists, and whilst some weight, glycaemia, blood pressure and albuminuria benefits have been shown, cardiovascular outcome trials (CVOT) in T1D are currently lacking. This review by a multidisciplinary team provides an overview of CVD pathophysiology, risk factor care, risk prediction and management in people with T1D.",Cardiovascular diabetology. Endocrinology reports,2026,10.1186/s40842-026-00338-9,PMC13591722,Journal Article; Review,risk_prediction,PubMed,peripheral,-3,"early_risk=risk prediction; risk_factors=age,hypertension,obesity,smoking; exclusions=atherosclerosis,chronic kidney disease,heart failure,neuropathy"
42758745,"Toward fully algorithmic care for type 1 diabetes: The case for AI autonomy, and a recalibrated role for the diabetologist in an ageing type 2 diabetes population.","Artificial intelligence can already automate selected diabetes tasks, but the evidence is uneven. Automated insulin delivery is established in type 1 diabetes; in type 2 diabetes, validated screening and insulin-adjustment tools support a tiered, human-governed model rather than wholesale autonomy.",PLOS digital health,2026,10.1371/journal.pdig.0001734,PMC13588365,Journal Article,risk_prediction,PubMed,peripheral,-3,risk_factors=age; experimental=rat
42713515,"Routine biochemical indices for hepatometabolic stratification across the dysglycaemia spectrum: insulin resistance, fibrosis scores, and machine-learning integration.","OBJECTIVES: To evaluate the behaviour of insulin resistance indices and non-invasive liver fibrosis scores across the dysglycaemia spectrum using routine laboratory data. METHODS: This retrospective observational study included 1,949 outpatients with complete biochemical profiles. Patients were classified into five groups according to fasting plasma glucose and HbA1c: group A (normoglycaemia), group B (isolated impaired fasting glucose), group C (isolated elevated HbA1c), group D (combined impairment), and group E (type 2 diabetes mellitus, T2DM). Insulin resistance indices (HOMA-IR, HOMA-β, QUICKI, TyG), liver fibrosis scores (FIB-4, APRI, m-APRI, Forns), and inflammatory markers (CRP, ferritin) were compared across groups. Discriminative performance was assessed using ROC analysis for the identification of T2DM (group E vs. groups A-D) and early dysglycaemic impairment (group D vs. group A). Support vector machine (SVM) models integrating the best-performing indices were constructed with adjustment for age and sex. RESULTS: Insulin resistance indices, fibrosis scores, and CRP showed progressive deterioration across worsening glycaemic stages (p<0.001). TyG showed the highest individual discriminative performance for identifying T2DM (AUC=0.90), whereas QUICKI performed best for detecting combined early glycaemic impairment (AUC=0.78). Among fibrosis scores, the Forns index showed the strongest discriminative capacity (AUC=0.67-0.74) and the broadest correlations with metabolic and inflammatory parameters. SVM models integrating insulin resistance and fibrosis indices improved classification performance compared with individual markers alone (AUC=0.87-0.93). CONCLUSIONS: TyG and the Forns index support laboratory-based hepatometabolic stratification across the dysglycaemia spectrum using routine analytical data.",Advances in laboratory medicine,2026,10.1515/almed-2026-0066,PMC13552813,Journal Article,risk_prediction,PubMed,peripheral,3,"glycemic=fasting glucose,fasting plasma glucose,hba1c,impaired fasting glucose; risk_factors=age,insulin resistance; exclusions=liver fibrosis; experimental=rat"
42790659,Developing and validating intrinsic capacity scores in early adulthood and midlife: 15-year follow-up from the Northern Finland Birth Cohort 1966.,"BACKGROUND: Intrinsic capacity (IC) - the aggregate of physical and mental capacities - has been studied in older adults, but research on its profile and prognostic value earlier in adulthood is scarce. Existing IC measurement approaches also lack theoretical alignment, psychometric evaluation, and validation. We therefore developed and validated IC scores in adulthood using a theory-aligned formative-reflective approach. METHODS: IC was assessed at ages 31 and 46 in 8756 participants from the Northern Finland Birth Cohort 1966 using 33 variables across psychological, cognitive-sensory, locomotor, and vitality domains. Domain scores were derived using unidimensional confirmatory factor analysis and aggregated to composite scores. Construct validity of scores was examined through stability, change and known-groups gradients. Predictive validity was tested using covariate-adjusted logistic regression models of associations between 31-year IC and incident mental disorder, cardiovascular disease, type 2 diabetes, functional limitations, and low well-being at age 46. RESULTS: Domain models demonstrated acceptable fit and reliability. Mean composite IC was moderate-to-high at age 31 (67 on a 0-100 scale) but declined significantly by age 46 (61), with the steepest reductions in locomotor capacity. Lower composite IC was observed in groups with socioeconomic disadvantage, unhealthy behaviours, and health conditions. Higher 31-year composite IC predicted lower odds of all outcomes at age 46 (odds ratios per 10-point increase: 0.69-0.82, all p < 0.001). CONCLUSIONS: Composite IC declined from early adulthood to midlife, and predicted key physical, mental, and functional outcomes. Formative-reflective approaches and earlier IC assessment may strengthen prevention-oriented healthy ageing strategies.",Experimental gerontology,2026,10.1016/j.exger.2026.113340,,Journal Article,prevention,PubMed,peripheral,-1,"risk_factors=age,socioeconomic; experimental=rat"
42784530,The dose-response association between wearables-quantified incidental physical activity and type 2 diabetes: a prospective cohort study.,"AIM: This prospective cohort study aimed to quantify dose-response associations between intensity-specific incidental physical activity (IPA) and the incidence of type 2 diabetes (T2D) in a large cohort of UK adults. A secondary aim was to estimate the T2D-specific equivalence of 1 minute of vigorous-intensity IPA relative to moderate- and light-intensity IPA. METHODS: Participants were adults from the UK Biobank accelerometry sub-study who self-reported as nonexercisers. Individuals were excluded if they had T2D at baseline, were using insulin therapy, or received a T2D diagnosis within 12 months of follow-up. T2D status was primarily derived from primary care records. Device-measured IPA was categorized into light (LIPA; 1.5 to <3 METs), moderate (MIPA; 3 to <6 METs), and vigorous (VIPA; ≥6 METs) intensities. Additional analyses examined the T2D-specific equivalence of 1 minute of VIPA to MIPA and LIPA. The reference group comprised participants accumulating neither MIPA nor VIPA. RESULTS: The primary analysis included 22 857 nonexercisers (mean age 62.1 ± 7.7 years, 42.8% male). Over a 7.8-year follow-up period, 721 (3.2%) participants developed T2D. MIPA and VIPA, but not LIPA, exhibited near-linear inverse associations with T2D risk. Median VIPA (4.75 minutes/day) was associated with a hazard ratio (HR) 0.62 [95% confidence interval (CI) 0.53-0.73], and median MIPA (23.70 minutes/day) showed a HR of 0.67 (95% CI: 0.52-0.86). One minute of VIPA/day was associated with an equivalent T2D risk reduction of 5.9 minutes MIPA/day and 46.6 minutes LIPA/day. CONCLUSION: MIPA and VIPA were associated with lower T2D risk in a dose-dependent manner. Although median LIPA was linked to reduced risk, it did not demonstrate a consistent dose-response relationship.",The Journal of clinical endocrinology and metabolism,2026,10.1210/clinem/dgag316,,Journal Article,prevention,PubMed,peripheral,-1,"risk_factors=age,physical activity; experimental=rat"
42784469,South Asian Women's Perspectives and Recommendations on Gestational Diabetes Care and Postpartum Type 2 Diabetes Prevention in Aotearoa New Zealand: A Qualitative Study.,"South Asian (SA) women in New Zealand face a disproportionately high risk of developing gestational diabetes mellitus (GDM) and subsequent Type 2 diabetes (T2D). Despite this elevated risk, significant gaps exist in culturally appropriate care for GDM and long-term postpartum follow-up. This qualitative study explored the experiences of SA women to identify the gaps and barriers encountered during and after GDM in transitioning from antenatal GDM care to postpartum primary healthcare and seek suggestions for improvement. To inform culturally responsive care strategies that can reduce the risk of progression to T2D after GDM, 30 semi-structured in-depth interviews were conducted with SA women diagnosed with GDM within the past 5 years. Participants were recruited through purposive sampling across New Zealand. Interviews were transcribed verbatim and analysed using an inductive thematic approach. Six key themes with sub-themes were developed: (1) awareness and education; (2) culturally tailored resources; (3) community support; (4) moving backwards to an unhealthy lifestyle; (5) preventing T2D; and (6) improving GDM and postpartum care. Participants advocated for prepregnancy or early counselling, community-based education to reduce stigma, culturally relevant dietary guidance, subsidised follow-up healthcare providers and structured long-term postpartum follow-up. The emotional burden of GDM and inconsistent healthcare communication were also prominent concerns. The findings highlight the need for integrated, culturally congruent and continuous care models for SA and ethnicities at high risk during and after GDM. Incorporating women's suggestions based on their lived experiences into service design may improve postpartum health outcomes and reduce future risk of GDM and T2D.",Journal of diabetes research,2026,10.1155/jdr/8712576,PMC13606028,Journal Article,prevention,PubMed,peripheral,3,"risk_factors=diet,dietary,gestational diabetes; prevention=diabetes prevention; experimental=rat"
42782780,Sex-Specific Mechanisms of Perivascular Adipose Tissue (PVAT) Dysfunction in Prediabetes and Diabetes: From Metabolic Crosstalk to Vascular Outcomes.,"Perivascular adipose tissue (PVAT) is a metabolically active adipose depot surrounding most blood vessels and contributes to vascular homeostasis through local regulation of vascular tone, inflammation, and metabolic signaling. In prediabetes and diabetes, PVAT may shift from a predominantly vasoprotective phenotype toward a pro-inflammatory and pro-contractile state characterized by reduced release of protective mediators and increased cytokine, reactive oxygen species, and vasoconstrictor signaling. Vascular injury may, in turn, further alter the PVAT phenotype, creating bidirectional adipose-vascular crosstalk that may contribute to disease progression. Biological sex, reproductive aging, and sex-hormone signaling appear to influence PVAT morphology, cellular composition, secretory function, and vascular effects, but the strength of this evidence varies substantially across species, vascular beds, and disease models. Unlike recent broad reviews of PVAT biology, this review examines PVAT across the prediabetes-to-diabetes continuum while recognizing that direct longitudinal evidence tracking PVAT between these metabolic states remains scarce. We critically evaluate the direct, indirect, and still-limited evidence for sex-specific PVAT mechanisms and integrate findings on immune-cell activity, adipokine and redox signaling, and vascular function across prediabetes, established diabetes, and related metabolic conditions. Defining these mechanisms may support the development of appropriately tested, sex-informed strategies for preventing and treating diabetes-associated vascular complications.",Cells,2026,10.3390/cells15181680,PMC13606007,Journal Article; Review,prevention,PubMed,peripheral,-6,early_risk=prediabetes; exclusions=vascular complication; experimental=rat
42781546,Patients' Experiences with and Perceptions of Personalized Glycemic Targets: A Qualitative Descriptive Study of Adults Living with Type 2 Diabetes  .,"PURPOSE: Clinical practice guidelines for managing type 2 diabetes (T2D) recommend setting personalized glycemic targets for each patient based on factors such as diabetes duration, life expectancy, comorbidities, complications, and risk of hypoglycemia. This strategy aims to find a balance between the adverse effects of treatment linked to aggressive glycemic control, particularly hypoglycemia, and the potential long-term benefits, such as preventing coronary artery disease. However, there is limited research on patients' experiences with and perceptions of personalized glycemic targets. To address this gap, we sought to explore the experiences, perceptions, concerns, and preferences of individuals living with T2D regarding personalized glycemic targets. . PATIENTS AND METHODS: We used purposive sampling to recruit 25 adults who had been living with T2D for at least one year, from various healthcare settings, public libraries, and social media in Nova Scotia. From July to December 2024, we conducted semi-structured interviews (in-person or via Microsoft Teams), with durations ranging from 20 to 85 minutes. The interviews were recorded, transcribed, and analyzed using an inductive thematic analysis approach to uncover themes. RESULTS: The dataset revealed four main themes: 1) personalized blood sugar goals and treatment plans could be beneficial; 2) personalized information and/or scientific evidence is desirable; 3) access to healthcare and relationships with healthcare providers may affect the implementation of personalized care; and 4) treatment burden needs to be considered when setting blood sugar target plans. CONCLUSION: The analysis of findings showed that people with T2D viewed personalized glycemic targets favorably and emphasized the importance of adequate primary care supports to enable implementation.",Patient preference and adherence,2026,10.2147/PPA.S607575,PMC13599796,Journal Article,prevention,PubMed,peripheral,-8,established_t2d=diabetes duration; experimental=rat; publication_type=guideline
42776469,Associations between intuitive eating and health behaviors and physical health in U.S. adults.,"Intuitive eating is a non-diet approach that emphasizes eating in response to hunger and fullness cues that has potential as a sustainable health promotion framework. Although research demonstrates that intuitive eating is strongly associated with psychological health, less is known about its associations with health behaviors and physical health. We examined how intuitive eating related to lifestyle behaviors and chronic disease diagnosis in a large, diverse U.S. adult sample. Adults aged ≥ 18 years residing in the U.S. were recruited from CloudResearch's Connect platform to complete a cross-sectional online survey on self-reported stress, health behaviors, and current or previous chronic health conditions. Regression models adjusting for age, sex, and race/ethnicity were conducted. Our sample (N = 1057; Mage = 36 ± 11 years) was 52% female and diverse across race/ethnicity (13% Asian/Hawaiian/Pacific Islander, 21% Black, 18% Latine, 58% White) and socioeconomic status (e.g., 30% food insecure). Higher intuitive eating scores were associated with greater physical activity (p = .01), more sleep (p < .001), and self-reported health (p < .001) and lower self-reported stress (p < .001). Intuitive eating was not significantly associated with fruit/vegetable intake or substance use. However, it was associated with lower odds of current or previous hypertension (p < .001), hyperlipidemia (p < .001), and type 2 diabetes (p = .01), with small to moderate effects. Findings suggest that intuitive eating is not only associated with psychological health, but also health-promoting behaviors and reduced odds of cardiometabolic conditions. Although longitudinal and intervention studies are needed, results highlight intuitive eating as a promising framework for chronic disease prevention and health promotion.",Journal of behavioral medicine,2026,10.1007/s10865-026-00712-z,8338737,Journal Article,prevention,PubMed,peripheral,3,"risk_factors=age,diet,hypertension,physical activity,socioeconomic; experimental=rat"
42775070,Exploring the impact of adult obesity in Spain: Insights from a systematic literature review.,"BACKGROUND: Spain ranks among the European countries with the highest obesity prevalence, yet the evidence on the full spectrum of its impact has not been systematically consolidated. METHODS: This was a systematic literature review (SLR) conducted to evaluate the epidemiological, clinical, humanistic, and economic impact of obesity in Spain. Embase® and MEDLINE® were searched for relevant publications from January 1, 2018, to August 17, 2025. RESULTS: A total of 54 records reporting on 53 studies were selected for inclusion. These covered (1) Epidemiology of obesity in Spain (n = 24); (2) Patient characteristics and obesity management (n = 7); (3) Obesity-related complications (n = 13); (4) Humanistic impact of obesity (n = 10); (5) Economic burden (n = 7); (6) Perceptions and attitudes about obesity (n = 4); and (7) Local policies and recommendations (n = 7). The prevalence of obesity (defined as a body mass index [BMI] ≥30 kg/m2) varied considerably according to study setting and methodology, ranging from 25% to 34% in primary care settings and from 11% to 22% in general population studies. The most frequent obesity-related complications included hypertension, dyslipidemia, type 2 diabetes, cardiovascular disease, and chronic kidney disease. Evidence suggested that people with obesity and overweight may have lower quality of life than those without obesity and overweight. The economic burden of obesity was high in Spain, with costs decreasing as BMI decreased. Included studies highlighted several barriers to obesity care in Spain, including stigma, mental health, funding/resources, education, and misconceptions. Recommendations to overcome these barriers included early prevention, patient engagement, shared decision-making, communication, and recognition of obesity as a chronic disease. CONCLUSION: This review reveals a consistent and multi-level gap between the documented burden of obesity in Spain and its identification, treatment, and prioritization within the healthcare system. Addressing this gap will require coordinated efforts across clinical documentation, therapeutic intervention, patient education, and health policy.",Obesity pillars,2026,10.1016/j.obpill.2026.100334,PMC13595125,Journal Article; Review,prevention,PubMed,peripheral,-7,"risk_factors=age,bmi,body mass index,dyslipidemia,hypertension,obesity,overweight; exclusions=chronic kidney disease,cognition; experimental=rat"
42765645,Rationale and Design of the Atherosclerosis Risk in Communities Generation 2 (ARIC Gen2) Study.,"Type 2 diabetes is a risk factor for cardiac arrhythmias, but it is unknown how specific aberrations in glucose (e.g., episodes of high or low glucose) might contribute to the occurrence of heart rhythm abnormalities. The overarching goal of this study is to address research questions regarding how glucose patterns might contribute to the occurrence of arrhythmias, primarily atrial fibrillation, in adults with diabetes. To fulfill this goal, the Atherosclerosis Risk in Communities (ARIC) Gen2 study recruited 507 community-dwelling adults aged 50-80 years with type 2 diabetes to wear continuous glucose monitoring (CGM) and electrocardiogram (ECG) ""patch"" monitoring sensors simultaneously for up to 14 days. Gen2 study had high CGM and ECG completeness: the median wear time for sensors was 14 days and approximately 80% of participants wore both sensors for ≥10 days. By combining Gen2 and data from the original ongoing ARIC cohort (aged 80+), we have the capacity to conduct a comprehensive evaluation of the impact of CGM-defined glucose patterns on arrhythmias across a wide age spectrum from middle-aged to very old adults (aged 50-100) with type 2 diabetes. The findings from this study may help inform clinical strategies for the prevention and management of arrhythmias among adults with type 2 diabetes.",American journal of epidemiology,2026,10.1093/aje/kwag237,,Journal Article,prevention,PubMed,peripheral,-13,risk_factors=age; exclusions=atherosclerosis; established_t2d=adults with type 2 diabetes; experimental=rat
42760378,"Nutrition transitions, obesity and T2DM in the Middle East and North Africa.","Obesity and type 2 diabetes mellitus (T2DM) are global epidemics, but their burden is particularly pronounced in the Middle East and North Africa (MENA) region. This Review provides a comprehensive overview of their epidemiological landscape among adults in the MENA region, encompassing disease burden, temporal trends, intersecting risk factors and key gaps in research, policy and practice, while highlighting regional heterogeneity. Despite worsening trends, the broader landscape, including disease burden and its drivers, remains insufficiently addressed. Contributing risk factors include poor diet quality, physical inactivity, genetic predisposition, obesogenic food environments and socioeconomic and cultural influences. While high-income places in the Gulf region have undergone earlier and more advanced nutrition transitions, with some of the highest prevalences of obesity and T2DM globally, places in North Africa are experiencing rapid shifts, with some of the steepest increases in high BMI and elevated fasting plasma levels of glucose. Although places share common drivers such as urbanization and sedentary lifestyles, the magnitude and distribution of risk vary widely owing to differences in economic development, healthcare infrastructure, cultural norms and public health nutrition policies. These epidemics impose a substantial and under-recognized economic burden. Prevention and management efforts remain fragmented, highlighting the need for stronger regional collaboration, improved evidence generation and culturally tailored interventions.",Nature reviews. Endocrinology,2026,10.1038/s41574-026-01301-5,11462227,Journal Article; Review,prevention,PubMed,peripheral,3,"risk_factors=age,bmi,diet,obesity,physical inactivity,sedentary,socioeconomic; experimental=rat"
42754528,"Diabetes progression and severe hypoglycemia: a nationwide cohort study of 2,475,605 adults with type 2 diabetes mellitus.","BACKGROUND/AIMS: Severe hypoglycemia (SH) is a major concern in type 2 diabetes mellitus (T2DM). We evaluated whether a composite diabetes progression score could predict incident SH. METHODS: Using the Korean National Health Insurance Service database, we identified 2,475,605 adults with T2DM who underwent health examinations in 2015-2016. Incident SH was defined by ICD-10 codes plus emergency department visit or hospitalization. The progression score (range, 0-6) comprised six indicators: longer diabetes duration, use of ≥ 3 oral glucose-lowering drug classes, insulin use, chronic kidney disease (CKD), cardiovascular disease, and diabetic retinopathy. RESULTS: During 1 year of follow-up, 1,186 SH events occurred. Each component of diabetes progression was independently insuassociated with SH risk hazard ratios (HRs) from 1.19-3.27, with insulin use and CKD showing the largest effects. SH risk increased stepwise with higher progression scores. Compared with a score of 0, the adjusted HRs (95% confidence intervals) were 3.35 (2.63-4.27), 7.74 (6.15-9.74), 12.61 (9.97-15.95), 22.39 (17.44-28.75) for scores 1, 2, 3, and ≥ 4, respectively. CONCLUSION: A concise diabetes progression score strongly stratified short-term SH risk in this nationwide cohort, and may help target proactive prevention and early intervention.",The Korean journal of internal medicine,2026,10.3904/kjim.2026.084,PMC13585690,Journal Article,prevention,PubMed,peripheral,-20,"exclusions=chronic kidney disease,retinopathy; established_t2d=adults with type 2 diabetes,diabetes duration; experimental=rat"
42801476,Scaling of an evidence-based intervention program in older people with diabetes and frailty in Latin America. Diabfrail-Latam clinical trial protocol.,"OBJECTIVES: Diabfrail-Latam is a project funded by the Horizon 2020 program of the European Commission (EC) and the Global Alliance for Chronic Diseases (GACD). The main objective of this protocol is to describe the clinical validation of a multimodal intervention aimed at older people with type 2 diabetes mellitus (T2DM) and frailty in Latin America, involving multicomponent physical exercise (based on VIVIFRAIL), nutritional education, and adjustment of therapeutic targets to be scaled up to other countries in Latin American region. METHODS: The Diabfrail-Latam CE is international, multicenter, single-blind and with two parallel groups with 1:1 randomization (multimodal intervention or usual clinical practice). More than 700 people over 65 years of age, frail or pre-frail, with T2DM, are expected to be recruited in four countries (Colombia, Peru, Mexico and Chile). The primary objective of this clinical validation is to evaluate the effectiveness of the multimodal intervention in improving functionality (measured by the Short Physical Performance Battery, SPPB) after one year of follow-up. Secondary objectives include changes in frailty status, adherence, feasibility, economic impact, biomarkers and caregiver burden. The intervention is expected to significantly improve functionality, reduce frailty progression, and demonstrate feasibility for large-scale implementation in Latin American health systems. CONCLUSION: Diabfrail-Latam will allow to validate and adapt interventions that have demonstrated efficacy in previous studies in European population, providing solid evidence for scaling and replication in the Latin American region and its context.",The Journal of frailty & aging,2026,10.1016/j.tjfa.2026.100211,,Journal Article,lifestyle,PubMed,peripheral,-3,risk_factors=age; experimental=rat
42792704,Imaging and Hemodynamic Mechanisms of Cardiac Remodeling with SGLT2 Inhibitors Across Heart Failure Phenotypes: A Systematic Review.,"Background: Sodium-glucose cotransporter 2 (SGLT2) inhibitors, originally developed as glucose-lowering agents for type 2 diabetes mellitus, have been shown in large, randomized trials to improve clinical outcomes in heart failure (HF) across the ejection fraction (EF) spectrum. The imaging-derived and hemodynamic changes that accompany these benefits remain incompletely characterized, and it is not known whether the patterns of cardiac remodeling observed differ between HF with reduced ejection fraction (HFrEF, left ventricular ejection fraction [LVEF] ≤ 40%) and HF with preserved ejection fraction (HFpEF, LVEF ≥ 50%). This systematic review synthesized randomized evidence on the effects of SGLT2 inhibitors on cardiac remodeling parameters and described the patterns observed in each phenotype. Methods: PubMed/MEDLINE, Scopus and Embase were searched for randomized controlled trials (RCTs) published between February 2016 and March 2026. Eligible studies enrolled adults with chronic HF receiving an SGLT2 inhibitor, included a non-SGLT2-inhibitor comparator and assessed cardiac structure, function or loading by echocardiography, cardiac magnetic resonance (CMR) or cardiac catheterization over at least three months. Risk of bias was assessed with Cochrane RoB 2, separately for each outcome domain and targeting the effect of assignment to intervention, and certainty of evidence with GRADE, separately by phenotype and imaging modality. A structured narrative synthesis following Synthesis Without Meta-analysis (SWiM) guidance that prioritized the direction, magnitude and precision of randomized between-group treatment effects was performed. Results: Fourteen publications from thirteen unique RCTs (1232 participants) were included: four trials enrolled HFrEF (LVEF ≤ 40%), five enrolled mixed reduced and mildly reduced EF cohorts (LVEF < 50% or 35-49%), four enrolled HFpEF (LVEF ≥ 50%) and one enrolled a mixed ejection-fraction population. No trial enrolled an exclusively HFmrEF population. In reduced EF, the direction of effect on LV volumes favored SGLT2 inhibition in four of eight trials reporting volumes, but the estimates were not compatible in magnitude, and the one adequately powered trial at low risk of bias (EFFORT) was neutral; the largest volumetric estimates came from EMPA-TROPISM, which published no adjusted between-group estimate. The only prespecified, adjusted and confidence-interval-bearing volumetric estimates were those of SUGAR-DM-HF (left ventricular end-systolic volume index -6.0 mL/m2, 95% CI -10.8 to -1.2; end-diastolic volume index -8.2 mL/m2, 95% CI -13.7 to -2.6). The global longitudinal strain improved in the trial with blinded core-laboratory reading (EFFORT -1.44%, 95% CI -2.42 to -0.46), but effect sizes in the open-label trials without stated reader blinding were two to three times larger, and the CMR-derived strain was unchanged. In HFpEF, volumes, EF, mass and strain were unchanged throughout. The most secure finding of the review was invasive: in CAMEO-DAPA, dapagliflozin reduced pulmonary capillary wedge pressure at rest by 3.5 mmHg (95% CI -6.6 to -0.4) and at peak exercise by 5.7 mmHg (95% CI -10.8 to -0.7). NT-proBNP results were directionally inconsistent, and the trials in which NT-proBNP was a prespecified primary endpoint (Empire HF, CANDLE) were neutral. Certainty of evidence was very low for 18 of 20 evidence profiles and low for the remaining two. Conclusions: Randomized imaging and hemodynamic studies suggest phenotype-related differences in the cardiac remodeling associated with SGLT2 inhibitor therapy. In studies enrolling patients with reduced EF, treatment was associated predominantly with reverse remodeling of left ventricular volumes and modest improvements in myocardial function, whereas in preserved EF, the observed changes were mainly confined to filling pressures and diastolic function, with no consistent evidence of left ventricular volumetric remodeling. Given the limited number of studies, substantial heterogeneity, and the overall low certainty of evidence, these findings should be considered hypothesis-generating and warrant confirmation in adequately powered phenotype-specific mechanistic trials.",Biomedicines,2026,10.3390/biomedicines14091961,PMC13604603,Journal Article; Review,lifestyle,PubMed,peripheral,-6,"risk_factors=age; exclusions=heart failure; experimental=rat; publication_type=systematic review,meta-analysis"
42791090,Glucagon-Like Peptide-1 Receptor Agonist-Associated Hepatotoxicity.,"PURPOSE: Glucagon-like peptide-1 receptor agonists (GLP-1RAs) have transformed the management of obesity, type 2 diabetes and metabolic dysfunction-associated steatohepatitis. Despite their numerous clinical benefits they are not without risk. Although the product labels contain multiple organ-specific warnings and precautions, the liver is not identified as a target organ of safety concern. Drug-induced liver injury (DILI) is a leading safety-related cause of pipeline attrition, boxed warnings and postmarketing drug withdrawal. This review explores GLP-1RA associated hepatotoxicity. METHODS: A comprehensive literature search of PubMed, Medline, EMBASE, Web of Science, SCOPUS and Google Scholar was conducted to identify relevant publications. Searches were conducted using all possible pairwise combinations of the drug or drug class terms with liver safety terms. Product labels, the Food and Drug Administrations Adverse Event Monitoring System for approved drugs and LiverTox®, the online resource for information on DILI were searched. FINDINGS: Thirty-one case reports of suspected GLP-1RA or dual GLP-1/GIP RA-associated hepatotoxicity were identified. The specific term ""DILI"" related to GLP-1RAs was reported to the Adverse Event Monitoring System 232 times and 3 GLP-1RA drug development programs were terminated due to liver safety. Results from the combined 31 case reports revealed that ages ranged from 17 to 79 years with a female predominance. Although some patients presented with asymptomatic liver tests elevations, most patients were symptomatic with abdominal pain, nausea and vomiting, mimicking GLP-1RA-associated gastrointestinal symptoms of early satiety. Presentation with acute liver failure or hepatic decompensation events also occurred. Treatment-emergent liver test elevations also occurred with dose escalation and switch to a different GLP-1RA. Severity of liver test elevations were most commonly grade 4. Latency ranged from 2 weeks to 6 months. Most cases demonstrated a hepatocellular pattern of liver injury, although cholestatic or mixed injury also occurred. Most liver test elevations resolved upon GLP-1RA or dual GLP-1/GIPRA discontinuation with dechallenge occurring between 1 week to 6 months. IMPLICATIONS: DILI can occur with GLP-1 or GLP-1/GIP RAs. However, the true incidence is likely rare, although is unknown and probably underestimated. Among populations at higher risk may include females, patients with metabolic dysfunction-associated steatotic liver disease, patients experiencing rapid and substantial weight loss, and patients undergoing dose escalation or transitioning between different GLP-1RAs. Recognition of this association is crucial as the mainstay of treatment is prompt drug discontinuation. However, since GLP-1RAs are generally considered hepatoprotective, a potential causal relationship may not be readily suspected, which could delay withdrawal and lead to liver-related adverse events. This review underscores the importance of ongoing postmarketing safety surveillance despite reassuring clinical trial data to further elucidate the risk of GLP-1RA and GLP-1/GIP RA hepatotoxicity. Further research is needed to better understand the mechanism of suspected GLP-1RA and GLP-1/GIP RA-associated hepatotoxicity. As access expands via unregulated compounding pharmacies, patient education is key.",Clinical therapeutics,2026,10.1016/j.clinthera.2026.09.002,,Journal Article; Review,lifestyle,PubMed,peripheral,-4,"risk_factors=age,obesity; prevention=weight loss; exclusions=cognition; experimental=rat"
42789217,Rewiring the psoriasis-metabolism axis: therapeutic potential of saroglitazar beyond PPAR modulation.,"Psoriasis (PSO) is a chronic, immune-mediated inflammatory disorder that affects approximately 2-3% of the global population, or over 100 million individuals worldwide. Far beyond its cutaneous manifestations, PSO is now recognized as a systemic inflammatory condition tightly intertwined with metabolic syndrome, insulin resistance, and heightened cardiovascular risk. Clinical and epidemiological data reveal its strong association with type 2 diabetes, hypertension, dyslipidemia, hepatic steatosis, and non-alcoholic fatty liver disease, collectively amplifying its systemic burden. At the molecular level, these comorbidities converge on dysregulated signaling cascades, including NF-κB, MAPK, and STAT3, that sustain the chronic pro-inflammatory state. Saroglitazar (SGZ), initially developed as a dual PPAR-α/γ agonist for diabetic dyslipidemia, is indeed emerging as a promising multi-targeted therapy with pleiotropic effects. Current evidence supports its role as a system-level modulator that fine-tunes insulin signaling, reduces oxidative stress, suppresses neuroinflammation, and modulates key inflammatory pathways such as NF-κB, MAPK, and STAT3, aligning well with its broadened therapeutic potential beyond diabetes management. To our knowledge, this is the first comprehensive synthesis to unravel SGZ's mechanistic intersections across metabolic and inflammatory axes and map its clinical relevance to psoriasis. By bridging the dermatological landscape with metabolic comorbidity management and lifestyle interventions, SGZ-proposed mechanisms in the skin, however, have not yet been thoroughly investigated with direct preclinical and clinical evidence in psoriasis and are still hypothesis-generating.",Inflammopharmacology,2026,10.1007/s10787-026-02413-0,,Journal Article; Review,lifestyle,PubMed,peripheral,5,"risk_factors=age,dyslipidemia,hypertension,insulin resistance,metabolic syndrome; prevention=lifestyle intervention; experimental=rat"
42787678,Implicit Rationing of Incretin Therapy in Diabetic Kidney Disease: A Call for Deliberate Allocation.,"Glucagon-like peptide-1 (GLP-1) receptor agonists have produced strong renal outcome data in patients with type 2 diabetes and chronic kidney disease (CKD), including a large randomized trial stopped early for benefit. Yet the patients with the best claim to these drugs are often the ones least able to obtain them. Supply and price are driven less by nephrologic risk than by a consumer market organized around elective weight loss, direct-to-consumer telehealth, and, until recently, a large compounding economy; at list price, cost-effectiveness analyses place these agents well above accepted value thresholds. This editorial argues that the resulting pattern of access amounts to rationing by default rather than by policy, and that nephrology has an obligation to name it and to press for allocation guided by clinical need. Whether these agents work in CKD is settled. The open question is who receives them once ability to pay, rather than risk of kidney failure, sets the order of the line. When access is constrained, we argue, priority should follow indication and kidney risk rather than purchasing power.",Cureus,2026,10.7759/cureus.115170,PMC13602831,Editorial,lifestyle,PubMed,peripheral,-16,"risk_factors=age; prevention=weight loss; exclusions=chronic kidney disease,diabetic kidney disease; established_t2d=patients with type 2 diabetes; experimental=rat"
42784582,Cardiovascular outcomes associated With GLP-1 and dual GLP-1/GIP receptor agonists in patients with type 2 diabetes and inflammatory bowel disease: A retrospective real-world cohort study.,"INTRODUCTION: Individuals with co-morbid T2D and IBD represent a uniquely high-risk group, facing amplified cardiovascular risk through synergistic inflammatory and metabolic pathways, in whom conventional cardiometabolic strategies (such as dietary and lifestyle changes, weight loss, blood pressure and lipid optimization, metformin therapy, SGLT2 inhibitor therapy) may be insufficient due to the overlap between metabolic disease and chronic inflammatory disease processes. At present, the literature available on the role of incretin-based therapy in the treatment of T2D in patients with co-morbid IBD is limited. We aimed to evaluate the association of GLP-1 receptor agonists and dual GLP-1/GIP receptor agonists with cardiovascular outcomes in individuals with T2DM and IBD. This study is not intended as a direct comparison of the efficacy of GLP-1 agonists and dual GLP-1/GIP receptor agonists in patients with T2D and IBD. Both drug classes were analyzed as a combined incretin-based therapy exposure group to reflect real-world prescribing patterns and maximize statistical power. METHODS: We conducted a retrospective cohort study using the TriNetX global federated research network, identifying adults (≥18 years) with T2D and IBD between 2015-2024. Patients prescribed GLP-1 or dual GLP-1/GIP were compared with non-users following 1:1 propensity score matching on demographics, comorbidities, and medication use. Relative risks (RR) and Hazard Ratios (HR) with 95% confidence intervals (CI) were calculated, with significance defined as p < 0.05. RESULTS: After matching 16,118 patients per cohort from among a total matched population of 32,236 patients, GLP-1 or GLP-1/GIP receptor agonist therapy was associated with lower hazard ratios across all outcomes, including myocardial infarction (HR 0.701, 95% CI 0.637-0.771), chronic ischemic heart disease (HR 0.936, 95% CI 0.896-0.978), heart failure (HR 0.777, 95% CI 0.737-0.820), atrial fibrillation/flutter (HR 0.838, 95% CI 0.788-0.890), sudden cardiac death (HR 0.694, 95% CI 0.605-0.795), ischemic stroke (HR 0.781, 95% CI 0.707-0.862), deep vein thrombosis (HR 0.642, 95% CI 0.586-0.702), and pulmonary embolism (HR 0.722, 95% CI 0.640-0.815). CONCLUSIONS: In patients with comorbid T2D and IBD, GLP-1 and GLP-1/GIP receptor agonists were associated with significant reductions in ischemic, arrhythmic, and thromboembolic cardiovascular outcomes. These findings highlight the potential role of incretin-based therapies in improving cardiovascular risk management in this high-risk population. However, the present study does not establish the comparative efficacy of the two classes of drugs in this patient population, and the findings may be associational rather than causal. Both drug classes were analyzed as a combined exposure group. Mechanistic explanations proposed in this paper should be considered hypothesis-generating rather than confirmed by the current observational study design.",PloS one,2026,10.1371/journal.pone.0358659,PMC13606989,Journal Article,lifestyle,PubMed,peripheral,-17,"risk_factors=age,diet,dietary; prevention=weight loss; exclusions=heart failure,myocardial infarction,stroke; established_t2d=patients with type 2 diabetes; experimental=rat"
42784208,A Circulating Proteomic Signature of Allostatic Load Is Associated with Multisystem Disease and Mortality.,"Background: Chronic stress contributes to the development of cardiometabolic, malignant, and other chronic diseases through cumulative multisystem physiological dysregulation, conceptualized as allostatic load (AL). However, traditional AL relies on heterogeneous clinical biomarkers that are frequently unavailable or inconsistently collected in large cohorts, limiting reproducibility and translational utility. We developed and validated ProAL50, a proteomics-based measure of AL derived from 50 circulating proteins. Methods: Using high-dimensional plasma proteomic data from the UK Biobank, we constructed ProAL50 via penalized regression and stability selection and externally validated its construct in the Coronary Artery Risk Development in Young Adults (CARDIA) Study. Results: Among 37,089 UK Biobank participants, ProAL50 correlated strongly with traditional AL in the held-out test set (r = 0.72) and showed moderate external construct validity in CARDIA (r = 0.62). ProAL50 closely mirrored traditional AL in its associations with sociodemographic characteristics, lifestyle behaviors, physical and mental health, inflammation, and biological aging, supporting construct validity. In prospective analyses, ProAL50 showed associations with incident chronic disease, including type 2 diabetes, ischemic heart disease, chronic lung disease, chronic liver disease, chronic kidney disease, overall cancer, and all-cause and cause-specific mortality that were broadly comparable to traditional AL. Representative associations included incident type 2 diabetes (HR per SD = 2.72, 95% CI 2.61-2.84) and chronic liver disease (HR = 2.12, 95% CI 1.96-2.29). Conclusions: These findings support ProAL50 as a biologically informative, protein-based surrogate of AL for research use that complements traditional AL, pending further external validation and assay standardization.",Proteomes,2026,10.3390/proteomes14030047,PMC13611500,Journal Article,lifestyle,PubMed,peripheral,-16,"early_risk=incident type 2 diabetes; exclusions=cancer,chronic kidney disease; experimental=proteomic,rat"
42782594,Knowledge and Attitude Regarding Chronic Kidney Disease among Patients with Type 2 Diabetes Mellitus.,"BACKGROUND: Type 2 diabetes mellitus (T2DM) is one of the major causes of death worldwide. In India, the estimated number of people with diabetes was 77 million in 2019, and it is predicted to escalate to 134 million by 2045. The most significant challenges of diabetes mellitus are chronic kidney disease (CKD). AIM: This study aims to assess the knowledge and attitude regarding CKD and examine their relationship among patients with T2DM. SUBJECTS AND METHODS: A cross-sectional study was conducted at a tertiary care hospital among 250 patients with T2DM aged over 18 years using convenience sampling. RESULTS: Male participants predominated at 56% (140), compared to females at 44% (110). The mean knowledge score was 2.29 ± 0.68 (out of 12), while the mean attitude score was 1.94 ± 0.28 (out of 50). Nearly half of the participants (45.6%, 114) demonstrated a moderate level of knowledge, and 92% (230) of respondents showed a moderately favorable attitude toward CKD. Significant associations were found between knowledge of CKD and factors such as family type, personal habits, and area of residence (P < 0.05). There was no significant correlation between knowledge and attitude. CONCLUSION: Overall, the findings indicate that patients with T2DM possess only moderate knowledge and attitudes regarding CKD, highlighting an urgent need to enhance awareness among high-risk populations. Strengthening education may improve treatment adherence, promote lifestyle modification, and prevent CKD progression.",Annals of African medicine,2026,10.4103/aam.aam_621_26,,Journal Article,lifestyle,PubMed,peripheral,-11,"risk_factors=age; prevention=lifestyle modification; exclusions=chronic kidney disease; established_t2d=patients with t2dm,patients with type 2 diabetes; experimental=rat"
42797399,"Consensus In Silico Pharmacodynamic Screening of Twelve Fabaceae Isoflavones Targeting Glycation, Oxidative Stress, Antidiabetic Activity, and NF-κB-Related Inflammation.","Background/Objectives: Type 2 diabetes mellitus (T2DM) is a multifactorial metabolic disorder characterized by chronic hyperglycemia, oxidative stress, protein glycation, low-grade inflammation, and dysregulation of signaling pathways, including those involving nuclear factor kappa B (NF-κB). Isoflavones from Fabaceae species exhibit diverse biological activities and may represent multifunctional candidates for addressing the interconnected mechanisms underlying T2DM. This study performed a consensus in silico pharmacodynamic screening of twelve representative Fabaceae isoflavones to prioritize compounds with predicted antiglycating, deglycating, antidiabetic, antioxidant, and NF-κB-related anti-inflammatory activities. Methods: Twelve representative Fabaceae isoflavones were evaluated using a multimethod computational workflow. Antiglycating and deglycating activities were predicted using IT Microcosm, antidiabetic and hypoglycemic activities were assessed using Prediction of Activity Spectra for Substances (PASS), antioxidant potential was evaluated using similarity-based prediction and quantum-chemical calculations, and NF-κB-related anti-inflammatory activity was investigated using similarity-based prediction combined with molecular docking. Molecular docking was applied specifically to the NF-κB-related anti-inflammatory analysis and did not contribute to the hypoglycemic/antidiabetic prediction. The individual predictions were integrated using a consensus scoring strategy to prioritize compounds across multiple pharmacodynamic domains. Results: The investigated isoflavones demonstrated moderate but broad predicted multifunctional activities. Malonylgenistin, biochanin A, and formononetin showed the most favorable predicted antiglycating profiles. Genistin, acetyldaidzin, acetylglycitin, and puerarin ranked highest in terms of predicted antidiabetic activity, whereas genistein exhibited the strongest predicted antioxidant profile. Daidzin and genistin received the highest integrated NF-κB-related computational rankings, although these predictions apply to intact glycosides rather than their expected in vivo hydrolysis products. Conclusions: This study presents a consensus computational framework for the comparative prioritization of Fabaceae isoflavones based on their predicted multifunctional pharmacodynamic profiles. The results provide a rational basis for selecting candidate compounds for future biochemical, cell-based, pharmacokinetic, and in vivo investigations, although it is emphasized that the present findings are based exclusively on computational predictions and require experimental validation.","Pharmaceuticals (Basel, Switzerland)",2026,10.3390/ph19091353,PMC13610150,Journal Article,clinical_guidelines,PubMed,peripheral,-8,"experimental=molecular docking,rat; publication_type=consensus"
42784804,Effects of a Digital Decision Support System on Diabetes Management in a Real-World Home Care Setting: Prospective Quasi-Experimental Feasibility and Implementation Study.,"BACKGROUND: Older adults with diabetes are vulnerable, facing multimorbidity and challenges in reaching glycemic targets. When insulin therapy is required, limited knowledge of geriatric therapeutic goals often leads to regimens that increase the risk of hypoglycemia. Simplified approaches such as once-daily basal insulin are recommended, yet titration protocols and unclear regimens remain barriers in home care nursing. Digital decision support systems (DDSSs) such as GlucoTab address this gap by offering evidence-based titration guidance integrated into nursing workflows. DDSSs also strengthen nurse autonomy, which leads to improved care processes and better outcomes in home care settings. OBJECTIVE: This study assessed the effects of a nurse-guided intervention including a DDSS for diabetes management in older adults with type 2 diabetes receiving home care nursing. METHODS: The prospective quasi-experimental feasibility and implementation study was conducted using GlucoTab for diabetes management as part of a multicomponent intervention at 2 home care nursing sites. Nine adults with type 2 diabetes receiving insulin therapy were enrolled (n=5 women; mean age 77, SD 10 years; mean BMI 27.7, SD 4.7 kg/m2; mean baseline hemoglobin A1c 59.5, SD 12.8 mmol/mol). After receiving training, nurses implemented the DDSS, which integrates evidence-based diabetes management recommendations for home care and nursing workflows. Diabetes-related hospital admissions and glycemic outcomes were assessed before, during, and after implementation of the DDSS intervention. RESULTS: Before implementation, 5 diabetes-related emergency admissions led to 4 hospitalizations, compared with none during implementation and 4 after implementation, mostly due to hyperglycemia. The median hospital stay was 9 (IQR 8-15) days (before and after implementation). Diabetes management shifted from predominantly premixed insulin therapy at baseline to basal insulin with or without bolus insulin during implementation. Diabetes-related home care visits decreased from 1.81 to 1.01 per day (before vs during implementation), and general practitioner contacts for insulin adjustments declined (19 before implementation vs 16 after implementation). Mean morning blood glucose decreased from 212 (SD 72) mg/dL to 162 (SD 42) mg/dL, and the proportion of measurements within the target range (70-180 mg/dL) increased from 39.0% to 70.8% before vs during implementation. No incidence of hypoglycemia requiring third-party help was observed during implementation. Adherence of nurses to DDSS recommendations exceeded 94%. CONCLUSIONS: This study suggests that integrating a DDSS in a multicomponent intervention into home care nursing yielded longitudinal changes in diabetes outcomes. Emergency visits and hospitalizations were lower during implementation, no severe hypoglycemia was observed, glycemic control improved throughout the observation period, and therapy was simplified in routine care. Nursing visits decreased, suggesting potential improvements in care processes and resource use. High adherence and acceptance by nurses indicate feasibility and usability in home care practice. These findings align with evidence from hospitalized patients and telehealth studies, suggesting the potential for clinical, safety, and efficiency benefits.",JMIR nursing,2026,10.2196/89687,PMC13608231,Journal Article,clinical_guidelines,PubMed,peripheral,-6,"risk_factors=age,bmi; established_t2d=adults with type 2 diabetes; experimental=rat"
42780637,"Cardiovascular-Kidney-Metabolic Overlaps, Clinical Outcomes, and Medications Among Patients With Heart Failure: Results From the Chinese Cardiovascular Association Database-Heart Failure Center Registry.","Cardiovascular-kidney-metabolic (CKM) multimorbidity is common among patients with heart failure (HF), but its prognostic impact in Chinese patients remains largely unclear. We examined the relationship of CKM multimorbidity with adverse outcomes and its interaction with guideline-directed medical therapy (GDMT) in patients with HF. We classified hospitalized patients with HF by CKM-condition count (atherosclerotic cardiovascular disease [ASCVD], chronic kidney disease [CKD], and type 2 diabetes [T2D]). Cox models assessed 1-year all-cause death, cardiovascular (CV) death, and rehospitalizations. Among patients with HF with reduced ejection fraction (HFrEF), subgroup analyses were conducted by GDMT use. Among 126,524 patients, 66.4% had at least one CKM condition and 5.1% had all three. All-cause death increased with CKM burden; three conditions conferred the highest risk (adjusted hazard ratio 2.43, 95% confidence interval [CI] 2.20-2.69) versus no CKM conditions. Associations were stronger in HFrEF. Although GDMT recipients had lower absolute death rates, associations of CKM multimorbidity with all outcomes were generally consistent regardless of GDMT use. CKM multimorbidity is common in Chinese patients hospitalized with HF and is associated with a worse prognosis. Although GDMT lowered absolute death rates, it did not substantially modify the relative associations between CKM multimorbidity and subsequent clinical outcomes.",MedComm,2026,10.1002/mco2.71008,PMC13598551,Journal Article,clinical_guidelines,PubMed,peripheral,-13,"exclusions=chronic kidney disease,heart failure; experimental=rat; publication_type=guideline"
42778924,Integrative plasma proteomic network analysis identifies physical activity-associated protein modules potentially mediating type 2 diabetes risk.,"BACKGROUND: Moderate-to-vigorous physical activity (MVPA) lowers the risk of type 2 diabetes (T2D). Identifying protein modules that mediate this association may help dissect these biological underpinnings, but they remain incompletely characterized. METHODS: We studied 28,842 diabetes-free UK Biobank participants with baseline plasma proteomics. Guideline-adherent MVPA was defined as ≥ 600 metabolic equivalent of task-minutes per week. We first evaluated associations of MVPA with incident T2D and 2910 plasma proteins, followed by mediation analyses of individual proteins. We then identified protein co-expression modules using multiscale embedded gene co-expression network analysis (MEGENA), tested module-level associations with MVPA, and mediation of incident T2D. Protein modules were further evaluated using module-level Mendelian randomization, whole-genome-sequencing genome-wide association studies, human pancreatic islet single-cell RNA sequencing, leave-one-out sensitivity analyses, and pathway enrichment analyses. RESULTS: Over a median 13.60 years (IQR: [12.82, 14.35]), 1225 participants developed incident T2D. Guideline-adherent MVPA was associated with lower T2D risk and with 650 circulating proteins, of which 451 were Bonferroni-significant mediators. MEGENA analysis identified 171 robust modules, with 67 mediating the MVPA-T2D association. Twelve terminal modules, representing the finest-resolution functions, were selected for further analysis based on their significant mediated effects and enrichment in potential individual mediators. Genetic and functional analyses highlighted two modules: CKB-IGFBP2-centric module was positively associated with MVPA (β [95% CI] 0.196 [0.168, 0.224]) and genetically associated with lower T2D risk (OR [95% CI] 0.57 [0.43, 0.77]). Conversely, RIDA-PCBD1-centric module was inversely associated with MVPA (- 0.134 [- 0.162, - 0.108]) and genetically associated with higher T2D risk (1.54 [1.13, 2.09]). Compared to individual protein analyses, these modules captured unique pathways, supporting the CKB-IGFBP2-centered and RIDA-PCBD1-centered modules as antigen-presentation-enriched and complement/apoptic-cell-clearance-enriched modules, respectively. Finally, the constituent genes of both modules were enriched in T2D-related gene changes in pancreatic β-cells, with the antigen-presentation-enriched module showing additional enrichment across α-, δ-, and ductal cells. CONCLUSIONS: MVPA may reduce T2D risk through two coordinated plasma protein networks rather than only through individual circulating proteins. Evaluating coordinated protein modules may provide a system-level biological framework for understanding how exercise protects against T2D.",Cardiovascular diabetology,2026,10.1186/s12933-026-03363-1,PMC13602772,Journal Article,clinical_guidelines,PubMed,peripheral,-6,"risk_factors=physical activity; experimental=proteomic,rat; publication_type=guideline"
42778559,Tirzepatide versus GLP-1 receptor agonists and stroke in patients with atrial fibrillation and type 2 diabetes.,"Patients with atrial fibrillation and type 2 diabetes remain at high risk of stroke despite anticoagulation and glucose-lowering treatment. We examined whether tirzepatide was associated with lower cerebrovascular risk than established glucagon-like peptide-1 receptor agonists in a retrospective cohort from a large international federated electronic health-record network. Here we show that, among 14,118 matched pairs of adults initiating tirzepatide or another glucagon-like peptide-1 receptor agonist, tirzepatide use was associated with lower risks of any stroke, ischemic stroke, hemorrhagic stroke, and death from any cause. The absolute difference in stroke risk was 2.1 percentage points at one year, and the absolute difference in mortality was 6.2 percentage points. These observational findings support further assessment of tirzepatide as a potential option for people with both conditions, but randomized trials are required before treatment recommendations can change.",Nature communications,2026,10.1038/s41467-026-77047-5,PMC13601590,Journal Article; Comparative Study,clinical_guidelines,PubMed,peripheral,-8,risk_factors=age; exclusions=stroke; experimental=rat
42777696,MASLD: Established Knowledge and Emerging Directions - Guideline Updates.,"Metabolic dysfunction-associated steatotic liver disease (MASLD) has become a major global health challenge, largely driven by the increasing prevalence of obesity and type 2 diabetes mellitus. The disease spectrum ranges from isolated steatosis to metabolic dysfunction-associated steatohepatitis (MASH) with progressive fibrosis. Advanced fibrosis substantially increases the risk of cirrhosis, hepatocellular carcinoma, and cardiovascular complications, thereby contributing significantly to morbidity and mortality.Although lifestyle modification remains the cornerstone of therapy, pharmacological treatment is gaining importance in patients with progressive disease or high-risk profiles. Advances in the understanding of MASLD pathophysiology have enabled the development of targeted therapies addressing hepatic lipid accumulation, insulin resistance, inflammation, and fibrogenesis. Promising clinical data have been reported for resmetirom, semaglutide, tirzepatide, survodutide, lanifibranor, and fibroblast growth factor-21 analogues including efruxifermin, pegozafermin, and efimosfermin.This review summarises current and emerging diagnostic and therapeutic strategies and provides practical guidance for clinical management. In addition, a structured treatment algorithm for non-cirrhotic MASLD (F0-F3), restricted to therapies currently available in Europe and stratified according to diabetes status and fibrosis stage, is proposed as an evidence-based tool for routine clinical practice.",Zeitschrift fur Gastroenterologie,2026,10.1055/a-2894-7628,,Journal Article; Review,clinical_guidelines,PubMed,peripheral,-5,"risk_factors=age,insulin resistance,obesity; prevention=lifestyle modification; exclusions=cardiovascular complication,vascular complication; experimental=rat; publication_type=guideline"
42776649,The Role of Infrared Thermography in the Diagnosis and Monitoring of Diabetic Foot Infection: A Systematic Review.,"BACKGROUND: Diabetic foot infection (DFI) is one of the most frequent diabetes-related complications requiring hospitalisation and is a major contributor to lower-extremity amputation. Infrared thermography has emerged as a non-invasive diagnostic tool capable of detecting temperature changes associated with inflammatory and infectious processes. This systematic review aimed to evaluate the role of thermography in the diagnosis and monitoring of diabetic foot infection. METHODS: The Preferred Reporting Items for Systematic Reviews and Meta-Analyses (PRISMA) statement was followed. Risk of bias and methodological quality were assessed using design-specific validated tools, including QUADAS-2 for diagnostic and detection studies and Joanna Briggs Institute critical appraisal checklists for cohort and case-series studies. Original studies evaluating the use of thermography in patients with diabetic foot infection were included. Two authors independently performed study selection, data extraction, and methodological assessment. RESULTS: Six studies met the inclusion criteria, comprising a total of 552 participants with type 1 or type 2 diabetes mellitus. Four observational studies and two pilot studies were included. Increased local skin temperature was consistently associated with acute diabetic foot complications and infection. Several studies identified a temperature difference of approximately 2.2 °C between contralateral foot regions as a clinically relevant threshold for detecting diabetic foot complications. However, no significant relationship was found between plantar thermal asymmetry and the severity or progression of infected diabetic foot ulcers. All included studies presented a level of evidence of 4 and a grade of recommendation of C. CONCLUSIONS: Infrared thermography appears to be a promising adjunctive tool for the early detection of diabetic foot infection. However, current evidence does not support its routine use for monitoring infection severity, treatment response, or prognosis, and further prospective studies are required before these applications can be recommended.",Infectious disease reports,2026,10.3390/idr18050098,PMC13600055,Journal Article; Review,clinical_guidelines,PubMed,peripheral,-3,experimental=rat; publication_type=systematic review
42774636,Improving Medication Classification in GLP-1RA Research: Feasibility of a Photo-Review Protocol.,"OBJECTIVE: Glucagon-like peptide-1 receptor agonists (GLP-1RAs) are dominating the type 2 diabetes and obesity intervention landscape, yet their real-world use is increasingly difficult to characterize amid widespread availability of non-FDA-approved, compounded products obtained outside traditional healthcare systems. These users may not be captured by the clinical and claims databases commonly used in real-world GLP-1RA research. Online surveys offer a scalable alternative for reaching this population; however, existing survey studies depend on self-reported medication use, the reliability of which has not been well characterized. METHODS: An online study was conducted among U.S. adults recruited via Prolific who reported ≥ 3 months use of once-weekly injectable semaglutide or tirzepatide. Participants completed a screening survey requiring a photo of the prescribed GLP-1RA, followed by a main survey for eligible participants assessing self-reported GLP-1RA type and sociodemographic and health characteristics. Two blinded, independent coders classified photos as one of four FDA-approved branded formulations or a compounded product; discrepancies were resolved by the second author. Agreement was assessed using Cohen's kappa. RESULTS: Of the 419 screening survey participants, 322 participants comprised the analytic sample; 22 of the total exclusions were based on medication photo review. Self-reported and photo-coded medication types showed substantial agreement (82.61%; Cohen's κ = 0.78, 95% CI [0.73, 0.83]). Photo review classified 83 participants (25.78%) as using compounded GLP-1RAs; among these, 54 (65.06%) self-reported using one of the four branded GLP-1RAs and 29 (34.94%) selected a ""none of the above"" response option, operationalized as compounded use. CONCLUSIONS: This study demonstrated that photo review may be a feasible method for improving medication classification in research and offered recommendations for future studies. Additional work is needed to evaluate this protocol in larger and more diverse samples and to refine formulation-specific self-report items.",Obesity science & practice,2026,10.1002/osp4.70200,PMC13595039,Journal Article,clinical_guidelines,PubMed,peripheral,-3,risk_factors=obesity; experimental=rat
42764409,Sex and Socioeconomic Differences in the Initiation of SGLT2 Inhibitors and GLP-1 Receptor Agonists in Patients With Type 2 Diabetes and Cardiovascular Disease: A Nationwide Cohort Study.,"AIMS: Cardioprotective glucose-lowering drugs (GLDs) remain underutilised in individuals with Type 2 diabetes (T2D) and cardiovascular disease (CVD). We aimed to estimate the association between sex and socioeconomic status and initiation of cardioprotective GLDs and to identify factors associated with non-initiation of cardioprotective GLDs. MATERIALS AND METHODS: Using Danish health registries, we identified individuals with both T2D and CVD between 2015 and 2022. Initiation of cardioprotective GLDs, sodium-glucose co-transporter-2 inhibitors (SGLT2i) and glucagon-like peptide-1 receptor agonists (GLP-1RA) were assessed by sex and socioeconomic status. We estimated crude cumulative proportions, incidence rates (IR) and adjusted incidence rate ratios (IRR). Risk factors for non-initiation were analyzed using poisson regression. RESULTS: Among 81 361 individuals with newly diagnosed concomitant T2D and CVD (37% women), crude initiation rates of GLDs per 1000 person-years increased with higher educational level. This gradient disappeared after multivariable adjustment, with IRRs for females 0.95 (95% CI: 0.86-1.05) and males 1.00 (95% CI: 0.94-1.07). Marital and occupational status showed clear associations: compared with employed women, IRRs for initiation were 0.81 (95% CI: 0.75-0.88) for unemployed and 0.88 (95% CI: 0.79-0.97) for retired women. Compared with employed men, IRRs for unemployed and retired men were 0.77 (95% CI: 0.73-0.81) and 0.83 (95% CI: 0.78-0.88), respectively. Divorced, widowed and unmarried individuals also had lower IRR than married individuals. CONCLUSION: Among individuals with newly diagnosed T2D and CVD, lower initiation of guideline-recommended cardioprotective GLDs was observed among individuals with low socioeconomic status in both men and women.","Diabetes, obesity & metabolism",2026,10.1111/dom.71334,,Journal Article,clinical_guidelines,PubMed,peripheral,-6,risk_factors=socioeconomic; established_t2d=patients with type 2 diabetes; experimental=rat; publication_type=guideline
42759692,Perioperative management of SGLT2 inhibitors: balancing euglycaemic ketoacidosis risk and cardiorenal benefits.,"Sodium-glucose cotransporter 2 (SGLT2) inhibitors are established therapies for type 2 diabetes, heart failure, and chronic kidney disease, creating a perioperative need to balance prevention of euglycaemic diabetic ketoacidosis (euDKA) against cardiorenal protection. Fasting, surgical stress, infection, reduced carbohydrate intake, insulin dose reduction, and hypovolaemia can amplify glycosuria and ketogenesis and precipitate euDKA. Most guidelines recommend withholding SGLT2 inhibitors for 3-4 days before elective surgery, although recommendations vary by agent, procedure, fasting duration, diabetes status, and monitoring capacity. Emerging evidence indicates competing perioperative risks and benefits. Inadequate withholding and emergency surgery are associated with high-anion-gap metabolic acidosis and ketoacidosis, whereas observational studies associate preoperative use with lower risks of acute kidney injury and short-term mortality. Heart failure withdrawal studies further suggest that cardiovascular and volume-regulatory benefits may diminish rapidly after interruption. These findings challenge uniform withholding but do not support routine perioperative continuation. Management should be stratified by treatment indication, glycated haemoglobin, insulin dependence, hepatic and kidney function, infection and volume status, surgical urgency and invasiveness, expected fasting duration, and access to ketone and acid-base monitoring. Patients at high metabolic risk generally require an adequate preoperative withholding interval and intensified monitoring, whereas low-risk patients treated primarily for heart failure or chronic kidney disease require individualised multidisciplinary assessment. Future studies should define indication- and risk-based withholding and restart strategies and jointly evaluate euDKA, acute kidney injury, worsening heart failure, myocardial injury, mortality, and postoperative recovery.",Diabetes & metabolism,2026,10.1016/j.diabet.2026.101793,,Journal Article; Review,clinical_guidelines,PubMed,peripheral,-11,"risk_factors=age; exclusions=chronic kidney disease,heart failure; experimental=rat; publication_type=guideline"
