pmid,title,abstract,journal,year,doi,pmcid,topic,source,relevance_score,relevance_bucket,triage_reason
42796297,"Type 2 Diabetes, Visceral Adiposity, and Carotid Intima-Media Thickness in Hospitalized Adults: A Retrospective Cross-Sectional Analysis.","Background and Objectives: Type 2 diabetes mellitus (T2DM), visceral adiposity, and hypertension frequently coexist, but their independent associations with carotid intima-media thickness (cIMT) remain uncertain. We compared cardiometabolic profiles by diabetes status and evaluated adjusted associations with cIMT. Materials and Methods: This retrospective cross-sectional study included 147 adults admitted to Clinical CF Hospital Timișoara between 1 July 2025 and 30 June 2026. Bilateral cIMT was available in 141 patients. Group comparisons, Spearman correlation, and heteroscedasticity-robust multivariable linear regression were performed. Results: T2DM was present in 39 patients (26.5%), hypertension in 125 (85.0%), and obesity in 120 (81.6%). Compared with participants without diabetes, those with T2DM had higher homeostasis model assessment of insulin resistance (HOMA-IR; 4.11 vs. 3.08; p = 0.005) and fasting glucose (6.60 vs. 5.06 mmol/L; p < 0.001), but lower total cholesterol (205.2 vs. 225.9 mg/dL; p = 0.009) and non-high-density lipoprotein cholesterol (156.5 vs. 176.6 mg/dL; p = 0.006). These lower lipid values may reflect treatment or other residual confounding and should not be interpreted as an intrinsic T2DM phenotype. Mean cIMT was numerically higher in T2DM (0.619 vs. 0.592 mm; p = 0.284). Visceral fat area correlated with cIMT before adjustment (ρ = 0.237; p = 0.005), but not after adjustment. Age (β = 0.057 mm/decade; p < 0.001) and hypertension (β = 0.046 mm; p = 0.042) retained adjusted associations with cIMT. Conclusions: T2DM identified metabolic dysregulation, whereas age and hypertension showed the strongest adjusted associations with cIMT. Visceral adiposity showed an unadjusted but not independent association, supporting comprehensive cardiovascular risk assessment and rigorous blood pressure management.","Medicina (Kaunas, Lithuania)",2026,10.1161/CIRCULATIONAHA.109.192644,PMC8248998,obesity,PubMed,19,peripheral,support topic:obesity; +risk assessment; +fasting glucose; +obesity; +hypertension; +cardiovascular risk; early-risk signal
42774975,"Beyond Glycated Hemoglobin (HbA1c): A Systematic Review of Metabolic Interventions, Insulin Resistance, and Cognitive Function Across the Obesity-to-Diabetes Continuum.","Insulin resistance may contribute to cognitive vulnerability before persistent hyperglycemia becomes apparent; however, its clinical relevance as a predictor of cognitive change or therapeutic target remains uncertain. This systematic review with narrative synthesis evaluated the effects of metabolically targeted interventions on insulin resistance and cognitive function in middle-aged and older adults across the obesity-to-type 2 diabetes continuum. MEDLINE via PubMed, Embase, Scopus, and the Cochrane Central Register of Controlled Trials (CENTRAL) were searched for studies published from January 1, 2021, to December 31, 2025. The review followed the Preferred Reporting Items for Systematic Reviews and Meta-Analyses (PRISMA) 2020 guidelines. Eligible designs included randomized controlled trials, prospective randomized parallel-group studies, and longitudinal analyses nested within randomized trials that reported metabolic outcomes alongside cognitive or neuroimaging outcomes. Of the 552 records identified, five studies met the eligibility criteria, comprising four intervention studies and one longitudinal analysis nested within a randomized trial. The interventions comprised lifestyle modification, combined physical and cognitive exercise, dapagliflozin, nutritional supplementation, and moxibustion, with follow-up periods ranging from 12 weeks to two years. Three intervention studies reported concurrent improvements in insulin resistance and cognitive outcomes, whereas one found no significant improvement in insulin resistance and limited neuropsychological benefit. In the single included longitudinal analysis, oral glucose tolerance test (OGTT)-derived measures and the triglyceride-glucose (TyG) index showed more consistent associations with less favorable cognitive or neuroimaging changes than glycated hemoglobin (HbA1c), which demonstrated mixed associations. Three intervention studies raised some concerns regarding risk of bias, one was judged to be at high risk, and the prognostic analysis was assessed as having moderate risk. Overall, measures of insulin resistance may provide information complementary to HbA1c and may have potential as early risk or treatment-response markers for cognitive health. Nevertheless, the small and heterogeneous evidence base, relatively short follow-up periods, and absence of formal mediation analyses preclude causal conclusions. Larger, longer-term, and methodologically rigorous trials are needed to determine whether improving insulin sensitivity can meaningfully alter cognitive trajectories.",Cureus,2026,10.7759/cureus.115012,PMC12425632,prediabetes,PubMed,18,peripheral,core topic:prediabetes; +hba1c; +glycated hemoglobin; +oral glucose tolerance; +glucose tolerance; +obesity; +lifestyle; -5rat
42784439,Factors Associated With Falls Among the Elderly With Type 2 Diabetes in Urban Shanghai: A Cross-Sectional Study.,"AIM: This study is aimed at identifying the factors associated with falls among community-dwelling elderly individuals with Type 2 diabetes mellitus (T2DM) in urban Shanghai, China. METHODS: The study analyzed data from 842 diabetic patients aged 60 years or older. Information about associated factors and main outcome measures was collected using structured questionnaires. Chi-square tests and binary logistic regression were used to identify factors associated with falls. RESULTS: Among the participants, 239 (28.4%) experienced at least one fall and 41 (17.2%) of these fallers had recurrent falls in the past 1 year. Univariate analysis identified a range of potential factors for falls, including physical impairments (e.g., dizziness, fatigue, unsteadiness), psychological factors (e.g., depression, activity restriction due to fear of falling), and adverse lifestyle factors (e.g., inactivity, poor sleep, frequent nocturia) (p < 0.05). Logistic regression analysis revealed that balance test score (OR = 1.687, 95% CI: 1.162-2.447, p = 0.006), PHQ-9 depression category (OR = 1.663, 95% CI: 1.028-2.691, p = 0.038) and activity restriction due to fear of falling (OR = 2.503, 95% CI: 1.752-3.575, p < 0.001) were independently associated with falls. For recurrent falls, activity restriction due to fear of falling remained significantly associated across models (OR range: 2.045-2.165, p < 0.05). CONCLUSION: Falls were common among elderly diabetic residents in urban Shanghai, and multiple factors were identified as potential correlates. Our findings support the use of multidomain screening to identify high-risk individuals for falls and to inform targeted assessment approaches, warranting further prospective investigations.",Journal of diabetes research,2026,10.1016/j.dsx.2019.06.001,PMC12403857,prevention,PubMed,17,peripheral,core topic:prevention; +screening; +lifestyle; early-risk signal
42793151,Perspectives of Natural Products and Sialic Acid Mimetics as Modulators of Human Sialidases NEU1-3 in Atherosclerosis.,"This narrative review summarizes current data on the role of desialylation of low-density lipoproteins (LDL) as a key initiating mechanism of atherogenesis that precedes oxidative modification. The structural and functional significance of sialic acid in apolipoprotein B-100 is considered, and the enzymes of the sialidase (neuraminidase) family responsible for its cleavage are characterized. The pathogenic role of increased sialidase activity in atherosclerosis, type 2 diabetes mellitus, and other diseases is discussed. The advantages of using dietary supplements based on natural sialidase inhibitors for long-term prevention compared with synthetic drugs are shown. Examples of already existing dietary supplements with antiatherosclerotic effects are described. A separate section is devoted to computer methods (molecular docking) for searching for new sialidase inhibitors among flavonoids; according to virtual screening data, gallated catechins were identified as the most promising candidates. The feasibility of further experimental and clinical studies to create effective and safe nutraceuticals that affect the early stages of atherogenesis is substantiated.",Biomolecules,2026,10.3389/fspor.2023.1239121,PMC10570429,prevention,PubMed,15,peripheral,core topic:prevention; +screening; +prevention; +diet; -5rat; early-risk signal
42799518,Diabetic Autonomic Neuropathy Among Patients With Diabetes in Rural Warangal in India: A Cross-Sectional Study.,"Background Diabetic autonomic neuropathy (DAN) is a common but frequently underdiagnosed complication of diabetes mellitus that affects multiple organ systems and contributes to increased morbidity and mortality. Early identification using simple screening tools is essential, particularly in resource-limited primary care settings. However, community-based data on DAN from rural India remain limited. Objectives The objective of this study is to estimate the proportion of screen-positive DAN and identify factors associated with its occurrence among individuals with type 2 diabetes mellitus in rural Warangal, Telangana. Methods A community-based cross-sectional study was conducted among 400 adults aged ≥30 years with previously diagnosed type 2 diabetes mellitus residing in the rural field practice area of Kakatiya Medical College, Warangal, during 2020-2021. Participants were selected through simple random sampling from the Non-Communicable Disease (NCD) register. Data were collected using a pre-tested semi-structured questionnaire. DAN was screened using the validated Composite Autonomic Symptom Score (COMPASS-31), with a score ≥17 indicating DAN. Descriptive statistics, binary logistic regression, and multivariable logistic regression analyses were performed to identify independent predictors. A p-value <0.05 was considered statistically significant. Results The prevalence of diabetic autonomic neuropathy was 21.0% (84/400). On multivariable logistic regression analysis, younger age (≤44 years) (adjusted odds ratio (AOR): 3.10), female sex (AOR: 1.72), illiteracy (AOR: 1.85), unemployment (AOR: 1.67), smoking (AOR: 7.95), alcohol consumption (AOR: 5.21), inadequate daily vegetable intake (AOR: 1.64), physical inactivity (AOR: 1.72), and poor glycaemic control (random blood glucose ≥200 mg/dL; AOR: 6.03) were identified as significant independent factors associated with DAN (p<0.05). Conclusion Approximately one in five individuals with type 2 diabetes in this rural population had DAN. Lifestyle-related factors, poor glycaemic control, and adverse socioeconomic characteristics were independently associated with DAN. Community-based screening using validated symptom-based tools such as COMPASS-31, along with interventions promoting glycaemic control and healthy lifestyle practices, may facilitate early detection and reduce the burden of diabetic complications in rural settings.",Cureus,2026,10.7759/cureus.115194,PMC11303493,medications,PubMed,14,peripheral,support topic:medications; +screening; +early detection; +lifestyle; -5rat; early-risk signal
42798462,Factors associated with sarcopenia in elderly patients with type 2 diabetes mellitus.,"BACKGROUND AND AIMS: Sarcopenia is a common geriatric syndrome that substantially impairs physical function, mobility, and quality of life in older patients with type 2 diabetes mellitus. However, evidence regarding factors associated with sarcopenia in this population remains fragmented and inconsistent, and previous studies have often included mixed-age populations or provided limited quantitative synthesis specifically focused on older adults. Therefore, this systematic review and meta-analysis aimed to comprehensively identify and quantify the associations between clinical factors and sarcopenia in older patients with type 2 diabetes mellitus, thereby providing age-specific evidence for clinical assessment, early identification, and individualized management. METHODS: Relevant studies examining factors associated with sarcopenia in older patients with type 2 diabetes mellitus were systematically searched in six databases: PubMed, Web of Science, Embase, the Cochrane Library, CNKI, and Wanfang Data. The search covered the period from database inception to January 2026. Study characteristics, participant characteristics, potential associated factors, and sarcopenia-related outcomes were extracted. The methodological quality of the included cross-sectional studies was assessed using the AHRQ checklist. Meta-analyses were conducted using Review Manager version 5.3. Continuous variables were pooled using mean differences or standardized mean differences, and dichotomous variables were pooled using odds ratios. Publication bias and small-study effects were assessed using funnel plots and Egger's regression test when at least 10 studies were available for a given outcome. For outcomes with substantial heterogeneity, REML-based 95% prediction intervals and exploratory univariable meta-regression analyses were conducted when sufficient data were available. The certainty of evidence for each pooled outcome was assessed using the GRADE approach. RESULTS: A total of 19 cross-sectional studies involving 4,727 older patients with type 2 diabetes mellitus were included. The included studies were of moderate to high methodological quality, with no low-quality studies identified. Sarcopenia was diagnosed using different criteria, including the Asian Working Group for Sarcopenia 2014 criteria, the AWGS 2019 criteria, the European Working Group on Sarcopenia in Older People criteria, and the revised EWGSOP2 criteria. Meta-analysis showed that patients with sarcopenia were significantly older than those without sarcopenia, and had a longer duration of diabetes, higher fasting blood glucose levels, higher HbA1c levels, lower body mass index, and lower hemoglobin levels. No statistically significant associations were observed for male sex, total cholesterol, triglycerides, HDL-C, LDL-C, serum albumin, 25(OH)D, hypertension, smoking exposure, insulin therapy, or coronary/ischemic heart disease. Although sensitivity analyses generally supported the directional stability of the main findings, substantial heterogeneity remained for several outcomes, and all REML-based 95% prediction intervals crossed the null value. Exploratory meta-regression identified geographic region as a significant moderator only for HbA1c. Egger's tests did not indicate statistically significant small-study effects for outcomes with sufficient studies. The certainty of evidence was rated as low for HDL-C, hypertension, and insulin therapy and as very low for all other pooled outcomes, primarily because of the cross-sectional study design, substantial inconsistency, and imprecision. CONCLUSION: In conclusion, older age, lower BMI, longer diabetes duration, higher fasting blood glucose, higher HbA1c, and lower hemoglobin levels were associated with sarcopenia in older patients with type 2 diabetes mellitus. However, the certainty of evidence was low to very low, and substantial heterogeneity and prediction intervals crossing the null value indicate that the magnitude and presence of these associations may vary across populations and clinical settings. These findings may heighten clinical suspicion during guideline-based sarcopenia assessment but should not be regarded as evidence of independent prediction, validated screening thresholds, or causality. Future prospective studies with standardized measurements and comprehensive adjustment for confounders are required. SYSTEMATIC REVIEW REGISTRATION: https://www.crd.york.ac.uk/prospero/, identifier CRD420261301123.",Frontiers in endocrinology,2026,10.12290/xhyxzz.2024-0287,PMC8632440,medications,PubMed,12,peripheral,support topic:medications; +screening; +hba1c; +body mass index; +hypertension; -5rat; -2sarcopenia; early-risk signal
42798458,Repurposing a prostate tumor marker: elevated FPSA/TPSA ratio as a novel non-invasive biomarker for declining eGFR in male type 2 diabetes.,"BACKGROUND: Diabetic kidney disease (DKD) lacks accessible, cost-effective biomarkers for early screening. Given the distinct clearance pathways of free prostate-specific antigen (FPSA, renally excreted) and total prostate-specific antigen (TPSA, hepatically metabolized), this study investigated the association between serum FPSA/TPSA ratio and estimated glomerular filtration rate (eGFR) in male patients with type 2 diabetes mellitus (T2DM). METHODS: In this real-world cross-sectional study, 4,487 male patients with T2DM were retrospectively enrolled. eGFR was determined using the Kidney Disease: Improving Global Outcomes (KDIGO)-recommended Chronic Kidney Disease Epidemiology Collaboration (CKD-EPI) creatinine-cystatin C (Cr-CysC) equation. Multivariable linear regression and subgroup analyses were conducted to elucidate the independent effect of the FPSA/TPSA ratio on eGFR, with adjustment for age, prostate-specific diseases, and metabolic confounders. RESULTS: Baseline TPSA levels remained stable across renal function stages (median 0.9ng/ml, P = 0.524), minimizing interference from macroscopic prostate pathologies. After adjustment for age and metabolic profiles, the FPSA/TPSA ratio exhibited a robust independent negative association with eGFR (β = -0.2, P < 0.001). This inverse correlation remained consistent across all clinical subgroups (P for interaction > 0.05), with a more pronounced predictive trend among elderly patients (≥ 65 years). Notably, our multivariable models also captured the chronic kidney disease ""lipid paradox"", whereby higher triglyceride levels paradoxically correlated with preserved eGFR (β = 0.51, P = 0.018). CONCLUSION: An elevated serum FPSA/TPSA ratio is a robust, non-invasive indicator of declining eGFR in male patients with T2DM and may improve DKD risk stratification and early clinical warning without additional economic burden.",Frontiers in endocrinology,2026,10.1093/ndt/gfag068,PMC13503111,screening,PubMed,11,peripheral,core topic:screening; +screening; +chronic kidney; +kidney disease; -5rat; early-risk signal
42795915,"Serum Neurofilament Light Chain in Diabetic Polyneuropathy: Associations with Neuropathy Burden, Balance Impairment, and Fear of Falling.","Objective: To compare serum neurofilament light chain (NfL) concentrations between individuals with type 2 diabetes mellitus (T2DM) with and without diabetic polyneuropathy (DPN), and to examine associations with neuropathy burden, balance impairment, fear of falling, and fall history. Methods: This analytical cross-sectional study included 88 participants with T2DM (44 with DPN and 44 without DPN). Serum NfL was measured by enzyme-linked immunosorbent assay (ELISA); neuropathy burden was assessed with the Michigan Neuropathy Screening Instrument (MNSI), balance with the Berg Balance Scale (BBS), and fear of falling with the Falls Efficacy Scale-International (FES-I). Results: Serum NfL was higher in DPN than non-DPN participants [3.47 (2.68-4.77) vs. 2.47 (1.48-3.07) pg/mL; p < 0.001]. NfL correlated with MNSI-A (ρ = 0.562), MNSI-B (ρ = 0.550), FES-I (ρ = 0.431), falls (ρ = 0.344), and BBS (ρ = -0.450) (all p ≤ 0.001). In the comprehensively adjusted model, the NfL association was attenuated (adjusted odds ratio [aOR] = 1.352; 95% confidence interval [CI], 0.991-1.844; p = 0.057). NfL showed moderate discrimination (area under the receiver operating characteristic curve [AUC] = 0.716; 95% CI, 0.607-0.825); the internally derived Youden threshold was ≥2.823 pg/mL (sensitivity 72.7%, specificity 65.9%). Conclusions: NfL may be a complementary marker of DPN-related neuropathy and functional burden, but the adjusted association was attenuated and the study-specific threshold requires external validation. Study Registration: ClinicalTrials.gov identifier NCT07480330. The study was prospectively registered; the initial registry release occurred on 14 March 2026, before study initiation on 25 March 2026.",Journal of clinical medicine,2026,10.1002/dmrr.70009,PMC11601145,screening,PubMed,9,peripheral,core topic:screening; +screening; -5rat; early-risk signal
42798080,Quantitative evaluation of the effect of hyperlipidemia on carotid artery stiffness in patients with type 2 diabetes mellitus using shear wave elastography.,"Type 2 diabetes mellitus (T2DM) is a major risk factor for atherosclerotic cardiovascular disease (CVD), and hyperlipidemia (HLD) frequently coexists. Shear wave elastography (SWE) quantifies carotid stiffness and may improve CVD risk stratification. To evaluate the impact of HLD on carotid stiffness in T2DM using SWE. We conducted a cross-sectional study of 112 adults with T2DM: simple diabetes (Group B, n = 52) and T2DM with HLD (Group C, n = 60): and 55 healthy controls (Group A). Demographic, clinical, and biochemical data were collected. Conventional ultrasound measured carotid intima-media thickness, diastolic diameter, systolic diameter, and peak systolic velocity. Arterial distensibility and the stiffness coefficient were calculated. SWE provided maximum, mean, and minimum elastic moduli. Pearson correlation tested associations between SWE parameters and risk factors; multivariable linear regression identified independent determinants of SWE values. Compared with controls, Groups B and C had higher fasting glucose, glycated hemoglobin, total cholesterol (TC), triglycerides (TG), and LDL-C (all P < .05); TC, TG, and LDL-C were higher in Group C than Group B (all P < .05). high-density lipoprotein cholesterol (HDL-C) were lower in both Group B and Group C compared to Group A (both P < .05), and were also lower in Group C than in Group B (P < .05). Mean elastic modulus, maximum elastic modulus, and minimum elastic modulus were greater in Groups B and C than in controls and were highest in Group C (all P < .05). SWE parameters correlated positively with carotid intima-media thickness, TC, TG, and LDL-C, and negatively correlated with HDL-C (all P < .05). In multivariable models, hyperlipidemia: driven primarily by elevated TC, TG, and LDL-C and reduced HDL-C: was independently associated with increased SWE values in T2DM (all P < .05). HLD exacerbates carotid atherosclerosis in T2DM. SWE is a noninvasive, quantitative, and efficient method for assessing carotid stiffness and cardiovascular risk in T2DM, particularly among patients with concurrent HLD.",Medicine,2026,10.1097/MD.0000000000050829,,hba1c,PubMed,8,peripheral,core topic:hba1c; +risk factor; +glycated hemoglobin; +fasting glucose; +cardiovascular risk; -5rat; established-T2D-only signal
42782088,"Elderly patients with type 2 diabetes mellitus in the community: A study of self-management, depression, and their correlation.","ObjectivesThis study sought to assess the self-management capabilities and depressive symptoms of community-dwelling older adults with type 2 diabetes mellitus (T2DM) and to investigate the correlation between these variables.MethodsThis cross-sectional study employed a convenience sampling technique to administer a questionnaire-based survey among 300 elderly patients diagnosed with T2DM, who also had existing health records at the Yanji City Park Community Health Center. The data collection took place between December 2023 and February 2024. The survey comprised sections on general demographic information, a diabetes self-care scale, and a self-rating depression scale.ResultsThe self-management capabilities of older patients with T2DM were found to be moderate, with 26.0% of the cohort experiencing symptoms of depression. A significant negative correlation was identified between self-management and depression scores (r = -0.219, P < 0.01). Univariate analysis indicated significant variations in terms of age, marital status, educational attainment, living conditions, income, occupation, presence of complications, acceptance of diabetes health education, and self-management levels among patients with differing depressive statuses (P < 0.05). Furthermore, binary logistic regression analysis demonstrated that age, presence of complications, acceptance of diabetes health education, and self-management level significantly influenced depression among older patients with T2DM (P < 0.05).ConclusionHealthcare professionals are encouraged to enhance patient health education by taking into account factors such as the individual's self-management capabilities, age, existing complications, prior health education, and physiological indicators and assessments. It is imperative to integrate depression screening into the standard diagnostic and therapeutic protocols for elderly patients with T2DM.",Technology and health care : official journal of the European Society for Engineering and Medicine,2026,10.1177/09287329261490665,,clinical_guidelines,PubMed,7,peripheral,core topic:clinical_guidelines; +screening; -5rat; -2depressive; early-risk signal
42781126,"[HEARTS in Guatemala: Implementation experience in addressing cardiorenometabolic risk, 2022-2025HEARTS na Guatemala: experiência de implementação para abordar o risco cardiovascular, renal e metabólico, 2022-2025].","Guatemala faces a growing burden of chronic noncommunicable diseases, with hypertension and type 2 diabetes mellitus being the leading contributors to cardiovascular mortality and progression to chronic kidney disease. In 2022, the Ministry of Public Health and Social Assistance began implementing the Pan American Health Organization/World Health Organization's HEARTS technical package to strengthen the prevention and clinical management of these conditions in low- and medium-complexity health care facilities. Between 2022 and 2025, the strategy was implemented in 11 Departmental Directorates of Integrated Health Services Networks and reached 104 municipal districts with an estimated resident population of 3 260 691 people aged 30 and older, equivalent to 43.9% of the national population in that age group. Clinical pathways, tools for patient follow-up and medication estimation were developed, and 624 health workers were trained through a train-the-trainer program. Between 2022 and 2025, morbidity records for hypertension, type 2 diabetes mellitus, and both conditions combined in low- and medium-complexity healthcare facilities rose from 232 932 to 318 099 people, reflecting an increase in the care burden recorded in the public health system. The Guatemalan experience documents the first steps toward a more organized and standardized primary care response to chronic noncommunicable diseases, with an emphasis on timely diagnosis, clinical follow-up, and management of hypertension and type 2 diabetes mellitus, to help prevent complications and reduce avoidable premature mortality. Guatemala enfrenta una carga creciente de enfermedades crónicas no transmisibles, en las que la hipertensión arterial y la diabetes mellitus de tipo 2 son los principales contribuyentes a la mortalidad cardiovascular y a la progresión hacia la enfermedad renal crónica. En 2022, el Ministerio de Salud Pública y Asistencia Social inició la implementación del paquete técnico HEARTS de la Organización Panamericana de la Salud/Organización Mundial de la Salud para fortalecer la prevención y el manejo clínico de estas condiciones en servicios de baja y mediana complejidad. Entre 2022 y 2025, la estrategia se implementó en 11 Direcciones Departamentales de Redes Integradas de Servicios de Salud y alcanzó 104 distritos municipales con una población residente estimada de 3 260 691 personas de 30 años o más, equivalente al 43,9% de la población nacional en ese grupo etario. Se desarrollaron vías clínicas, herramientas para seguimiento de pacientes y estimación de medicamentos, y se capacitaron 624 trabajadores de salud mediante formación de formadores. Entre 2022 y 2025, los registros de morbilidad por hipertensión arterial, diabetes mellitus de tipo 2 y ambas condiciones en establecimientos de baja y mediana complejidad crecieron de 232 932 a 318 099 personas, lo que refleja un incremento en la carga asistencial registrada en el sistema de salud pública. La experiencia guatemalteca documenta los primeros pasos hacia una respuesta de atención primaria más organizada y estandarizada frente a las enfermedades crónicas no transmisibles, con énfasis en el diagnóstico oportuno, el seguimiento clínico y el control de la hipertensión arterial y la diabetes mellitus de tipo 2, para contribuir a la prevención de complicaciones y la reducción de la mortalidad prematura evitable. A Guatemala enfrenta uma carga cada vez maior de doenças crônicas não transmissíveis. Dentre essas doenças, a hipertensão arterial e o diabetes mellitus tipo 2 são os principais fatores que contribuem para a mortalidade cardiovascular e a evolução para a doença renal crônica. Em 2022, o Ministério de Saúde Pública e Assistência Social iniciou a implementação do pacote técnico HEARTS da Organização Pan-Americana da Saúde/Organização Mundial da Saúde a fim de fortalecer a prevenção e o manejo clínico dessas doenças em serviços de baixa e média complexidade. Entre 2022 e 2025, a estratégia foi implementada em 11 diretorias departamentais de Redes Integradas de Serviços de Saúde, abrangendo 104 distritos municipais com uma população estimada de 3 260 691 habitantes de 30 anos de idade ou mais, o que equivale a 43,9% da população nacional nessa faixa etária. Foram desenvolvidas linhas de cuidado, ferramentas para seguimento de pacientes e estimativa de consumo de medicamentos, e 624 trabalhadores da saúde foram capacitados por meio de um programa de formação de formadores. Entre 2022 e 2025, os registros de morbidade por hipertensão arterial, diabetes mellitus tipo 2 e ambas as doenças em estabelecimentos de baixa e média complexidade aumentaram de 232 932 para 318 099 pessoas, o que reflete um aumento na carga assistencial registrada no sistema de saúde pública. A experiência da Guatemala documenta os primeiros passos rumo a uma resposta de atenção primária mais organizada e padronizada para o enfrentamento das doenças crônicas não transmissíveis, com ênfase no diagnóstico oportuno, no seguimento clínico e no controle da hipertensão arterial e do diabetes mellitus tipo 2, a fim de contribuir para a prevenção de complicações e a redução da mortalidade prematura evitável.",Revista panamericana de salud publica = Pan American journal of public health,2026,10.26633/RPSP.2024.100,PMC9695220,prevention,PubMed,7,peripheral,core topic:prevention; +prevention; +hypertension; +chronic kidney; +kidney disease; -5rat
42792790,Antioxidants in Oxidative Stress and Obesity-Associated Diseases: Molecular Mechanisms and Potential Health Implications.,"Obesity has become a major global public health concern, with prevalence rates rising dramatically over the past several decades and affecting more than one billion people worldwide. The increasing burden of obesity has been largely driven by sedentary lifestyles and the consumption of energy-dense, nutrient-poor diets, although its etiology is multifactorial, involving complex interactions among genetic, metabolic, endocrine, and environmental factors. Beyond excess adiposity, obesity is closely associated with numerous chronic diseases, including cardiovascular disease (CVD), type 2 diabetes mellitus (T2DM), hypertension, cancer, and chronic inflammatory disorders. Emerging evidence indicates that oxidative stress plays a pivotal role in the pathogenesis of obesity and its related metabolic complications. Reactive oxygen species (ROS) and reactive nitrogen species (RNS), which are generated during normal cellular metabolism, serve important physiological functions in cell signaling and redox regulation. However, excessive production of these reactive species or impairment of endogenous antioxidant defense systems disrupts redox homeostasis, leading to oxidative damage to lipids, proteins, and nucleic acids. Such alterations contribute to cellular dysfunction, chronic inflammation, and disease progression. In this context, dietary antioxidants have attracted considerable attention due to their ability to neutralize free radicals, inhibit lipid peroxidation, and restore redox balance. Natural antioxidants derived from fruits, vegetables, and other plant-based foods may act individually or synergistically to enhance cellular defense mechanisms against oxidative stress. Furthermore, growing evidence suggests that antioxidant-rich dietary patterns may offer protective effects against obesity-associated metabolic disturbances and chronic diseases. However, clinical benefits of isolated antioxidant supplementation remain inconsistent and appear to depend on dose, bioavailability, baseline redox status, disease stage, and the preservation of physiological redox signaling. Understanding the molecular mechanisms underlying antioxidant-mediated regulation of redox homeostasis may facilitate the development of nutritional strategies for obesity prevention and management, while contributing to the reduction in oxidative stress and obesity-related disease burden and the promotion of long-term health.",Biomedicines,2026,10.1016/j.tem.2023.06.001,PMC13531669,prevention,PubMed,6,peripheral,core topic:prevention; +prevention; +obesity; +hypertension; +diet; +lifestyle; -5rat; -2molecular mechanism; -4cancer
42795462,"Toward AI-Driven Detection of Asymptomatic Chronic Conditions from Stool Metagenomics and Dietary Data: A Multimodal Deep Learning Framework for T1DM, T2DM, MOS/PCOS, Cancer, and Autoimmune Disease.","Chronic non-communicable conditions-type 1 and type 2 diabetes mellitus (T1DM, T2DM), metabolic obesity syndrome (MOS), polycystic ovary syndrome (PCOS), colorectal and extra-intestinal cancers, and systemic autoimmune disease-share a prolonged asymptomatic phase during which conventional screening is invasive, insensitive, or resource-intensive. This review synthesizes the 2021-2026 literature on fecal microbiome-based artificial intelligence (AI) diagnostics across these conditions, extracting reported discrimination, validation strategy, microbial and short-chain fatty acid (SCFA) biomarkers, and cross-cohort reproducibility. Across the primary classifier studies tabulated here, reported areas under the curve (AUCs) span 0.76-0.99 under internal validation but 0.69-0.91 under external or cross-population validation; in the four studies reporting both, the median AUC falls from 0.875 to 0.810. Verified external-validation values include 0.82 for colorectal cancer, 0.79 for T2DM and 0.792 for discrimination of systemic lupus erythematosus from rheumatoid arthritis and controls. Clinical readiness turns on this internal-to-external gap more than on the headline AUC. We propose a multimodal deep learning architecture coupled with explainable AI; no component has been implemented or evaluated on data, and it is presented as a design proposal. Fecal-microbiome-based multimodal AI is technically feasible but clinically unvalidated, pending prospective, harmonized cross-cohort trials.",Microorganisms,2026,10.1016/j.ajcnut.2026.101322,PMC11643877,obesity,PubMed,6,peripheral,support topic:obesity; +screening; +obesity; +diet; -5rat; -4cancer; early-risk signal
42780774,A comparative real-world analysis of finerenone and steroidal mineralocorticoid receptor antagonists in patients with chronic kidney disease.,"BACKGROUND: Finerenone and steroidal mineralocorticoid receptor antagonists (sMRAs) reduce proteinuria in chronic kidney disease (CKD), but direct comparative data from routine clinical practice remain limited. The objective of this study was to compare the effectiveness, hemodynamic effects, kidney function trajectory, and safety of finerenone versus sMRAs in patients with proteinuric CKD in routine clinical practice. METHODS: This retrospective single-center cohort study included adults receiving finerenone or an sMRA between January 2021 and May 2025. Longitudinal analyses included 174 patients with at least one post-baseline assessment (finerenone, n = 96; sMRA, n = 78). Changes in proteinuria, estimated glomerular filtration rate (eGFR), blood pressure, potassium, and glycated hemoglobin were assessed using mixed-effects models. A 1:1 propensity score-matched sensitivity analysis was performed. RESULTS: Both treatments were associated with significant proteinuria reductions at 12 months, with percentage changes of -45.63% (95% confidence interval [CI], -59.42 to -27.15) with finerenone and -44.44% (95% CI, -60.08 to -22.66) with sMRAs, without a significant between-group difference (p = 0.927). Proteinuria reduction was already significant at 1 month with sMRAs, whereas it became significant from month 6 with finerenone. Both groups showed an early eGFR decline. At month 12, the decline remained significant in the sMRA group (-4.66 mL/min/1.73 m2; 95% CI, -7.35 to -1.97) but not in the finerenone group; however, no significant between-group difference in eGFR trajectory was observed. sMRAs produced a greater reduction in systolic blood pressure at 12 months than finerenone, with a between-group difference of 7.24 mmHg (95% CI, 2.25-17.66). Serum potassium increased in both groups without a significant between-group difference. Treatment discontinuation was less frequent with finerenone than with sMRAs (13.8% vs. 28.7%; p = 0.021). Findings for proteinuria and eGFR were consistent in the matched sensitivity analysis. CONCLUSION: In this real-world cohort, finerenone and sMRAs showed comparable antiproteinuric effectiveness. sMRAs were associated with a more pronounced blood pressure reduction, whereas finerenone showed more favorable renal profile, with lower treatment discontinuation and side effects.",Frontiers in pharmacology,2026,10.3389/fcvm.2024.1476029,PMC11456546,prevention,PubMed,5,peripheral,core topic:prevention; +glycated hemoglobin; +chronic kidney; +kidney disease; -5rat
42798836,Circulating PCSK9: A new frontier in cancer risk stratification for obese diabetics.,"This study investigated potential plasma biomarkers associated with cancer risk and mortality in patients with type 2 diabetes mellitus (T2DM), a population known to have an increased cancer incidence and poorer outcomes compared with non-diabetic individuals. Traditional metabolic indicators, including blood pressure, blood glucose and blood lipids, have limited predictive value for cancer risk, highlighting the need for novel clinical biomarkers. In total, 141 subjects with T2DM were enrolled in this study. Plasma inflammatory and lipid-related biomarkers included cluster of differentiation 147 (CD147), cyclophilin A (CyPA), cytokines, oxidized low-density lipoprotein (oxi-LDL), oxi-LDL antibody and proprotein convertase subtilisin/kexin type 9 (PCSK9). Among all participants, 37.6% were obese (body mass index ≥27 kg/m2). During 10 years of follow-up, all-cause mortality reached 35% and cancer incidence was 16%. Obese diabetic patients exhibit elevated oxi-LDL, soluble intercellular adhesion molecule-1, PCSK9, CD147 and CyPA levels. Deceased patients had a higher incidence of cancer and significantly lower plasma CD147 levels than surviving patients. Receiver operating characteristic curve analysis identified PCSK9 as a potential predictor of cancer occurrence in obese individuals with T2DM [area under the curve (AUC)=0.726], whereas CD147 showed modest predictive value in non-obese patients with diabetes (AUC=0.665). These findings suggest that plasma PCSK9 and CD147 may be associated with cancer occurrence in specific subgroups of patients with T2DM. However, larger prospective studies are required to confirm these associations and to further evaluate their potential value in cancer risk assessment.",Oncology letters,2026,10.1080/15384047.2024.2425127,PMC11552246,medications,PubMed,3,peripheral,support topic:medications; +risk assessment; +body mass index; -5rat; -4cancer; early-risk signal
42788662,Limbic-Predominant Cortical Magnetic Susceptibility Alterations Are Associated With Glycemic Dysregulation and Cognitive Performance in Type 2 Diabetes.,"AIMS: To characterize the spatial pattern of cortical magnetic susceptibility alterations in Type 2 diabetes mellitus (T2DM) and to determine whether hyperglycemia moderates the association between regional cortical QSM values and cognitive performance. METHODS: In this cross-sectional study, 145 patients with T2DM and 182 healthy controls underwent 3 T MRI. Cortical gray matter magnetic susceptibility was quantified using quantitative susceptibility mapping (QSM). Cognitive function was assessed with a multidomain neuropsychological battery. Partial correlation, general linear models, and moderation analyses examined associations among cortical susceptibility, glycemic indices, and cognitive performance. Support vector regression (SVR) with nested cross-validation evaluated the predictive value of limbic subregional QSM values for information processing speed. RESULTS: Whole-cortex analyses showed nominally higher QSM values in the bilateral limbic cortices of patients with T2DM, while post hoc analyses identified significantly higher QSM values in the left cingulate cortex and right parahippocampal gyrus after FDR correction. QSM values in selected limbic cortical regions at both the lobar and subregional levels were positively correlated with FPG and HbA1c. Covariate-adjusted analyses further indicated associations between higher QSM values in frontal, parietal, and limbic regions and poorer episodic memory and executive function. Moderation analyses suggested that higher HbA1c levels strengthened the inverse associations between QSM values in selected limbic cortical regions and cognitive performance on the MMSE, MoCA, and CDT. Within the T2DM group, SVR models based on limbic subregional QSM values showed cross-validated predictive performance for TMT-A scores. CONCLUSIONS: Patients with T2DM showed a limbic-predominant pattern of cortical magnetic susceptibility alterations, with higher QSM values in selected regions associated with poorer performance across multiple cognitive domains. HbA1c moderated the associations between regional QSM values and cognitive performance. These findings suggest that limbic cortical susceptibility alterations may be relevant to metabolic dysregulation and cognitive vulnerability in T2DM.",CNS neuroscience & therapeutics,2026,10.1016/j.redox.2018.09.025,PMC6205410,glucose,PubMed,3,peripheral,core topic:glucose; +hba1c; -5rat
42800499,Suitability of the ICH S1B(R1) Weight-of-Evidence Framework to Evaluate Glucagon-Like Protein-1 Receptor Agonist (GLP-1RA) Carcinogenicity Risk.,"Glucagon-like peptide 1 receptor agonists (GLP-1RAs) are an established treatment for management of type 2 diabetes mellitus (T2DM) and obesity. While these agents provide clinical benefits, chronic rodent bioassays have shown a consistent increase in thyroid C-cell tumors, raising regulatory concerns for human carcinogenicity risk and resulting in a boxed warning for medullary thyroid carcinoma (MTC). However, the human relevance of the rodent tumors is unclear due to species differences in GLP-1 receptor (GLP-1R) biology. Carcinogenicity testing of pharmaceuticals is described in ICH S1 guidelines. ICH S1B(R1) outlines experimental approaches to carcinogenicity evaluation including a weight-of-evidence (WoE) framework to determine whether long-term rat carcinogenicity studies add value to human cancer risk assessments. This manuscript applies that framework across seven approved GLP-1RAs: lixisenatide, exenatide, liraglutide, dulaglutide, semaglutide, tirzepatide, and albiglutide, to evaluate the relevance of rodent thyroid tumors and the utility of 2-year bioassays for this drug class. Across all six WoE domains, the evidence supports concluding that GLP1-RAs are tumorigenic in rats via a known human-irrelevant mechanism. Thus, within the S1B(R1) WoE framework, future carcinogenicity testing in rats is unlikely to provide additional value for regulatory decision-making for this class of pharmaceuticals.",Regulatory toxicology and pharmacology : RTP,2026,10.1016/j.yrtph.2026.106252,,medications,PubMed,3,peripheral,support topic:medications; +risk assessment; +obesity; -5rat; -4cancer; early-risk signal
42793252,Hyperglycemic Adipocyte-Derived Exosomes Cause Oxidative Stress and Lipid Peroxidation in Brain Microvascular Endothelial Cells.,"Background/Aims: Type 2 diabetes mellitus (T2DM) is characterized by hyperglycemia and is a risk factor for stroke. Our previous studies demonstrated that adipocyte-derived exosomes (Ad-EXs) mediate adipose-brain communication. This study investigated the effects of hyperglycemic subcutaneous and visceral Ad-EXs on brain microvascular endothelial cell (BMEC) dysfunction during ischemic injury. Hypothesis: Hyperglycemic Ad-EXs exacerbate stroke injury via inducing oxidative stress and lipid peroxidation in BMECs. Methods: EXs were isolated from primary human subcutaneous and visceral adipocytes cultured in normal glucose (NG): NG-S-Ad-EXs and NG-V-Ad-EXs, or high-glucose (HG, 25 mM) media: HG-S-Ad-EXs and HG-V-Ad-EXs by ultracentrifugation and characterized by a nanoparticle tracking analysis system. PKH26-labeled Ad-EXs were used to evaluate uptake mechanisms in human BMECs (HBMECs). Functional effects were assessed in hypoxia/reoxygenation (H/R)-injured HBMECs treated with different Ad-EXs. Oxidative stress and lipid peroxidation markers (NOX2/4, MDA, 4-HNE, and GPX4) were analyzed. Results: HG increased Ad-EX release from both adipocyte depots. HG-derived Ad-EXs increased HBMEC cytotoxicity and permeability while reducing angiogenesis after H/R injury. Mechanistically, HG-Ad-EXs promoted oxidative stress through increased NOX2/4 and lipid peroxidation via elevated MDA/4-HNE and reduced GPX4 expression. Conclusions: Hyperglycemic Ad-EX triggered oxidative stress via NOX2/4 and lipid peroxidation via MDA/4HNE/GPX4, leading to impaired HBMEC functioning, which was exacerbated in the H/R injury condition.",Current issues in molecular biology,2026,10.1186/s12929-025-01124-y,PMC11869713,prediabetes,PubMed,2,peripheral,core topic:prediabetes; +risk factor; -5rat
42798559,Pooled prevalence of anxiety and depressive symptoms among adults with type 2 diabetes: a systematic review and meta-analysis.,"PURPOSE: Anxiety and depressive symptoms are highly prevalent among individuals with type 2 diabetes mellitus (T2DM), yet they remain underdiagnosed despite their substantial impact on health outcomes. In addition to impairing treatment adherence, these conditions may contribute to the development of chronic complications, reduce quality of life, and, in severe cases, increase mortality. Therefore, this review aims to estimate the pooled prevalence of anxiety symptoms and depressive symptoms among adults with T2DM and to explore potential sources of between-study heterogeneity, including assessment instruments and cut-off points. METHODS: PubMed, Embase, PsycINFO, Scopus, and Web of Science were searched from inception to July 6, 2026. After screening 6,948 records according to PRISMA 2020, 34 cross-sectional studies involving 21,024 participants were included. We considered observational studies involving adults with T2DM that reported the prevalence of anxiety symptoms or depressive symptoms assessed using validated screening instruments or diagnostic criteria. Two reviewers independently screened the records, extracted the data, and assessed the risk of bias. Separate random-effects meta-analyses were conducted for anxiety symptoms and depressive symptoms. RESULTS: Thirty-four cross-sectional studies involving 21,024 participants were included. The pooled prevalence was 43.82% for anxiety symptoms (95% CI 36.86-50.90; [Formula: see text]) and 41.83% for depressive symptoms (95% CI 33.83-50.06; [Formula: see text]). Estimates varied substantially across assessment instruments and cut-off points. Several studies reported associations with sex, glycemic control, and social support; however, differences in the definitions, measurements, and analytical methods prevented quantitative pooling of these factors. CONCLUSION: Anxiety and depressive symptoms were frequently reported among adults with T2DM. However, the extreme between-study heterogeneity limits the interpretation of the pooled estimates, which should be understood as summary measures across diverse study populations rather than universal prevalence estimates. These findings should not be interpreted as estimates of clinically diagnosed anxiety or depressive disorders. SUPPLEMENTARY INFORMATION: The online version contains supplementary material available at https://doi.org/10.1007/s40200-026-02079-z.",Journal of diabetes and metabolic disorders,2026,10.4103/indianjpsychiatry_467_25,PMC13183313,medications,PubMed,2,peripheral,support topic:medications; +screening; -5rat; -2depressive; -2anxiety; early-risk signal
42798566,The association between maternal diabetes and the risk of epilepsy in offspring: a systematic review and meta-analysis.,"BACKGROUND: Epilepsy is among the most prevalent neurological disorders in children, with nearly half of all cases remaining idiopathic. The global prevalence of maternal diabetes-encompassing both pregestational types (type 1 diabetes mellitus (T1DM) and type 2 diabetes mellitus (T2DM)) and gestational diabetes mellitus (GDM)-has been steadily increasing, raising growing concerns regarding its impact on offspring neurodevelopment. While accumulating evidence suggests that maternal diabetes is associated with an elevated risk of various neurodevelopmental disorders in children, its specific relationship with the risk of epilepsy remains unclear, with available data being both limited and conflicting. To address this gap, we conducted a meta-analysis to comprehensively evaluate the association between distinct types of maternal diabetes (pregestational and gestational) and the subsequent risk of epilepsy in offspring. METHODS: We systematically searched the PubMed, Embase, Web of Science, and the Cochrane Library for observational studies examining the association between maternal diabetes and offspring epilepsy risk, covering the period from database inception to July 2026. Two independent reviewers performed literature screening, data extraction, and risk-of-bias assessment. Statistical analyses were performed using Stata version 14.0. RESULTS: A total of three studies, encompassing 5,287,837 participants, met the inclusion criteria. Pregestational diabetes-both T1DM and T2DM-was significantly associated with an increased risk of epilepsy in offspring (T1DM: HR = 1.33, 95% CI [1.17, 1.52], P < 0.001; T2DM: HR = 1.38, 95% CI [1.25, 1.51], P < 0.001). Nevertheless, owing to the observational design of the included studies, these associations should not be interpreted as causal. Regarding GDM, the pooled estimate did not reach conventional statistical significance (HR = 1.04, 95% CI [0.93, 1.16], P = 0.469). Furthermore, sensitivity analyses revealed that this null finding lacked robustness, with the pooled estimate being substantially influenced by individual studies. Consequently, the current evidence is insufficient to either support or refute a conclusive association between GDM and offspring epilepsy, and any positive findings must be interpreted with considerable caution. CONCLUSIONS: This meta-analysis suggests that pregestational T1DM and T2DM may increase the risk of epilepsy in offspring. In contrast, for GDM, the available analytical evidence remains inconclusive and displays notable between-study heterogeneity; although the summary effect was not statistically significant, it proved highly unstable under sensitivity testing. Given the limited number of included studies and the inability to fully exclude residual confounding, the above findings-particularly those pertaining to GDM-should be regarded as exploratory rather than definitive causal inferences. Interpretation of these results warrants prudence. Future large-scale, high-quality prospective cohort studies are urgently needed to validate these observations, with special emphasis on stringent glycemic management in pregnant women with diabetes and long-term neurodevelopmental surveillance of their offspring. SYSTEMATIC REVIEW REGISTRATION: https://www.crd.york.ac.uk/PROSPERO/view/CRD420261465624, identifier CRD420261465624.",Frontiers in endocrinology,2026,10.1038/mp.2017.191,PMC6459194,medications,PubMed,2,peripheral,support topic:medications; +screening; -5rat; -4epilepsy; early-risk signal
42783806,Association Between Obesity Severity and Bioelectrical Impedance Analysis-Derived Metabolic Age in Individuals with Type 2 Diabetes Mellitus.,"BACKGROUND: Metabolic age (Met-Age), a bioelectrical impedance analysis (BIA)-derived index based on basal metabolic rate (BMR) and body composition, has been associated with cardiometabolic risk. However, its relationship with body mass index (BMI)-defined obesity severity in individuals with type 2 diabetes mellitus (T2DM) remains unclear. This study investigated the association between obesity severity and Met-Age and identified factors associated with Met-Age. METHODS: In this retrospective observational study, 683 adults with T2DM were classified into five BMI categories: normal weight, overweight, and class I, II, and III obesity. Anthropometric, laboratory, and BIA-derived body composition data were analyzed using correlation and sex-stratified multivariable linear regression analyses. RESULTS: Although chronological age did not differ significantly across groups, Met-Age increased progressively with increasing obesity severity (p < 0.001). The Jonckheere-Terpstra test confirmed a significant ordered increase in Met-Age across BMI categories. BMI, fat mass, and waist-to-height ratio (WHtR) also increased progressively with increasing obesity severity. In the multivariable regression analyses, chronological age and WHtR were positively associated with Met-Age in both sexes, whereas muscle mass showed a weak inverse association with Met-Age only in female participants. No significant correlations were found between Met-Age and fasting blood glucose (FBG) or hemoglobin A1c (HbA1c) levels (all p > 0.05). CONCLUSIONS: In individuals with T2DM, greater obesity severity was associated with higher BIA-derived Met-Age. WHtR was positively associated with Met-Age in both sexes, whereas muscle mass showed a weak inverse association among female participants. Met-Age may serve as a descriptive index reflecting body composition and metabolic characteristics; however, its incremental clinical value beyond BMI and WHtR remains unproven.",Metabolites,2026,10.1016/j.clnu.2004.09.012,PMC7072669,obesity,PubMed,1,peripheral,support topic:obesity; +hba1c; +obesity; +body mass index; -5rat; established-T2D-only signal
42798868,Episodic hypercortisolemia-mediated periods of worsening hyperglycemia in cyclic Cushing syndrome.,"Cyclic Cushing syndrome (CCS) is a rare subtype of Cushing syndrome (CS) characterized by hypercortisolism alternating with periods of physiologic or even low cortisol secretion. Most patients with CCS present with clinical signs of CS; however, in some patients, signs of hypercortisolism may be subtle or even absent. The fluctuating clinical picture and discrepant biochemical findings make CCS difficult to diagnose. We describe a case of a 70-year-old man with well-controlled type 2 diabetes mellitus who experienced recurrent, spontaneous hypercortisolemic episodes resulting in worsening and difficult-to-control hyperglycemia, followed by eucortisolemic phases during which his glycemic control rapidly returned to baseline. Further biochemical evaluation revealed intermittent hypercortisolemia without a clearly identifiable source of an adrenocorticotropic hormone secreting lesion. Data from his continuous glucose monitoring system (CGMS) proved pivotal in detecting the hypercortisolemic phases and tailoring management. After declining bilateral adrenalectomy and opting for a block-and-replace regimen with osilodrostat and hydrocortisone, he was able to anticipate and initiate this treatment based on his CGMS readings, facilitating improved glycemic control during these periods. This case highlights the diagnostic complexity of CCS and the utility of CGMS as both a monitoring tool and treatment guide for CCS in patients with concurrent type 2 diabetes mellitus.",JCEM case reports,2026,10.1210/jcemcr/luag279,PMC12866165,medications,PubMed,1,peripheral,support topic:medications
42787810,Exploring the Relationship Between Dolutegravir and Diabetes Using Routine Data of Patients on Anti-Retroviral Treatment in a High HIV Prevalence Setting.,"BACKGROUND: Dolutegravir has been associated with excessive weight gain and type 2 diabetes mellitus (T2DM) The study aimed to describe the incidence and prevalence of type 2 diabetes mellitus in a cohort of patients exposed and non-exposed to dolutegravir containing antiretroviral therapy in Eswatini. METHODS: We conducted a retrospective observational study using routinely collected data from electronic medical records for adults aged ≥25years active on antiretroviral therapy in two of the country's regions between 01 October 2018 and 31 August 2025. Included patients were adults (≥25 years) active on antiretroviral therapy with no prior diagnosis of diabetes mellitus. The primary outcome was a documented diagnosis of type 2 diabetes mellitus among dolutegravir initiators- patients who started antiretroviral therapy on a dolutegravir-based regimen; dolutegravir transitioners- patients previously on a non-dolutegravir regimen who transitioned to a dolutegravir-based regimen; and non- dolutegravir users- patients that were never exposed to dolutegravir. Multiple imputation was used to handle missing data in body mass index and antiretroviral therapy duration. Descriptive statistics were used to describe patient characteristics, and Poisson log link regression was used to compute incidence risk ratios. RESULTS: A total of 102330 patients were analyzed (21938 in dolutegravir initiators group, 73967 in dolutegravir transitioners group and 6425 in non-dolutegravir users group). The participant mean age was 43.7±11.7years, the mean duration on antiretroviral therapy was 9.4±3.9years and mean body mass index (BMI) was 27.5±6.2 kg/m2. The overall prevalence of type 2 diabetes was 2.0% (1.2% among dolutegravir initiators; 2.3% among dolutegravir transitioners and 1.4% among non-dolutegravir users) and the overall incidence rate was 3.6 cases per 1000person-years [Non-dolutegravir Users-6.2 per 1000person-years), Dolutegravir Transitioners (3.6 per 1000person-years) and Dolutegravir Initiators (2.9 per 1000person-years)]. After adjusting for age, BMI, and duration on antiretroviral therapy, Dolutegravir Initiators (aIRR=0.4) and Dolutegravir Transitioners (aIRR=0.4) had a lower risk than Non-Dolutegravir Users. CONCLUSION: There was a protective relationship for developing type 2 diabetes mellitus for patients on dolutegravir-based regimens in comparison to non-dolutegravir regimens. All patients commencing antiretroviral therapy should have baseline and ongoing blood glucose monitoring as a critical component in the management of HIV.",Medical research archives,2026,10.1016/S2352-3018(20)30042-4,PMC10617153,glucose,PubMed,1,peripheral,core topic:glucose; +body mass index; -5rat
42782594,Knowledge and Attitude Regarding Chronic Kidney Disease among Patients with Type 2 Diabetes Mellitus.,"BACKGROUND: Type 2 diabetes mellitus (T2DM) is one of the major causes of death worldwide. In India, the estimated number of people with diabetes was 77 million in 2019, and it is predicted to escalate to 134 million by 2045. The most significant challenges of diabetes mellitus are chronic kidney disease (CKD). AIM: This study aims to assess the knowledge and attitude regarding CKD and examine their relationship among patients with T2DM. SUBJECTS AND METHODS: A cross-sectional study was conducted at a tertiary care hospital among 250 patients with T2DM aged over 18 years using convenience sampling. RESULTS: Male participants predominated at 56% (140), compared to females at 44% (110). The mean knowledge score was 2.29 ± 0.68 (out of 12), while the mean attitude score was 1.94 ± 0.28 (out of 50). Nearly half of the participants (45.6%, 114) demonstrated a moderate level of knowledge, and 92% (230) of respondents showed a moderately favorable attitude toward CKD. Significant associations were found between knowledge of CKD and factors such as family type, personal habits, and area of residence (P < 0.05). There was no significant correlation between knowledge and attitude. CONCLUSION: Overall, the findings indicate that patients with T2DM possess only moderate knowledge and attitudes regarding CKD, highlighting an urgent need to enhance awareness among high-risk populations. Strengthening education may improve treatment adherence, promote lifestyle modification, and prevent CKD progression. Résumé Contexte:Le diabète sucré de type 2 (DT2) est l’une des principales causes de décès dans le monde. En Inde, le nombre estimé de personnes atteintes de diabète était de 77 millions en 2019, et il est prévu qu’il atteigne 134 millions d’ici 2045. Les défis les plus significatifs du diabète sucré sont les maladies rénales chroniques (MRC).Objectif:Cette étude vise à évaluer les connaissances et l’attitude concernant les MRC et à examiner leur relation chez les patients atteints de DT2.Sujets et Méthodes:Une étude transversale a été réalisée dans un hôpital de soins tertiaires auprès de 250 patients atteints de DT2 âgés de plus de 18 ans, utilisant un échantillonnage de convenance.Résultats:Les participants masculins prédominaient à 56 % (140), contre 44 % (110) pour les femmes. Le score moyen de connaissances était de 2,29 ± 0,68 (sur 12), tandis que le score moyen d’attitude était de 1,94 ± 0,28 (sur 50). Près de la moitié des participants (45,6 %, 114) ont montré un niveau de connaissances modéré, et 92 % (230) des répondants ont affiché une attitude modérément favorable envers les MRC. Des associations significatives ont été trouvées entre la connaissance des MRC et des facteurs tels que le type de famille, les habitudes personnelles et la zone de résidence (P < 0,05). Il n’y avait pas de corrélation significative entre connaissance et attitude.Conclusion:Dans l’ensemble, les résultats indiquent que les patients atteints de DT2 n’ont qu’une connaissance et des attitudes modérées concernant les MRC, soulignant un besoin urgent d’améliorer la sensibilisation parmi les populations à risque élevé. Renforcer l’éducation pourrait améliorer l’observance du traitement, promouvoir la modification du mode de vie et prévenir la progression des MRC.",Annals of African medicine,2026,10.4103/aam.aam_621_26,,prevention,PubMed,1,peripheral,core topic:prevention; +lifestyle; +chronic kidney; +kidney disease; -5rat; established-T2D-only signal
42793473,"Mediterranean Diet Adherence and Sustainable Eating Behaviors in Type 2 Diabetes: A Cross-Sectional Analysis of Adiposity, Cooking and Food Skills, and Macrovascular Complications.","Aims: Although the Mediterranean diet (MD) is widely recognized as a sustainability-aligned dietary model, its relationship with sustainable eating behaviors and its cross-sectional associations with adiposity, cooking and food skills, and macrovascular complications in type 2 diabetes mellitus (T2DM) remain insufficiently characterized. Methods: This cross-sectional study included 120 adults with T2DM (median age, 60 years) consecutively recruited from an endocrinology outpatient clinic. Mediterranean diet adherence (MDA), Sustainable and Healthy Eating Behaviors (SHEB), and Cooking Skills and Food Skills (CSFS) were assessed using validated scales. Dietary intake was evaluated using a single 24-h dietary recall, and anthropometric and body composition measures were obtained using standardized procedures. Adjusted group differences were examined using ANCOVA. To account for multiplicity across prespecified families of exploratory outcomes, nominal p-values were corrected using the Benjamini-Hochberg false discovery rate (FDR) procedure. Results: Higher MDA was associated with a higher total SHEB score (primary outcome; p < 0.001) and with higher scores for quality labels, seasonal foods and food waste avoidance, local food, and reduced meat consumption, after FDR correction (all q < 0.05). Across SHEB tertiles, waist-to-hip ratio differed significantly after FDR correction (p = 0.001, q = 0.010), whereas the nominal difference in neck circumference did not remain significant (p = 0.046, q = 0.230). In analyses according to macrovascular complication status, lower adjusted protein intake remained significant after FDR correction (p = 0.002, q = 0.032). Nominal differences in food skills, total CSFS, MDA, total and saturated fat intake, monounsaturated fat intake, and dietary total antioxidant capacity did not remain significant after multiplicity correction (all q > 0.05). Conclusions: Greater adherence to the Mediterranean diet was cross-sectionally associated with more sustainable and healthier eating behaviors, whereas higher SHEB scores were associated with a lower waist-to-hip ratio. Most exploratory differences according to macrovascular complication status did not remain significant after correction for multiple testing, underscoring the need for cautious interpretation. Prospective studies are needed to establish temporal relationships, and intervention studies are required to determine whether modifying adherence to the Mediterranean diet, sustainable eating behaviors, or cooking and food skills affect subsequent cardiometabolic and vascular outcomes in T2DM.","Healthcare (Basel, Switzerland)",2026,10.1136/bmjopen-2025-107850,PMC12958997,clinical_guidelines,PubMed,1,peripheral,core topic:clinical_guidelines; +diet; -5rat
42799180,Molecular Epidemiology of TGF-β1 Gene Variants and Their Relationship With Adult Type 2 Diabetes Mellitus Patients Visiting Injibara Comprehensive Hospital in Northwest Ethiopia: A Case-Control Study.,"BACKGROUND AND AIM: Type 2 diabetes mellitus (T2DM) is a chronic metabolic disorder influenced by environmental and genetic factors. The TGF-β1 codon 10 T > C polymorphism has been investigated as a potential genetic factor for T2DM, but evidence from African populations, particularly Ethiopia, remains limited. This study aimed to assess the association between TGF-β1 codon 10 T > C polymorphism and T2DM among patients attending Injibara Comprehensive Hospital, Northwest Ethiopia. METHODS: A case-control study was conducted among 230 participants (115 T2DM cases and 115 controls). Sociodemographic, behavioral, and clinical data were collected using a structured questionnaire. DNA was extracted from blood samples, and TGF-β1 codon 10 T > C polymorphism was genotyped using ARMS-PCR. Associations were assessed using bivariate and multivariable logistic regression. RESULTS: The TC genotype was significantly associated with higher odds of T2DM compared with the TT genotype (AOR = 3.326, 95% CI: 1.009-10.969, p = 0.048). The C allele was also associated with higher odds of T2DM (AOR = 2.361, 95% CI: 1.231-4.528, p = 0.010). However, the CC genotype was not significantly associated with T2DM (p = 0.739). Overweight BMI, elevated blood pressure, and alcohol consumption were also significantly associated with T2DM. CONCLUSION: The TGF-β1 codon 10 TC genotype and C allele were associated with T2DM in this study, whereas the CC genotype was not significantly associated. These findings should be interpreted cautiously and require confirmation in larger studies.",Health science reports,2026,10.1002/hsr2.73298,PMC3966911,medications,PubMed,1,peripheral,support topic:medications
42792831,Echinatin Ameliorates Insulin Resistance and Hepatic Lipid Accumulation in db/db Mice.,"Background: Type 2 diabetes mellitus (T2DM) is a multifactorial metabolic disorder characterized by hyperglycemia, insulin resistance, hepatic steatosis, chronic inflammation, and oxidative damage. Echinatin (ECH), a naturally occurring chalcone compound, has shown potential metabolic regulatory activities, but its effects and underlying mechanisms in T2DM remain unclear. This study aimed to investigate the effects of ECH and its underlying mechanisms in db/db mice. Methods: Male db/db mice were orally administered ECH at low and high doses for 8 weeks. Glucose metabolism was evaluated by fasting blood glucose measurement and oral glucose tolerance test (OGTT). Insulin sensitivity was assessed by serum insulin levels and hepatic AKT phosphorylation. Pancreatic β-cell integrity was examined by insulin immunohistochemistry. Hepatic glucose metabolism-related genes, including Pck1, G6pc, Gys1, Gys2, Gck, and Slc2a2, were analyzed by quantitative PCR. Serum and hepatic lipid profiles, hepatic steatosis, inflammatory cytokines, and oxidative stress markers were also evaluated. Results: ECH treatment significantly reduced fasting blood glucose levels and improved glucose tolerance, as indicated by ECH-preserved pancreatic β-cell integrity and increased serum insulin levels. Furthermore, ECH enhanced hepatic insulin signaling, as demonstrated by an increased p-AKT/AKT ratio. At the transcriptional level, high-dose ECH significantly suppressed the expression of gluconeogenic genes Pck1 and G6pc, while upregulating the glucose transporter gene Slc2a2 without significantly altering Gys1, Gys2, or Gck expression. In addition, ECH reduced serum and hepatic triglyceride and total cholesterol levels, alleviated hepatic lipid accumulation by H&E and Oil Red O staining, and decreased circulating inflammatory cytokines (TNF-α and IL-1β) and oxidative markers (4-HNE and 8-OHdG). Conclusions: ECH treatment was associated with improvements in multiple metabolic parameters in db/db mice, including glucose homeostasis, insulin sensitivity, hepatic steatosis, and systemic inflammation and oxidative stress. These observations may provide a basis for further studies on the effects of ECH on T2DM-related glucose and lipid metabolism.",Biomedicines,2026,10.3390/antiox11050911,PMC9137824,glucose,PubMed,0,peripheral,core topic:glucose; +oral glucose tolerance; +glucose tolerance; -5mice; -5rat
42799419,Recurrent Euglycemic Diabetic Ketoacidosis Weeks After SGLT2 Inhibitor Cessation: A Case Report.,"Euglycemic diabetic ketoacidosis (EDKA) is a complication of sodium-glucose cotransporter-2 (SGLT2) inhibitors that is being increasingly documented. It is challenging to diagnose, especially in critically ill patients because hyperglycemia is absent or mild. We report the case of a 71-year-old man with type 2 diabetes mellitus previously treated with dapagliflozin, which had been discontinued 2 weeks before presentation, who was admitted for tracheostomy and percutaneous endoscopic gastrostomy (PEG) placement in the context of a neurodegenerative disorder. On postoperative day 2, he was transferred to the intensive care unit (ICU) for aspiration pneumonia complicated by septic shock. He subsequently experienced recurrent episodes of high anion gap metabolic acidosis associated with positive ketonuria and relative euglycemia. The initial episode was interpreted as mixed septic lactic acidosis and SGLT2 inhibitor-associated EDKA, whereas later episodes were more consistent with isolated recurrent EDKA. Management consisted of treatment of the underlying septic shock, and repeated courses of fixed intravenous (IV) insulin infusions to close the anion gap while maintaining euglycemia. This case demonstrates the importance of suspecting EDKA, especially in critically ill patients on SGLT2 inhibitors who present with unexplained high anion gap metabolic acidosis, even when lactic acidosis is present. Early diagnosis and treatment are essential to prevent complications and relapse.",Case reports in endocrinology,2026,10.7759/cureus.96393,PMC12686196,medications,PubMed,0,peripheral,support topic:medications; +early diagnosis; -5rat
42791255,Responder Analysis of Adaptive Postural Balance Cardiac Rehabilitation Exercise in Patients with Coronary Artery Disease and Type 2 Diabetes: Secondary Analysis of a Randomized Trial.,"BACKGROUND: Patients with coronary artery disease (CAD) and type 2 diabetes mellitus (T2DM) show variable responses to exercise-based cardiac rehabilitation. We compared metabolic and exercise responder rates after adaptive postural balance cardiac rehabilitation exercise (APBCRE) versus aerobic exercise (AE) and explored baseline factors associated with responder status. METHODS: This pre-specified secondary analysis included 167 patients with CAD and T2DM from a randomized trial who completed an 8-week intervention (APBCRE, n = 87; AE, n = 80). Metabolic response was defined as an HbA1c reduction of ≥0.5%, and exercise response as a VO2max increase of ≥3.5 mL·kg-1·min-1. Multivariable logistic regression evaluated associated factors. RESULTS: APBCRE was associated with higher metabolic (48.3% vs 32.5%, P < 0.05) and exercise responder rates (31.0% vs 11.3%, P < 0.01) than AE. APBCRE was independently associated with metabolic response (OR 2.09, 95% CI 1.03-4.25; P = 0.043) and exercise response (OR 3.66, 95% CI 1.55-8.65; P = 0.003). Higher baseline HbA1c was associated with metabolic response (OR 5.04, 95% CI 2.14-11.86; P < 0.001), whereas insulin therapy was inversely associated (OR 0.25, 95% CI 0.07-0.90; P = 0.034). Lower baseline VO2max was associated with exercise response (OR 0.84, 95% CI 0.72-0.97; P = 0.016). CONCLUSIONS: APBCRE was associated with higher rates of clinically meaningful metabolic and exercise responses than AE. Responder analysis complements conventional outcome assessment and may support individualized cardiac rehabilitation.",Scandinavian cardiovascular journal : SCJ,2026,10.1080/14017431.2026.2732500,,lifestyle,PubMed,0,peripheral,support topic:lifestyle; +hba1c; -5rat
42789768,Concurrent metformin-associated lactic acidosis and euglycemic diabetic ketoacidosis from tirzepatide starvation ketosis.,"SUMMARY: We describe a case of concurrent metformin-associated lactic acidosis (MALA) and euglycemic diabetic ketoacidosis (EDKA) in a 64-year-old woman with type 2 diabetes mellitus (T2DM) treated with metformin and tirzepatide who presented with shock, encephalopathy, and severe high anion gap metabolic acidosis after two weeks of markedly reduced oral intake following tirzepatide dose escalation. While incretin-based therapies, including dual glucose-dependent insulinotropic polypeptide/glucagon-like peptide-1 receptor agonists (GIP/GLP-1 RAs) such as tirzepatide, are highly effective for glycemic control and weight management, gastrointestinal (GI) adverse effects may lead to prolonged caloric restriction and starvation physiology. In this patient, starvation ketosis progressed to EDKA, while concurrent dehydration and acute kidney injury (AKI) impaired metformin clearance, resulting in MALA with markedly elevated lactate. The patient required endotracheal intubation, vasopressor support, and continuous renal replacement therapy (CRRT), with rapid clinical and metabolic improvement following discontinuation of metformin and tirzepatide. This case highlights the potential for severe overlapping metabolic complications involving starvation-related ketoacidosis, dehydration, AKI, and impaired metformin clearance when incretin-based therapies are continued during prolonged poor oral intake.","Endocrinology, diabetes & metabolism case reports",2026,10.1530/EDM-26-0025,,prediabetes,PubMed,-1,peripheral,core topic:prediabetes; -5rat
42780617,Culture conversion and drug susceptibility in drug-resistant pulmonary tuberculosis with type 2 diabetes mellitus on oral regimens.,"BACKGROUND: The simultaneous existence of multidrug-resistant pulmonary tuberculosis (MDR-PTB) and type 2 diabetes mellitus (T2DM) represents a rising threat in high-burden countries such as India. Diabetes has been associated with impaired immune responses and delayed bacteriological clearance, thereby compromising treatment outcomes in patients with multidrug-resistant tuberculosis receiving all-oral longer regimens. AIM: Impact of T2DM on clinical profile, radiological severity, drug resistance patterns, and sputum culture conversion in MDR-PTB. METHODS: This prospective observational study included 264 adults with microbiologically confirmed MDR-PTB treated at a tertiary care center in North India over a 12-month period. The participants were classified as diabetic, pre-diabetic, or non-diabetic according to the American Diabetes Association 2023 criteria. Clinical, radiological, microbiological, and drug susceptibility data were analyzed. Time to culture conversion and treatment outcomes were compared across groups using appropriate statistical tests. RESULTS: Patients with diabetes were older and had higher rates of dyspnea and hemoptysis. Radiologically, they demonstrated significantly higher rates of bilateral lung involvement and lower zone involvement. A higher bacillary load and increased prevalence of inhA and katG mutations were observed among patients with diabetes. Mean time to sputum culture conversion was significantly prolonged in patients with diabetes (132.9 ± 22.3 days) compared with pre-diabetic patients (112.6 ± 7.6 days) and non-diabetic patients (96.9 ± 10.8 days) (P < 0.001). CONCLUSION: T2DM adversely affects bacteriological response, radiological severity, and treatment outcomes in patients with MDR-PTB on all-oral longer regimens.",World journal of experimental medicine,2026,10.5493/wjem.122305,PMC11755361,prediabetes,PubMed,-1,peripheral,core topic:prediabetes; -5rat
42773000,Development and preliminary validation of the Diabetes Hand Function Assessment.,"BACKGROUND: Diabetic peripheral neuropathy is a common complication of type 2 diabetes mellitus that significantly impairs hand function. However, no patient-reported outcome measure currently exists to specifically assess hand function impairments in this population. PURPOSE: To develop and conduct preliminary validation of the Diabetes Hand Function Assessment (DHFA), a disease-specific patient-reported outcome measure designed to evaluate functional and symptom-related hand impairments in individuals with diabetic peripheral neuropathy. STUDY DESIGN: Cross-sectional clinical measurement. METHODS: The DHFA was developed in three phases: item generation through literature review and expert focus group (phase 1); content and face validity assessment by 10 experts and 10 individuals with diabetic peripheral neuropathy (phase 2); and preliminary psychometric testing on 150 individuals with diabetic peripheral neuropathy (phase 3). Internal consistency was evaluated using Cronbach's alpha. Convergent validity was assessed by correlating DHFA scores with the Malay Duruöz Hand Index (DHI). Known-groups validity was tested by comparing DHFA scores based on diabetes duration (<5 years vs ≥5 years). RESULTS: Content and face validity indices exceeded recommended thresholds (S-CVI/Ave = 0.90; S-FVI/Ave = 0.98). Internal consistency was excellent for the total DHFA (α = 0.972), section 1 (α = 0.967), and good for section 2 (α = 0.827). Convergent validity was supported by a strong negative correlation with the Malay-DHI (r = -0.940, p < 0.001). Known-groups validity showed significantly poorer hand function in participants with ≥5 years of diabetes (U = 676.5, Z = -7.977, p < 0.001), supporting the DHFA's ability to distinguish between severity groups. CONCLUSIONS: The DHFA is a promising patient-reported outcome measure, with future studies needed to establish test-retest reliability, responsiveness, and other psychometric properties. Its disease-specific focus and preliminary psychometric strength support its potential use in clinical assessment, rehabilitation planning, and research.",Journal of hand therapy : official journal of the American Society of Hand Therapists,2026,10.1016/j.jht.2026.02.001,,prevention,PubMed,-1,peripheral,core topic:prevention; -5rat
42795404,"Effects of Bioactive Microalgal Pigment Intake on Metabolic Parameters, Cecal Distribution and Short-Chain Fatty Acids in a Diabetic Rat Model.","Type 2 diabetes mellitus (T2DM) represents a major global public health challenge, and bioactive compounds have been investigated as complementary nutritional strategies for disease management. This study evaluated, for the first time, the effects of carotenoids and chlorophylls (lipophilic extract) of Scenedesmus obliquus on the cecal pigment profile, short-chain fatty acids (SCFAs), metabolic parameters, and intestinal fate in an experimental model of T2DM. Healthy and diabetic Wistar rats were supplemented for 28 days with the lipophilic extract (300 mg/kg body weight), alone or in combination with metformin (150 mg/kg bw). Chlorophyll a and all-trans-lutein were the predominant in the extract, whereas all-trans-lutein and chlorophyll derivatives predominated in the cecal contents. β-Carotene-5,6,5',8'-diepoxide and porphyrins were detected exclusively in the cecum, indicating extensive metabolic transformations during gastrointestinal digestion. Supplementation significantly reduced blood glucose levels and favorably modulated the SCFA profile, restoring the acetate-to-propionate ratio to values comparable to those of healthy animals. Although total cecal pigment content did not differ among groups, carotenoids and chlorophyll derivatives exhibited distinct accumulation patterns, suggesting differential intestinal metabolism. Overall, the findings indicate that the host metabolic status modulates the intestinal fate of microalgal pigments, supporting their potential contribution to glycemic regulation and intestinal fermentation in T2DM.","Life (Basel, Switzerland)",2026,10.1021/ACS.JAFC.1C02815,PMC8389804,glucose,PubMed,-1,peripheral,core topic:glucose; -5rat
42797275,Harnessing Medicinal Plants Through Advanced Drug Delivery: A New Era in Type 2 Diabetes Management.,"Type 2 diabetes mellitus (T2DM) remains a global health crisis, with nearly 589 million adults currently affected and projections pointing toward 853 million by 2050. Despite an expanding pharmacological armamentarium, a significant proportion of patients fail to achieve adequate glycaemic control, and the limitations of existing therapies, including adverse effects, cost, and limited accessibility, underscore the compelling need for novel therapeutic approaches. Phytochemicals such as curcumin, berberine, quercetin, resveratrol, and epigallocatechin gallate possess well-documented antidiabetic activity, operating through the PI3K/Akt, AMPK (activated protein kinase), NF-κB/JNK (nuclear factor kappa-B), and GLP-1R (glucagon-like peptide-1) signalling axes to improve insulin sensitivity, suppress gluconeogenesis, protect pancreatic beta-cells, and attenuate chronic metabolic inflammation. However, their clinical utility has been fundamentally constrained by poor oral bioavailability arising from low aqueous solubility, gastrointestinal instability, extensive first-pass metabolism, and P-glycoprotein-mediated efflux. Advanced drug delivery systems, including liposomes, solid lipid nanoparticles (SLN), nanostructured lipid carriers, PLGA (Poly (lactic-co-glycolic acid)) and chitosan nanoparticles, nanoemulsions, self-nanoemulsifying drug delivery systems, and phytosomes have demonstrated the capacity to overcome these barriers, achieving five- to ten-fold improvements in systemic bioavailability and substantially enhanced antidiabetic efficacy in preclinical models. Emerging mechanistic evidence further positions gut microbiota modulation and epigenetic reprogramming as additional therapeutic axes through which nano-encapsulated phytochemicals may exert durable metabolic benefits. Nonetheless, critical translational challenges persist, encompassing nanotoxicological risks, herb-drug interactions, the absence of harmonised regulatory frameworks for nano-phytomedicine products, phytochemical raw material variability, and formidable technical and economic barriers to scalable nanoparticle manufacturing. This review synthesises the current mechanistic, formulation, and clinical evidence within a unified analytical framework and identifies the strategic priorities of rigorous clinical development, regulatory clarity, and manufacturing standardisation required to translate nano-phytomedicine science into evidence-based T2DM therapeutics.",Pharmaceutics,2026,10.3390/ijms25126388,PMC11203894,clinical_guidelines,PubMed,-1,peripheral,core topic:clinical_guidelines; -5rat
42784648,"Nationwide trends in dementia subtypes and in-hospital mortality among hospitalizations with type 2 diabetes in Spain, 2021-2024: A focus on sex disparities.","BACKGROUND: The co-occurrence of type 2 diabetes mellitus (T2DM) and dementia represents a major public health challenge in Spain, where prevalence among hospitalized patients rose from 6.9% in 2011 to 10.6% in 2020. However, post-pandemic trends and sex-specific clinical outcomes remain under-characterized. We aimed to evaluate the frequency and temporal trends of dementia subtypes, clinical profiles, and predictors of in-hospital mortality (IHM) among T2DM-related hospitalizations in Spain (2021-2024). METHODS: We conducted a nationwide retrospective observational study using the Spanish National Hospital Discharge Database (RAE-CMBD) and analyzed 2,786,184 T2DM-related hospital discharge episodes recorded between 2021 and 2024. The unit of analysis was the hospitalization episode rather than the unique individual; therefore, recurrent admissions for the same person could be included as separate observations. Multivariable logistic regression identified independent predictors of dementia presence and IHM. RESULTS: All-cause dementia was coded in 180,623 hospital episodes, corresponding to 6.48% of T2DM-related hospitalizations. This proportion was higher among hospitalizations involving women than among those involving men. Regarding specific subtypes, AD was the most frequent diagnosis with 80,174 cases (2.88% prevalence), presenting an IHM of 16.3% across the study period. VaD affected 1.44% of the sample. A remarkably strong association was found between prior stroke/TIA and the presence of VaD (aOR 5.89; 95% CI 5.69-6.09). Hospitalizations involving all-cause dementia had higher in-hospital mortality (17.06% vs. 7.22%), lower ICU admission rates (1.33% vs. 7.58%), and higher frequencies of palliative-care coding (3.76% vs. 1.65%) than hospitalizations without dementia (Table 3). They also had shorter hospital stays and lower median estimated hospitalization costs (€6,129.3 vs. €8,602.94). A comprehensive breakdown of in-hospital mortality according to specific concomitant conditions and dementia status is available in S3 Table. CONCLUSIONS: Among T2DM-related hospitalizations with dementia, female sex was associated with lower adjusted odds of in-hospital mortality. Prior stroke or transient ischemic attack was strongly associated with vascular dementia coding. Lower ICU admission and higher palliative-care coding were observed among hospitalizations involving dementia; however, the clinical reasons underlying these patterns cannot be determined from administrative discharge data.",PloS one,2026,10.3233/JAD-150946,PMC4636675,prevention,PubMed,-1,peripheral,core topic:prevention; -5rat
42798329,The effectiveness of self-care interventions in working-age adults with type 2 diabetes mellitus: a systematic review and meta-analysis.,"BACKGROUND: The prevalence of type 2 diabetes mellitus (T2DM) is rapidly increasing among working-age adults. This group faces unique challenges in sustaining effective self-care due to social and occupational demands. We conducted a systematic review and meta-analysis to evaluate the effectiveness of self-care interventions on glycemic control and self-care behaviors among working-age adults with T2DM. METHODS: We searched nine databases (PubMed, Embase, CINAHL, Cochrane Library, Web of Science, CBM, CNKI, CQVIP, and Wan Fang) to identify randomized controlled trials (RCTs) published from January 2020 to April 2025. Eligible studies included 18-60-year-old adults with T2DM receiving self-care interventions. Review Manager 5.4 was employed to calculate pooled mean differences (MD) with 95% confidence intervals (CI). Risk of bias was assessed using the Cochrane RoB2 tool. RESULTS: Forty-seven RCTs with 6,464 participants met the inclusion criteria. Compared to controls, self-care interventions significantly reduced HbA1c (MD -0.26, 95% CI -0.43 to -0.09), total cholesterol (MD -0.15, 95% CI -0.28 to -0.02), body mass index (MD -0.52, 95% CI -1.01 to -0.03), and increased high-density lipoproteins levels (MD 0.19, 95% CI 0.06 to 0.33). Improvements were also observed in self-care behaviors (SMD 0.74, 95% CI 0.62 to 0.86) and self-efficacy (SMD 1.14, 95% CI 0.51 to 1.76). No significant effects were found for fasting blood glucose or 2-hour plasma glucose. Substantial heterogeneity existed across studies. CONCLUSIONS: Self-care interventions improved glycemic control and related outcomes in working-age adults with T2DM, although high heterogeneity and variable study quality limited interpretation and generalizability. Future trials should adopt standardized reporting systems for interventions, robust design, and longer follow-up to better inform clinical practice and public health policy. SYSTEMATIC REVIEW REGISTRATION: https://www.crd.york.ac.uk/PROSPERO/view/CRD420251037017, identifier CRD420251037017.",Frontiers in endocrinology,2026,10.1111/dme.14812,PMC9539947,medications,PubMed,-1,peripheral,support topic:medications; +hba1c; +body mass index; -5rat; established-T2D-only signal
42791544,Validation and psychometric evaluation of the Diabetes Quality-of-Life Brief Clinical Inventory: Tamil version (DQoL-BCI-T).,"BACKGROUND: Diabetes mellitus (DM) significantly impairs quality of life (QoL) through its chronic course, treatment burden, and complications. Disease-specific QoL tools provide more clinically relevant assessment than generic instruments. Although the Diabetes Quality of Life-Brief Clinical Inventory (DQOL-BCI) has been widely validated internationally, no validated Tamil version exists despite large Tamil-speaking populations affected by type 2 diabetes mellitus (T2DM). This study aimed to translate, culturally adapt, and validate a Tamil version of the DQOL-BCI (DQOL-BCI-T) among Tamil-speaking adults with T2DM in Sri Lanka. METHODS: A cross-sectional validation study of DQOL-BCI-T was conducted among 165 native Tamil-speaking adults with T2DM attending an urban outpatient clinic in Colombo from May to October 2025). Translation followed a standardized forward-backward procedure with expert panel review and cognitive debriefing. Reliability was assessed using Cronbach's alpha. Construct validity was evaluated through convergent validity with the Tamil WHOQOL-BREF and discriminant validity across clinical variables. Factor structure was examined using principal component analysis with oblimin rotation. RESULTS: The DQOL-BCI-T demonstrated acceptable internal consistency (Cronbach's α = 0.682) and stability over two weeks. Significant moderate negative correlations with WHOQOL-BREF total (r = - 0.559, p < 0.001) and domain scores supported convergent validity. Discriminant validity was demonstrated by significantly lower QoL among patients with microvascular complications (p = 0.040). Factor analysis showed satisfactory sampling adequacy (KMO = 0.729) and acceptable item loadings, explaining 72% of total variance. CONCLUSIONS: The DQOL-BCI-T demonstrates satisfactory validity, reliability, and cultural appropriateness for measuring diabetes-specific quality of life among Tamil-speaking adults with T2DM. Its concise format and strong psychometric performance make it a practical tool for routine clinical assessment and research, supporting patient-centred diabetes care. Further validation across diverse clinical populations, socio-cultural contexts, and treatment regimens is warranted to confirm its broader applicability and generalisability.",BMC health services research,2026,10.1017/S0047404500020017,PMC8431362,clinical_guidelines,PubMed,-1,peripheral,core topic:clinical_guidelines; -5rat
42798812,Association of finerenone with graded proteinuria improvement in type 2 diabetes with chronic kidney disease and proteinuria >1 g/d: a retrospective cohort study.,"BACKGROUND: Current evidence for finerenone in T2DM with CKD is derived primarily from patients with microalbuminuria to macroalbuminuria, and data in those with moderate-to-heavy proteinuria remain limited. This study aimed to investigate the effect of finerenone on sustained graded improvement of 24h-UTP and its safety profile in T2DM patients with CKD and proteinuria >1 g/d. METHODS: This retrospective cohort study included patients with T2DM and CKD with proteinuria >1 g/d treated at hospital. Patients were divided into the finerenone group and the control group based on whether they received finerenone during the follow-up period. Proteinuria was graded as Stage 2 (1-3.5 g/d) and Stage 3 (>3.5 g/d). The primary endpoint was sustained graded improvement in 24h-UTP. The secondary endpoint was the percentage reduction in proteinuria from baseline at different timepoints. Propensity score weighting was applied to address baseline imbalances. Logistic regression and Kaplan-Meier analysis were used to assess the association between finerenone use and graded proteinuria improvement. A mixed model for repeated measures (MMRM) was employed to compare changes in 24h-UTP, eGFR, and serum potassium levels between the two groups. Safety outcomes included hyperkalemia incidence. RESULTS: A total of 134 patients were included in this study, comprising 53 in the finerenone group and 81 in the control group. Over 12 months, 28 patients (52.8%) in the finerenone group and 27 patients (33.3%) in the control group achieved sustained graded improvement in 24h-UTP. After propensity score weighting, finerenone use was independently associated with sustained graded improvement (OR 1.26, 95% CI 1.07-1.47, P = 0.004). Kaplan-Meier analysis showed a significant difference in time to sustained improvement between groups (Log-rank P = 0.026-0.033). MMRM analysis revealed a greater reduction in 24h-UTP in the finerenone group, while eGFR and serum potassium changes did not differ significantly between groups. CONCLUSIONS: In patients with T2DM and proteinuria >1 g/d, finerenone increased the probability of sustained graded proteinuria improvement, shortened the time to improvement, and was not associated with a significantly increased risk of hyperkalemia over 12 months, although the interpretation of safety findings is limited by baseline differences in kidney function and concomitant medication use between groups.",Frontiers in endocrinology,2026,10.5414/CNP104S16,PMC12912646,medications,PubMed,-2,peripheral,support topic:medications; +chronic kidney; +kidney disease; -5rat
42796964,Beneficial Roles of Bioconversion-Derived Metabolites of Dietary Components as Potential Biological Regulators in Obesity and Type 2 Diabetes Mellitus.,"Obesity and type 2 diabetes are associated with alterations in gut microbial composition and host nutrient metabolism, both of which can modify the bioconversion of dietary compounds. Consequently, identical dietary substrates may generate distinct metabolite profiles, leading to different physiological responses. Emerging evidence suggests that many biological effects of dietary compounds are mediated, in part, by metabolites generated through host and microbial bioconversion. These metabolites regulate key pathways involved in oxidative stress, inflammatory signaling, glucose metabolism, and gut barrier integrity. Altered bioconversion efficiency observed in obesity and type 2 diabetes may therefore influence metabolic outcomes by altering the quantity and composition of bioactive metabolites. This review summarizes current evidence on the metabolic effects of bioconversion-derived metabolites generated from dietary components and discusses their underlying molecular mechanisms in obesity and type 2 diabetes. By focusing on metabolites generated through dietary bioconversion rather than dietary substrates alone, this review proposes a metabolite-centered framework for understanding variability in dietary responses and identifying metabolically relevant targets for future nutritional interventions.",Nutrients,2026,10.1111/ASJ.13118,PMC6587520,lifestyle,PubMed,-2,peripheral,support topic:lifestyle; +obesity; +diet; -5rat; -2molecular mechanism
42798315,COVID-19 and subsequent risk of coded diabetic retinopathy in patients with type 2 diabetes: a multicenter propensity score-matched cohort study.,"BACKGROUND: Evidence remains limited regarding whether coronavirus disease 2019 (COVID-19) is associated with the subsequent risk of EHR-recorded diabetic retinopathy (DR) during available follow-up in patients with type 2 diabetes mellitus (T2DM). We evaluated the risk of EHR-recorded DR and clinically relevant DR subtypes after severe acute respiratory syndrome coronavirus 2 (SARS-CoV-2) infection during follow-up within a maximum 5-year analytic window. METHODS: This retrospective multicenter cohort study used the TriNetX Global Collaborative Network. Adults with T2DM were classified into COVID-19 and control groups between January 1, 2020, and June 30, 2022. A 6-month landmark design was applied to reduce early outcome misclassification. After 1:1 propensity score matching, 773,768 patients were included in each group. The primary outcome was electronic health record (EHR)-recorded incident DR. Secondary outcomes included EHR-recorded DR subtypes (non-proliferative DR, proliferative DR, and diabetic macular edema) and glycemic events, including hyperglycemia (glucose ≥180 mg/dL), poor glycemic control (HbA1c ≥9%), and hypoglycemia (glucose <70 mg/dL). Secondary and supportive analyses were exploratory and were not adjusted for multiplicity. RESULTS: Median follow-up was 1,487 days in the COVID-19 group and 1,634 days in controls. EHR-recorded incident DR occurred more frequently in the COVID-19 group than in the control group (2.17% vs. 1.64%; absolute risk difference, 0.53 percentage points; hazard ratio [HR], 1.51; 95% confidence interval [CI], 1.48-1.55; p<0.001). COVID-19 was also associated with higher risks of non-proliferative DR (HR, 1.53; 95% CI, 1.49-1.58), proliferative DR (HR, 1.67; 95% CI, 1.57-1.78), and diabetic macular edema (HR, 1.75; 95% CI, 1.67-1.83). In addition, COVID-19 was associated with increased risks of glycemic events. The associations remained consistent across sensitivity analyses, including survivor-only, healthcare-visit-restricted, eye-care-visit-restricted, 1-year landmark, and 2-year landmark models. Exploratory severe-COVID analysis showed a similar direction of association. CONCLUSIONS: Among adults with T2DM, COVID-19 was associated with an increased risk of EHR-recorded incident DR, including coded vision-threatening subtypes (proliferative DR and diabetic macular edema), during follow-up. These findings suggest a possible association between COVID-19 and subsequent EHR-recorded DR during available follow-up, although residual confounding and differential ophthalmic surveillance cannot be excluded.",Frontiers in endocrinology,2026,10.1016/j.oret.2025.05.033,PMC4657234,hba1c,PubMed,-2,peripheral,core topic:hba1c; +hba1c; -5rat; -2retinopathy; established-T2D-only signal
42798340,COVID-19 pandemic and the management of type-2 diabetes mellitus among women in Fiji: concerns and context specific interventions.,"INTRODUCTION: The COVID-19 preventive strategies had a profound impact on type-2 diabetes management, creating challenges for individuals who depended on routine in-person consultations with healthcare workers. Given that the pandemic did not affect diabetic women equally across countries worldwide, this research was conducted in Fiji to explore how women living with type-2 diabetes managed their condition during the COVID-19 pandemic. MATERIALS AND METHODS: This study used a qualitative approach from a descriptive phenomenological lens. A total of 45 women with type-2 diabetes were purposively selected for in-depth interviews, as the study depended on participants ability to provide relevant information on the phenomenon being investigated. The data collection involved using a semi-structured interview guide with participants selected from different ethnic groups, ages, religions and settings to enhance data diversity. The data were analyzed using an inductive thematic analysis approach. RESULTS: The themes that emerged were the perceived impact of the COVID-19 pandemic on T2DM management, coping strategies and recommended interventions. The perceived impact of the COVID-19 pandemic on diabetes management included limited access to healthcare workers and diabetes supplies, canceled or postponed appointments, changes in physical activities, difficulty in maintaining standard diets and diabetes complications. The coping strategies identified were emotional eating, religious practices, family support and the use of herbal medications. Participants recommended the need for financial support, accessible specialized healthcare services, intensifying diabetes education, virtual clinics and providing door-to-door diabetes supplies in crises, like the COVID-19 pandemic. CONCLUSION: The findings underscore the need for stakeholders to mitigate the pandemic's impact on women with type-2 diabetes by ensuring better access to healthcare services, providers, and essential supplies to improve disease management. To ensure continuity of care during emergency situations, policy makers and health managers should implement interventions including virtual clinics and home deliveries of diabetes supplies. Strengthening education on diabetes management can prevent complications by addressing behavioral and safety issues such as emotional eating and the unauthorized use of herbal medications.",Frontiers in clinical diabetes and healthcare,2026,10.1177/0890117119861280,PMC12332426,medications,PubMed,-2,peripheral,support topic:medications; +diet; -5rat
42787856,Impact of a Short-term Yoga Lifestyle Programme on Circulating Serum Klotho Levels in Patients with Type 2 Diabetes: An Exploratory Study.,"INTRODUCTION: Klotho, an anti-ageing protein involved in metabolic regulation, is downregulated in type 2 diabetes mellitus (T2DM). Prior studies suggest that enhancing Klotho expression may help manage diabetes and its complications. Yoga, with its systemic effects, may offer a promising non-pharmacological approach. The present study aimed to evaluate the effect of a 15-day structured yoga lifestyle (SYL) programme on serum Klotho levels and glycaemic parameters in individuals with T2DM. METHODS: This single-arm, open-label exploratory study was conducted on 74 adults (30-65 years) with T2DM. The SYL programme included asanas, pranayama, meditation, kriyas, a satvik diet, and spiritual sessions. Pre- and post-assessments included serum Klotho, fasting blood glucose (FBG), postprandial blood glucose (PPBG), and blood pressure (BP). The Wilcoxon signed-rank test was used. RESULTS: Serum Klotho levels increased significantly by 14.65% (P < 0.001). FBG and PPBG were reduced by 5.97% and 3.68%, respectively (P < 0.001). Systolic BP was reduced modestly (P = 0.025); diastolic BP showed no change. Subgroup analysis showed greater Klotho increase in those aged > 55 years, females, non-hypertensives, and those with a longer duration of diabetes (P < 0.05). CONCLUSION: The findings support SYL as a potential adjunct therapy. Longer controlled trials are needed to further establish these results.",Indian journal of endocrinology and metabolism,2026,10.4103/ijem.ijem_831_25,PMC10373883,lifestyle,PubMed,-2,peripheral,support topic:lifestyle; +diet; +lifestyle; -5rat; established-T2D-only signal
42796976,Macronutrient Intake and Carbohydrate Quality in Indian Adults With and Without Type 2 Diabetes: The Multicentre I-STARCH-1 Cross-Sectional Study.,"Background: Contemporary data on macronutrient intake and carbohydrate composition in Indian adults are limited. The Indian Study to Assess Real-World Carbohydrate Consumption (I-STARCH-1) characterised these patterns among adults with and without type 2 diabetes mellitus (T2DM). Methods: This multicentre cross-sectional study included 1104 adults (690 with T2DM and 414 without) recruited by convenience sampling from 29 diabetes-focused centres across 14 Indian states. Dietary intake was assessed using a structured three-day dietary recall. Between-group differences were estimated using linear mixed-effects models adjusted for age and sex, with the centre as a random intercept. Results: Carbohydrates contributed 62.1% of the energy, fat 25.1%, and protein 12.8%. Mono- and disaccharides accounted for 20.1% of the total carbohydrate intake, and fibre intake averaged 15.4 g/day. Participants with T2DM had lower carbohydrate %E and a lower simple-carbohydrate proportion of total carbohydrate, but higher protein and fat %E; these differences persisted after adjustment. Absolute fibre intake did not differ between the groups. The composition varied modestly across the four geographic zones. Descriptively, the carbohydrate contribution was lower and the fat contribution was higher than that in the Study To Assess the dietaRy CarboHydrate content of the Indian type 2 diabetes population (STARCH) 2014 cohort, but the cohorts were non-harmonised. Conclusions: Carbohydrates remained the predominant energy source, with low fibre intake. The overall macronutrient profile closely resembled the contemporary national population estimates. The findings support attention to carbohydrate composition and fibre adequacy alongside quantity but describe healthcare-seeking adults rather than the general Indian population.",Nutrients,2026,10.3390/jcm14051494,PMC11900367,lifestyle,PubMed,-2,peripheral,support topic:lifestyle; +diet; -5rat
42801134,Severe Fournier's Gangrene Complicated by Polymicrobial Bacteremia and Persistent Abdominal Wall Fluid Collections Requiring Readmission.,"Fournier's gangrene is a rapidly progressive necrotizing soft tissue infection of the perineal and genital regions associated with significant morbidity and mortality. Patients with poorly controlled diabetes mellitus are at particularly high risk for severe disease and complications. We present the case of a 57-year-old Hispanic male with uncontrolled type 2 diabetes mellitus (hemoglobin A1c of 12.2%), hypertension, and alcohol use disorder who presented with a two-week history of worsening scrotal pain and swelling. Computed tomography demonstrated extensive subcutaneous emphysema involving the perineum, scrotum, penis, bilateral inguinal canals, and anterior abdominal wall. The patient underwent multiple operative debridements, end colostomy creation, and prolonged antimicrobial therapy for polymicrobial bacteremia and severe sepsis. His hospital course was further complicated by bilateral abdominal wall fluid and gas collections concerning for abscess formation, requiring image-guided drainage and subsequent readmission for persistent collections. After a cumulative hospital stay of approximately seven weeks, he was ultimately discharged in stable condition. This case highlights the aggressive nature of Fournier's gangrene and the importance of early surgical intervention, repeated source control, and close follow-up for persistent or delayed infectious complications.",Cureus,2026,10.7759/cureus.115275,PMC3042351,medications,PubMed,-2,peripheral,support topic:medications; +hypertension; -5rat
42785104,Diabetic serum preconditioning augments human umbilical cord mesenchymal stem cell secretome therapeutic efficacy in reversing insulin resistance in 3T3-L1 adipocytes.,"BACKGROUND: Insulin resistance, metabolic dysfunction, inflammation, and vascular impairment characterize Type 2 Diabetes Mellitus (T2DM). Mesenchymal stem cells (MSCs) have shown promise in preclinical studies. However, their variable efficacy in human settings warrants strategies to enhance their therapeutic potency. This study evaluates preconditioning of human umbilical cord-derived MSCs (UCMSCs) with diabetic microenvironment (serum) to improve T2DM therapeutic outcomes. METHODS: Serum from healthy (HS) and newly diagnosed diabetic (DS) donors was characterized for insulin, fasting blood sugar, C-peptide, TNF-α, and IL-6. Human UCMSCs were preconditioned with pooled HS or DS to generate secretomes (UCMSC-S). Assessments included cytokines, cell cycle (PI staining), angiogenesis (yolk sac membrane assay), lipid accumulation (Oil Red O in 3T3-L1 adipocytes), glucose uptake (2-DG), phospho-IRS-1 (Ser307), gene expression (qRT-PCR for Pparg, Slc2a4, Ikbkb), ROS (FACS) in dexamethasone and TNF-α-induced insulin-resistant 3T3-L1 adipocytes, RESULTS: DS increased UCMSCs metabolic activity and S-phase progression, indicating increased metabolic activity and DNA synthesis. DS-UCMSC-S exhibited reduced levels of IL-6, IL-8, TNF-α and M-CSF, increased levels of G-CSF, GM-CSF, HGF, SCF, and FGF-basic and promoted angiogenesis. In insulin-resistant adipocytes, DS-UCMSC-S markedly reduced lipid accumulation, restored glucose uptake via decreased phospho-IRS-1 (Ser307) expression, and attenuated intracellular ROS generation. Additionally, DS-UCMSC-S significantly up-regulated Pparg, Slc2a4 while down-regulating Ikbkb expression, indicating restoration of metabolic and inflammatory pathways. CONCLUSION: Diabetic serum preconditioning enhanced the potential of UCMSC-S in reducing lipid accumulation and reversing insulin resistance. DS-UCMSC-S demonstrated potent anti-inflammatory, pro-angiogenic, antioxidant, and insulin-sensitizing effects, highlighting its potential as a disease-adapted, cell-free therapeutic strategy for T2DM.",Tissue & cell,2026,10.1016/j.tice.2026.103979,,prediabetes,PubMed,-3,peripheral,core topic:prediabetes; -5rat; -2gene expression
42798476,Dose-response and time-course effects of ecnoglutide in type 2 diabetes: a systematic review and meta-analysis of efficacy.,"BACKGROUND: Ecnoglutide, a novel long-acting GLP-1 receptor agonist, is considered a promising therapeutic option for the treatment of diabetes. This study aims to evaluate the efficacy and safety of ecnoglutide in adults with type 2 diabetes and to further investigate its dose-time relationship. METHODS: This study followed the PRISMA guidelines and systematically searched PubMed, Web of Science, Embase, and Cochrane Library, with the search updated through February 2026. Randomized controlled trials comparing ecnoglutide with placebo or the active control, dulaglutide, were included. The primary outcome was the change in HbA1c (%). Secondary outcomes included FPG, PPG, 7-point SMBG, body weight, adverse events, and serious adverse events. Risk of bias was assessed using the Cochrane RoB-2 tool. Meta-analyses employed a random-effects model, and mean differences and risk ratios were calculated with 95% confidence intervals. RESULTS: Three randomized controlled trials involving 977 participants were included. Compared with placebo, ecnoglutide significantly reduced HbA1c (MD = -1.40, 95% CI -1.65, -1.14, p < 0.00001), FPG (MD = -1.98, 95% CI -2.34, -1.63, p < 0.00001), PPG (MD = -4.88, 95% CI -6.32, -3.44, p < 0.00001), and body weight (MD = -2.16, 95% CI -2.62, -1.71, p < 0.00001). Additionally, compared with the placebo group, the incidence of adverse events was higher in the ecnoglutide group (OR = 2.03, 95% CI 1.24-3.32, p = 0.005), while there was no significant difference in the incidence of serious adverse events. Dose-response analysis showed that ecnoglutide exhibited a clear dose-dependent relationship for HbA1c, FPG, and body weight at doses ranging from 0.4 to 1.2 mg, while PPG was less affected by dose. Time-response analysis indicated that the hypoglycemic efficacy of ecnoglutide peaked around week 35 and subsequently plateaued, whereas body weight exhibited a sustained linear downward trend. CONCLUSION: Ecnoglutide significantly improved glycemic control and reduced body weight, although it was associated with a higher incidence of adverse events without increasing serious adverse events. Despite these promising findings, the evidence remains limited and requires confirmation in larger, multicenter randomized controlled trials. SYSTEMATIC REVIEW REGISTRATION: https://www.crd.york.ac.uk/PROSPERO/view/CRD420261327235, identifier CRD420261327235.",Frontiers in endocrinology,2026,10.1093/oncolo/oyae162,PMC11379640,medications,PubMed,-3,peripheral,support topic:medications; +hba1c; -5rat; established-T2D-only signal
42798428,Higher visceral fat area is inversely associated with ketosis in Chinese patients with type 2 diabetes mellitus: a cross-sectional study.,"BACKGROUND: The relationship between visceral fat area (VFA) and ketosis remains a subject of debate, with a paucity of research specifically addressing this association in individuals with type 2 diabetes mellitus (T2DM). This research seeks to investigate the connection between VFA and ketosis among Chinese patients diagnosed with T2DM. METHODS: A cross-sectional study was performed, encompassing 1,058 patients with T2DM from real-world clinical environments. Body composition and visceral obesity were assessed through bioelectrical impedance analysis. The clinical characteristics of patients across varying quartiles of VFA were compared, and the relationships between VFA quartiles, visceral obesity, and ketosis were investigated. RESULTS: After adjusting for age, gender and diabetes duration, ketosis prevalence appeared to gradually decrease across ascending VFA quartiles, with rates of 15.5%, 11.5%, 9.1% and 5.3% respectively, presenting a statistically significant trend (P < 0.001). Higher VFA categories tended to correlate with higher MASLD prevalence and elevated C-peptide levels (P < 0.001 for trend). Multivariate binary logistic regression indicated a potential inverse link between visceral obesity (OR = 0.409, 95%CI: 0.251-0.644, P<0.001), VFA quartile and ketosis occurrence among T2DM patients (P = 0.022 for trend). CONCLUSIONS: Higher visceral fat mass was associated with a lower prevalence of ketosis. Evaluation of visceral fat status can provide reference for personalized diet and medication management. Attention should be paid to ketosis in patients with low visceral fat.",Frontiers in endocrinology,2026,10.1186/s12933-019-0941-y,PMC6805489,medications,PubMed,-3,peripheral,support topic:medications; +obesity; +diet; -5rat; established-T2D-only signal
42789218,Neuroprotective potential of Prunetin in streptozotocin-induced cognitive dysfunction: insights from computational and experimental studies.,"BACKGROUND: Type 2 diabetes mellitus (T2DM) accounts for over 85% of global diabetes cases and is strongly associated with cognitive decline resulting from chronic hyperglycemia-induced neuronal and oxidative damage. Prunetin, a natural isoflavone known for potent antioxidant and antidiabetic activity, was investigated for its potential to attenuate diabetes-associated cognitive deficits. METHODS: In silico analysis included molecular docking, MM-GBSA binding free energy, and molecular dynamics simulations (100 ns) to explore interactions between Prunetin and human acetylcholinesterase (AChE; PDB ID: 7D9O). In vivo studies were conducted in streptozotocin (STZ)-induced diabetic rats, with cognition assessed using the Morris water maze. Brain tissues were examined for Aβ(1-42), lipid peroxidation, reduced glutathione (GSH), and AChE activity to determine oxidative status and cholinergic function. RESULTS: Prunetin (0.5 mg/kg/day) administered for 14 (acute) or 28 days (chronic) reduced blood glucose levels, Aβ(1-42) accumulation, and lipid peroxidation while increasing GSH levels and inhibiting AChE activity in a duration-dependent manner. These effects corresponded with significant improvements in Morris water maze performance, with 28-day treatment demonstrating greater efficacy than the 14-day regimen for most parameters. Computational modeling confirmed stable Prunetin-AChE complex formation mediated by hydrogen bonding, hydrophobic interactions, and π-π stacking interactions. CONCLUSION: Prunetin demonstrates notable antioxidant and AChE-inhibitory properties, attenuating STZ-induced cognitive dysfunction in an experimental rat model. These findings collectively support Prunetin as a promising multitarget candidate warranting further investigation for diabetes-associated neurodegeneration.",Inflammopharmacology,2026,10.1155/2013/316523,3886591,glucose,PubMed,-3,peripheral,core topic:glucose; -5rat; -2cognitive decline
42793170,Targeted Regulation of Pancreatic Islet Function by Natural Products Against Type 2 Diabetes Mellitus: Advances and Prospects.,"Type 2 diabetes mellitus (T2DM) is a major global health challenge, with insulin resistance (IR) and islet dysfunction as its core pathophysiology. Current glucose-lowering agents, including insulin secretagogues, insulin sensitizers, DPP-IV inhibitors, SGLT-2 inhibitors, and GLP-1 receptor agonists, effectively control blood glucose and may partly improve β-cell function indirectly, but they do not directly target the functional defects of pancreatic β cells. Developing drugs that precisely modulate islet function is therefore a key direction. Natural products, with their structural diversity, established glucose-lowering activity, and derivation from medicinal plants with long clinical use, have become an important source of lead compounds for drugs targeting these mechanisms. The main pathways through which natural products act include: (1) promoting insulin secretion through direct and indirect secretagogue mechanisms (modulating ion channels, metabolic enzymes, incretin signaling); (2) preserving β-cell function and mass by maintaining the differentiated phenotype, promoting regeneration, alleviating oxidative stress, inhibiting apoptosis and pyroptosis, attenuating inflammation, and suppressing hIAPP toxic aggregation and endoplasmic reticulum stress; and (3) other pathways with incompletely elucidated mechanisms that also contribute to islet protection. This article delineates these molecular mechanisms and highlights the limited ability of current agents to directly restore and protect β-cell function. It provides a theoretical basis for developing novel drugs that integrate glycemic control with islet restoration based on natural lead compounds, and offers a framework for further mechanistic studies. In addition, it encourages the exploration of unidentified active constituents and unique pathways, while also addressing challenges such as target identification and structure-activity relationships.",Biomolecules,2026,10.3390/ijms18122555,PMC5751158,glucose,PubMed,-3,peripheral,core topic:glucose; -5rat; -2molecular mechanism
42793510,Association Between Baseline Glucagon-like Peptide-1 Receptor Agonist Use and Newly Documented Depression Diagnosis in Adults with Type 2 Diabetes: A Multi-State Medicaid Cohort Study.,"Background/Objectives: Glucagon-like peptide-1 receptor agonists (GLP-1 RAs) are increasingly prescribed for type 2 diabetes mellitus (T2DM). However, its mental health safety profile in routine care, particularly among Medicaid beneficiaries, remains uncertain. We aim to examine the association between glucagon-like peptide-1 receptor agonist (GLP-1 RA) use and newly documented depression diagnosis among adults with type 2 diabetes mellitus (T2DM) enrolled in Medicaid. Methods: We conducted a retrospective longitudinal cohort study using the 2022-2023 Merative™ MarketScan® Multi-State Medicaid Database. Adults aged 18-64 years with T2DM, continuous Medicaid enrollment, and no documented depression during the 2022 baseline period were included. Baseline GLP-1 RA use was assessed in 2022, and newly diagnosed depression was identified in 2023. Associations were estimated using multivariable logistic regression, inverse probability weighting (IPW), and a doubly robust estimator. Results: Among 74,760 eligible adults, 14,953 (20.0%) were GLP-1 RA users. Incident depression occurred in 12.9% of users and 11.1% of non-users (absolute difference, 1.8 percentage points; p < 0.001). GLP-1 RA use was associated with higher odds of newly documented depression diagnosis in multivariable analysis (adjusted OR 1.10, 95% CI 1.04-1.16), IPW analysis (OR 1.09, 95% CI 1.03-1.15), and doubly robust analysis (OR 1.09, 95% CI 1.03-1.15). Conclusions: Baseline GLP-1 RA use was associated with modestly higher odds of a newly documented depression diagnosis during the subsequent year. Prospective studies are needed to determine whether this association is causal.","Healthcare (Basel, Switzerland)",2026,10.1007/s43440-021-00274-8,PMC8413152,screening,PubMed,-4,peripheral,core topic:screening; -5rat; established-T2D-only signal
42798655,Case Report: Unicentric Castleman disease at the superior border of the pancreatic body mimicking a pancreatic neuroendocrine tumor: a case report and literature review.,"Peripancreatic unicentric Castleman disease is rare and may mimic a primary pancreatic neoplasm because it often presents as a well-circumscribed hypervascular mass. We report a 26-year-old woman with type 2 diabetes mellitus in whom an incidentally detected upper abdominal mass was initially considered to arise from the pancreatic body. Computed tomography and magnetic resonance imaging showed a sharply marginated hypervascular lesion with diffusion restriction at the superior border of the pancreatic body, leading to a preoperative suspicion of pancreatic neuroendocrine tumor. Laparoscopic exploration revealed a well-encapsulated mass in the lesser sac closely abutting the superior surface of the pancreas. A clear dissection plane between the lesion and the pancreatic parenchyma allowed complete excision without pancreatic resection or splenectomy. Histopathological examination confirmed hyaline vascular-type unicentric Castleman disease. The postoperative course was uneventful, and no residual or recurrent lesion was detected during 1 year of follow-up; glycemic status also remained stable. This case highlights that close proximity of a hypervascular mass to the pancreas does not necessarily indicate pancreatic origin. Careful multiplanar imaging and direct intraoperative assessment of the lesion-pancreas interface may help determine the appropriate surgical extent and avoid unnecessary pancreatic resection when complete excision is technically feasible.",Frontiers in surgery,2026,10.1016/j.hpb.2019.10.2440,PMC12867554,medications,PubMed,-4,peripheral,support topic:medications; -5rat
42797011,Effects of Curcumin Supplementation on Inflammatory Biomarkers in Adults with Type 2 Diabetes Mellitus: A Systematic Review and Meta-Analysis of Randomized Controlled Trials.,"Background/Objectives: Chronic low-grade inflammation contributes to the pathophysiology of type 2 diabetes mellitus (T2DM). This systematic review and meta-analysis evaluated randomized evidence on the effects of oral curcumin or curcuminoid supplementation on circulating inflammatory biomarkers in adults with T2DM. Methods: PubMed, Scopus, and Web of Science were searched from database inception through 31 August 2026. Random-effects models using restricted maximum likelihood (REML) and Hartung-Knapp confidence intervals were applied to the primary syntheses because relatively few studies contributed to each outcome. Results: Six randomized controlled trials (RCTs; n = 472) provided compatible hs-CRP endpoint data. Curcumin supplementation was associated with lower hs-CRP concentrations (MD = -1.06 mg/L; 95% CI -1.97 to -0.16; p = 0.030; I2 = 17.3%), although sensitivity analyses involving unit-ambiguous or statistically reconstructed data increased uncertainty. Five RCTs (n = 475) contributed quantitative TNF-α data; the pooled standardized effect favored curcumin (Hedges' g = -1.20; 95% CI -1.98 to -0.42; p = 0.013), with substantial heterogeneity (I2 = 84.9%). Evidence for IL-6 from three randomized cohorts was directionally favorable but heterogeneous and was synthesized narratively, whereas IL-1β findings were limited to a single randomized cohort. Conclusions: Curcumin or curcuminoid supplementation may reduce hs-CRP and TNF-α in adults with T2DM; however, the strength of inference is limited by the small evidence base, heterogeneity, and inconsistencies in outcome reporting. Larger, methodologically standardized trials are warranted.",Nutrients,2026,10.3390/nu17121972,PMC12196292,clinical_guidelines,PubMed,-4,peripheral,core topic:clinical_guidelines; -5rat; established-T2D-only signal
42792704,Imaging and Hemodynamic Mechanisms of Cardiac Remodeling with SGLT2 Inhibitors Across Heart Failure Phenotypes: A Systematic Review.,"Background: Sodium-glucose cotransporter 2 (SGLT2) inhibitors, originally developed as glucose-lowering agents for type 2 diabetes mellitus, have been shown in large, randomized trials to improve clinical outcomes in heart failure (HF) across the ejection fraction (EF) spectrum. The imaging-derived and hemodynamic changes that accompany these benefits remain incompletely characterized, and it is not known whether the patterns of cardiac remodeling observed differ between HF with reduced ejection fraction (HFrEF, left ventricular ejection fraction [LVEF] ≤ 40%) and HF with preserved ejection fraction (HFpEF, LVEF ≥ 50%). This systematic review synthesized randomized evidence on the effects of SGLT2 inhibitors on cardiac remodeling parameters and described the patterns observed in each phenotype. Methods: PubMed/MEDLINE, Scopus and Embase were searched for randomized controlled trials (RCTs) published between February 2016 and March 2026. Eligible studies enrolled adults with chronic HF receiving an SGLT2 inhibitor, included a non-SGLT2-inhibitor comparator and assessed cardiac structure, function or loading by echocardiography, cardiac magnetic resonance (CMR) or cardiac catheterization over at least three months. Risk of bias was assessed with Cochrane RoB 2, separately for each outcome domain and targeting the effect of assignment to intervention, and certainty of evidence with GRADE, separately by phenotype and imaging modality. A structured narrative synthesis following Synthesis Without Meta-analysis (SWiM) guidance that prioritized the direction, magnitude and precision of randomized between-group treatment effects was performed. Results: Fourteen publications from thirteen unique RCTs (1232 participants) were included: four trials enrolled HFrEF (LVEF ≤ 40%), five enrolled mixed reduced and mildly reduced EF cohorts (LVEF < 50% or 35-49%), four enrolled HFpEF (LVEF ≥ 50%) and one enrolled a mixed ejection-fraction population. No trial enrolled an exclusively HFmrEF population. In reduced EF, the direction of effect on LV volumes favored SGLT2 inhibition in four of eight trials reporting volumes, but the estimates were not compatible in magnitude, and the one adequately powered trial at low risk of bias (EFFORT) was neutral; the largest volumetric estimates came from EMPA-TROPISM, which published no adjusted between-group estimate. The only prespecified, adjusted and confidence-interval-bearing volumetric estimates were those of SUGAR-DM-HF (left ventricular end-systolic volume index -6.0 mL/m2, 95% CI -10.8 to -1.2; end-diastolic volume index -8.2 mL/m2, 95% CI -13.7 to -2.6). The global longitudinal strain improved in the trial with blinded core-laboratory reading (EFFORT -1.44%, 95% CI -2.42 to -0.46), but effect sizes in the open-label trials without stated reader blinding were two to three times larger, and the CMR-derived strain was unchanged. In HFpEF, volumes, EF, mass and strain were unchanged throughout. The most secure finding of the review was invasive: in CAMEO-DAPA, dapagliflozin reduced pulmonary capillary wedge pressure at rest by 3.5 mmHg (95% CI -6.6 to -0.4) and at peak exercise by 5.7 mmHg (95% CI -10.8 to -0.7). NT-proBNP results were directionally inconsistent, and the trials in which NT-proBNP was a prespecified primary endpoint (Empire HF, CANDLE) were neutral. Certainty of evidence was very low for 18 of 20 evidence profiles and low for the remaining two. Conclusions: Randomized imaging and hemodynamic studies suggest phenotype-related differences in the cardiac remodeling associated with SGLT2 inhibitor therapy. In studies enrolling patients with reduced EF, treatment was associated predominantly with reverse remodeling of left ventricular volumes and modest improvements in myocardial function, whereas in preserved EF, the observed changes were mainly confined to filling pressures and diastolic function, with no consistent evidence of left ventricular volumetric remodeling. Given the limited number of studies, substantial heterogeneity, and the overall low certainty of evidence, these findings should be considered hypothesis-generating and warrant confirmation in adequately powered phenotype-specific mechanistic trials.",Biomedicines,2026,10.1093/eurjpc/zwab173,PMC11631341,lifestyle,PubMed,-4,peripheral,support topic:lifestyle; -5rat
42801476,Scaling of an evidence-based intervention program in older people with diabetes and frailty in Latin America. Diabfrail-Latam clinical trial protocol.,"OBJECTIVES: Diabfrail-Latam is a project funded by the Horizon 2020 program of the European Commission (EC) and the Global Alliance for Chronic Diseases (GACD). The main objective of this protocol is to describe the clinical validation of a multimodal intervention aimed at older people with type 2 diabetes mellitus (T2DM) and frailty in Latin America, involving multicomponent physical exercise (based on VIVIFRAIL), nutritional education, and adjustment of therapeutic targets to be scaled up to other countries in Latin American region. METHODS: The Diabfrail-Latam CE is international, multicenter, single-blind and with two parallel groups with 1:1 randomization (multimodal intervention or usual clinical practice). More than 700 people over 65 years of age, frail or pre-frail, with T2DM, are expected to be recruited in four countries (Colombia, Peru, Mexico and Chile). The primary objective of this clinical validation is to evaluate the effectiveness of the multimodal intervention in improving functionality (measured by the Short Physical Performance Battery, SPPB) after one year of follow-up. Secondary objectives include changes in frailty status, adherence, feasibility, economic impact, biomarkers and caregiver burden. The intervention is expected to significantly improve functionality, reduce frailty progression, and demonstrate feasibility for large-scale implementation in Latin American health systems. CONCLUSION: Diabfrail-Latam will allow to validate and adapt interventions that have demonstrated efficacy in previous studies in European population, providing solid evidence for scaling and replication in the Latin American region and its context.",The Journal of frailty & aging,2026,10.1016/j.tjfa.2026.100211,,lifestyle,PubMed,-4,peripheral,support topic:lifestyle; -5rat
42800940,Tongue Characteristics and Musculoskeletal Pain in Patients with Type 2 Diabetes Mellitus: A Principal Component and Latent Profile Analysis.,"PURPOSE: We investigated the association between tongue characteristics and musculoskeletal (MSK) pain in patients with type 2 diabetes mellitus (T2DM) and explored potential noninvasive tongue-based biomarkers. PATIENTS AND METHODS: This cross-sectional study enrolled 586 patients with T2DM (420 without and 166 with MSK pain) between January 2023 and December 2024 at the Second Affiliated Hospital of Tianjin University of Traditional Chinese Medicine. Tongue images were obtained using a standardized tongue-imaging device. Color parameters in the Lab and RGB color spaces were extracted from the tongue proper and coating. Multivariate logistic regression was used to examine associations between individual tongue parameters and MSK pain. Principal component analysis was applied separately to tongue proper and coating parameters to derive composite scores, and latent profile analysis (LPA) was used to identify tongue-based subgroups. RESULTS: After adjustment for confounders, higher TC-b (Odds ratio [OR], 1.26; 95% confidence interval [CI], 1.151-1.379; P<0.001) and CC-b (OR, 1.199; 95% CI, 1.111-1.294; P<0.001) values were significantly associated with an increased risk of MSK pain. The tongue-proper composite score was positively associated with MSK pain risk (OR, 1.649; 95% CI, 1.240-2.193; P<0.001), whereas the tongue-coating composite score showed a negative association (OR, 0.586; 95% CI, 0.425-0.807; P=0.001). LPA identified five distinct tongue-imaging subgroups, including one subgroup with high TC-b and CC-b that exhibited a significantly higher risk of MSK pain. CONCLUSION: Tongue color characteristics are associated with MSK pain in patients with T2DM and may serve as potential noninvasive biomarkers for the auxiliary assessment of MSK pain. Prospective studies are needed to clarify their clinical relevance and potential utility.",Journal of pain research,2026,10.1016/j.compbiomed.2022.105935,PMC4654813,clinical_guidelines,PubMed,-4,peripheral,core topic:clinical_guidelines; -5rat; established-T2D-only signal
42798693,Dapagliflozin in Metabolic Dysfunction-Associated Steatotic Liver Disease: Clinical Evidence and Therapeutic Potential.,"Metabolic dysfunction-associated steatotic liver disease (MASLD) has emerged as the most common chronic liver disease worldwide, affecting nearly one-third of the global population and disproportionately impacting individuals with type 2 diabetes mellitus (T2DM) and obesity. The disease is driven by complex metabolic disturbances, including insulin resistance (IR), hepatic fat accumulation, oxidative stress, and chronic inflammation, which together promote progression from simple steatosis to metabolic dysfunction-associated steatohepatitis (MASH), fibrosis, and cirrhosis. Despite the growing burden of MASLD, therapeutic options remain limited and often constrained by cost, accessibility, or tolerability. Dapagliflozin, a sodium-glucose cotransporter-2 inhibitor originally developed for glycemic control in T2DM, has gained attention for its potential hepatoprotective effects. By inducing glucosuria and creating a caloric deficit, dapagliflozin promotes weight reduction, improves insulin sensitivity, and shifts energy metabolism toward fatty acid oxidation. These metabolic effects reduce hepatic de novo lipogenesis, attenuate oxidative stress, and may limit inflammatory pathways involved in MASLD progression. Emerging clinical evidence supports these mechanistic benefits. Prior randomized trials and observational studies have demonstrated improvements in liver enzymes, anthropometric parameters, and metabolic parameters, along with reduction in hepatic fat. Recent biopsy-based evidence, including findings from the DEAN trial, indicates significant improvements in histological endpoints of MASH. Collectively, current data suggest that dapagliflozin may offer a multifaceted therapeutic approach for MASLD by targeting both metabolic and hepatic pathways while providing established cardiovascular and renal benefits. Further large, multicenter trials involving diverse ethnicities, studying key histological endpoints as per regulatory guidance, may confirm these findings and define their role in the evolving treatment landscape of MASLD.",Euroasian journal of hepato-gastroenterology,2026,10.1016/j.artd.2025.101840,PMC12464960,medications,PubMed,-5,peripheral,support topic:medications; +obesity; -5rat; established-T2D-only signal
42783227,Discordance Between BMI-Defined Overweight/Obesity and Waist-to-Height Ratio-Defined Central Obesity Among Adults with Type 2 Diabetes in Malawi: A Multicenter Cross-Sectional Study.,"Background: Body mass index (BMI) does not capture abdominal fat distribution and may classify adiposity differently from central-obesity indicators. We quantified discordance between BMI-defined overweight/obesity and waist-to-height ratio (WHtR)-defined central obesity among adults with type 2 diabetes mellitus (T2DM) in Malawi. Methods: This multicenter cross-sectional study included 1356 adults attending diabetes clinics at three tertiary hospitals. Overweight/obesity was BMI ≥ 25 kg/m2. Central obesity was defined by waist circumference (WC ≥ 94/80 cm, men/women), waist-to-hip ratio (WHR ≥ 0.90/0.85), and WHtR ≥ 0.50. BMI and WHtR were cross-classified into four phenotypes, and agreement between the two classifications was summarized using observed agreement and Cohen's kappa. Logistic and multinomial logistic regression models estimated (adjusted) odds ratios with 95% CIs; sensitivity analyses added study site as a fixed effect and modified Poisson models with robust variance provided adjusted prevalence ratios for the common binary outcomes. Results: Prevalence of BMI-defined overweight/obesity was 60.8%; central obesity was 67.5% (WC), 65.3% (WHR), and 80.1% (WHtR). Cross-classification showed 23.7% had central obesity only and 56.3% had combined overweight/obesity and central obesity; observed agreement between the two classifications was 71.8% and Cohen's kappa was 0.35 (95% CI 0.30-0.40). Overweight/obesity was associated with older age (aOR 2.95), female sex (aOR 2.19), and physical inactivity (aOR 1.93). WC-defined central obesity was strongly associated with female sex (aOR 10.16), although the corresponding adjusted prevalence ratio was considerably smaller (aPR 2.25). WHR-defined central obesity was associated with older age, and anxiety. WHtR-defined central obesity was associated with older age, female sex, ever-married status, and late-evening eating behavior (aOR 1.36), although the association did not persist when study site was added. The combined phenotype was associated with age, sex, marital status, meal frequency, and physical inactivity. Conclusions: Overweight/obesity and central obesity were highly prevalent, with WHtR identifying the greatest burden and a substantial central-obesity-only phenotype that BMI alone would not detect. Incorporating WHtR alongside BMI may improve anthropometric assessment of adiposity in diabetes care, particularly among older and female patients.","Diseases (Basel, Switzerland)",2026,10.3390/jcm15020740,PMC12842199,lifestyle,PubMed,-5,peripheral,support topic:lifestyle; +obesity; +body mass index; -5rat; -2anxiety; established-T2D-only signal
42783810,Folate: An Emerging Target in Type 2 Diabetes Mellitus and Its Complications.,"Folate, which is also known as folic acid, vitamin B9, is a key coenzyme in one-carbon metabolism (OCM) and participates in nucleic acid synthesis, methylation, and redox regulation. In recent years, numerous studies have demonstrated its close association with type 2 diabetes mellitus (T2DM), gestational diabetes mellitus (GDM), and diabetic complications. Serum folate levels are decreased in patients with T2DM, which is associated with increased urinary excretion and metformin-mediated inhibition of folate absorption. The onset of GDM is characterized by a folate dose-dependent imbalance characteristic, high folate combined with vitamin B12 deficiency significantly increases the risk of GDM. Maternal folate status can also modulate offspring insulin sensitivity through epigenetic modifications. The mechanisms by which folate regulates diabetes mainly include lowering homocysteine (Hcy) concentrations, suppressing oxidative stress and inflammatory responses, modulating OCM, and mediating DNA methylation modifications. Cumulative evidence-based data indicate that appropriate folic acid supplementation can improve insulin resistance, restore vascular endothelial function, reduce the risk of cardiovascular diseases (CVDs), diabetic peripheral neuropathy, retinopathy, cognitive impairment, and other complications, and alleviate damage induced by high glucose. This review systematically summarizes the roles and molecular mechanisms of folate in diabetes and its complications, highlighting folate as a potential intervention target for diabetes.",Metabolites,2026,10.1016/j.numecd.2015.08.007,PMC8198407,prediabetes,PubMed,-5,peripheral,core topic:prediabetes; -5rat; -2molecular mechanism; -2retinopathy
42794768,Trajectory-Oriented Brain Vulnerability Framework for Cognitive Decline in Type 2 Diabetes.,"Type 2 diabetes mellitus (T2DM) is associated with heterogeneous cognitive and functional trajectories rather than a single diabetes-specific encephalopathy. This structured narrative review proposes a conceptual, hypothesis-generating exposure-injury-structure-function framework linking metabolic, vascular, and frailty-related exposures with molecular and neurovascular injury, structural change, cognitive decline, and loss of independence. Its contribution is the temporal assignment of measurements, lagged testing between adjacent levels, and comparison with clinical-risk and unordered biomarker models. For example, a study-specific threshold of at least 10% improvement in held-out root-mean-square error for 24-36-month executive/processing-speed decline could indicate incremental value. Repeated failure of a specified temporal link challenges that link; failure to improve prediction rejects incremental predictive value, not biological plausibility. Molecular hypotheses focus on AGE-RAGE signalling, NLRP3-IL-1β activation, mitochondrial quality control, endothelial dysfunction, and neuroglial injury, although human timing is uncertain. Sodium-glucose cotransporter-2 (SGLT2) inhibitors and glucagon-like peptide-1 receptor agonists (GLP-1 RAs) are considered complementary therapeutic probes. Both offer systemic benefits, but neither has proven efficacy in preventing cognitive decline or direct target engagement in the human brain. Visceral adiposity, skeletal-muscle health, sarcopenia, sex/gender, kidney function, co-pathology, and reserve are treated as exposures or modifiers. This framework is intended for longitudinal research, not clinical staging or treatment selection.",International journal of molecular sciences,2026,10.1002/dmrr.70053,PMC12143424,prevention,PubMed,-5,peripheral,core topic:prevention; -5rat; -2sarcopenia; -2cognitive decline
42798103,Association between atherogenic index of plasma and depression in patients with type 2 diabetes mellitus: A cross-sectional study.,"Depression is a major global public health issue and is particularly prevalent but often underrecognized among patients with type 2 diabetes mellitus (T2DM). Metabolic dysregulation has been closely linked to depressive symptoms, and the atherogenic index of plasma (AIP), a marker of dyslipidemia, may be associated with depressive symptoms. However, evidence regarding this association in T2DM populations remains limited. This study aimed to investigate the association between AIP and the risk of depressive symptoms in patients with T2DM using data from the National Health and Nutrition Examination Survey 2011 to 2016. Data were obtained from National Health and Nutrition Examination Survey 2011 to 2016 and included participants with T2DM. AIP was the primary exposure, and clinically significant depressive symptoms were assessed using the Patient Health Questionnaire-9. Multivariable logistic regression was used to evaluate the association between AIP and depressive symptoms. Smooth curve fitting was applied to examine potential nonlinearity, and receiver operating characteristic curve analysis was performed to assess the discriminative ability of AIP. Subgroup and interaction analyses were conducted to test the robustness of the association. A total of 1439 patients with T2DM were included, of whom 180 (12.51%) had clinically significant depressive symptoms. Higher AIP was associated with approximately 2-fold higher odds of depressive symptoms after adjustment for covariates in the adjust II model (odds ratio = 2.0, 95% confidence interval: 1.1-3.6, P = .021). Receiver operating characteristic analysis showed statistically significant but limited discriminative ability of AIP for depressive symptoms, with an area under the curve of 0.5781 (95% confidence interval: 0.5341-0.6221). Subgroup analyses showed consistent associations across sex, age, education level, smoking status, and lipid levels, with no significant interactions (P for interaction >.05). Smooth curve fitting showed no evidence of nonlinearity, suggesting a linear positive association between AIP and depressive symptoms (P for nonlinearity = .213). In patients with T2DM, higher AIP levels were significantly associated with increased risk of depressive symptoms. AIP may serve as a supplementary indicator for assessing the risk of depressive symptoms in this population.",Medicine,2026,10.1097/MD.0000000000050889,,risk_factors,PubMed,-6,peripheral,core topic:risk_factors; -5rat; -2depressive; established-T2D-only signal
42786528,Comparative analysis of serious adverse effects of antidiabetic drugs and complications associated with type II diabetes mellitus.,"BACKGROUND: Type 2 diabetes mellitus (T2DM) is a major global health problem for which a wide range of antidiabetic medications are available. Adverse effects of antidiabetic medications may negatively affect patients' health and treatment adherence. In Egypt, limited data are available regarding the adverse-effect profiles of antidiabetic agents. AIM: This study aimed to compare safety profiles, treatment-related adverse effects, and diabetes-related complications associated with commonly prescribed antidiabetic medications. MATERIALS AND METHODS: A multicenter, cross-sectional observational study was conducted across diabetes outpatient clinics in Egypt from February 2024 to May 2024. Adult patients with type 2 diabetes on antidiabetic regimens were enrolled. Data was collected through medical records and patient interviews, including demographics, clinical history, laboratory results, diabetes complications, and treatment-related adverse events. Univariate logistic regression analyses were performed to assess the associations between antidiabetic medications and diabetes-related complications and adverse outcomes. Unadjusted odds ratios (ORs) with 95% confidence intervals were reported. Statistical significance was set at p-value ≤ 0.05. RESULTS: Several statistically significant associations were observed between the use of different antidiabetic medications and the prevalance of side effects and diabetes-related complications. Among 1,534 participants, insulin was associated with increased odds of cardiovascular, renal, and peripheral complications. Metformin, liraglutide, and empagliflozin were linked to gastrointestinal issues. Various mental disorders were notably associated with insulin. Empagliflozin and sitagliptin showed higher infection risks, while insulin and sulphonylureas were linked to some organ damage and retinopathy. CONCLUSION: Understanding the safety profiles of antidiabetic drugs is essential for optimizing treatment. The observed associations may help inform clinical decision-making and improve patient outcomes. However, they should be interpreted as associations rather than causal relationships and warrant further investigation in well-designed prospective studies.",BMC pharmacology & toxicology,2026,10.2337/dc11-0931,PMC3241299,clinical_guidelines,PubMed,-6,peripheral,core topic:clinical_guidelines; -5rat; -2retinopathy; established-T2D-only signal
42793720,Factors Associated with Clinically Inadequate Bowel Preparation Among Patients with Diabetes Mellitus Undergoing Colonoscopy: A Single-Center Observational Study.,"Background: Adequate bowel preparation is essential for high-quality colonoscopy, yet patients with diabetes mellitus remain particularly vulnerable to suboptimal cleansing. This study evaluated factors associated with clinically inadequate cleansing among patients with diabetes mellitus undergoing colonoscopy. Methods: This ambispective observational study included 194 adult patients with diabetes mellitus who underwent total colonoscopy at University Hospital Center Split between 1 January 2019 and 30 October 2025 and were prepared using an institutional split-dose PEG/macrogol-based bowel preparation approach. Bowel preparation quality was assessed using the Boston Bowel Preparation Scale (BBPS). Clinically inadequate bowel preparation was defined as total BBPS ≤ 5 or at least one segmental BBPS score ≤ 1. Multivariable logistic regression was used to evaluate associated factors. Results: Median age was 69 years, 131 participants (67.5%) were male, and 179 (92.3%) had type 2 diabetes mellitus. Clinically inadequate bowel preparation was observed in 68/194 participants (35.1%; 95% CI: 28.3-41.8%). In the main complete-case model (N = 147; events = 52), longer diabetes duration remained associated with clinically inadequate preparation after multivariable adjustment. Each 5-year increase in diabetes duration was associated with higher odds after adjustment for age, sex, outpatient status, chronic constipation, and use of tricyclic antidepressants or opioids (adjusted OR 1.27, 95% CI: 1.05-1.54; p = 0.015). Sensitivity analyses supported this association. Conclusions: Clinically inadequate bowel preparation was frequent despite the institutional split-dose PEG/macrogol-based bowel preparation approach. Longer diabetes duration may represent a candidate clinical variable for future risk-stratification studies, but it should not be used as a stand-alone criterion for intensified bowel preparation without prospective validation.","Diagnostics (Basel, Switzerland)",2026,10.2337/dc21-0256,PMC8247528,risk_factors,PubMed,-6,peripheral,core topic:risk_factors; -5rat; -5bowel preparation
42791433,GLP-1 Receptor Agonists in Heart Failure: A Systematic Review and Meta-analysis with Phenotype-Specific Effects and Dual Analytical Frameworks.,"BACKGROUND: Although glucagon-like peptide-1 receptor agonists (GLP-1 RAs) reduce cardiovascular risk in patients with type 2 diabetes mellitus (T2D), evidence in heart failure (HF) has expanded across diverse trial populations and HF phenotypes but remains fragmented. We therefore performed an integrated systematic review and meta-analysis to evaluate the effects of GLP-1 RAs across the spectrum of HF using complementary trial-level and phenotype-based analyses. METHODS: PubMed, Embase, and Web of Science were systematically searched for studies published from inception to August 10, 2025. To provide an integrated assessment across heterogeneous HF populations, treatment effects were evaluated using dual analytical frameworks: trial-level analyses according to study design (dedicated HF with preserved ejection fraction [HFpEF] trials, HF with reduced ejection fraction [HFrEF] trials, and HF subgroups from cardiovascular outcome trials [CVOTs]) and phenotype-based analyses according to left ventricular ejection fraction (HFpEF vs HFrEF using a pragmatic threshold of 40%). A prespecified targeted analysis was conducted to specifically assess the efficacy of semaglutide. The primary outcomes were major adverse cardiovascular events (MACE), and the secondary outcomes included hospitalization for HF (HHF), the composite of cardiovascular death or any worsening HF events, cardiovascular death alone, and all-cause mortality. Pooled hazard ratios (HRs) with 95% confidence intervals (CIs) were calculated using random‑effects models. RESULTS: This meta-analysis included 14 trials, with a pooled total of 15,882 patients with HF. In phenotype‑based analyses for HFpEF, GLP‑1 RAs significantly reduced MACE (HR 0.79; 95% CI 0.66-0.94; p = 0.010), HHF (HR 0.48; 95% CI 0.27-0.85; p = 0.012), the composite of cardiovascular death or worsening HF (HR 0.57; 95% CI 0.37-0.89; p = 0.013), and all‑cause mortality (HR 0.75; 95% CI 0.62-0.89; p = 0.001). In contrast, in HFrEF, no significant reductions were observed for HHF, the composite of cardiovascular death or worsening HF, all-cause mortality, or MACE, although a reduction in cardiovascular death was noted (HR 0.71; 95% CI 0.54-0.95; p = 0.019). Trial-level analyses showed that cardiovascular benefits were primarily observed in HF subgroups from CVOTs, including reductions in MACE (HR 0.82; 95% CI 0.73-0.92; p = 0.001), cardiovascular death (HR 0.88; 95% CI 0.77-1.00; p = 0.05) and myocardial infarction (MI)/non-fatal MI (HR 0.84; 95% CI 0.70-1.00; p = 0.046). Semaglutide showed benefits in HHF and the composite of cardiovascular death or worsening HF events predominantly among overweight or obese patients with HFpEF. GLP-1 RAs also improved functional capacity and quality of life in HFpEF. CONCLUSION: GLP-1 RAs were associated with favorable cardiovascular and HF-related outcomes in HFpEF, predominantly among overweight or obese individuals, whereas evidence of benefit in HFrEF remains limited. In trial-level analyses, benefits were primarily observed for atherosclerotic endpoints in HF subgroups from CVOTs. By integrating evidence, this study provides a unified overview of the effects of GLP-1 RAs across the spectrum of HF and supports further phenotype-specific randomized trials, particularly dedicated studies in HFrEF. TRIAL REGISTRATION: Protocol registration PROSPERO (CRD420251079970).",Drugs,2026,10.3390/biom13121695,10741698,obesity,PubMed,-6,peripheral,support topic:obesity; +cardiovascular risk; -5rat; established-T2D-only signal
42786371,"Integrative bioinformatics and machine learning reveal hub genes and immune signatures bridging type 2 diabetes mellitus, fracture susceptibility, and osteoblast differentiation dysfunction.","To investigate the causal relationship between type 2 diabetes mellitus (T2DM) and fracture and identify molecular targets linking T2DM to impaired osteogenesis, we performed two-sample Mendelian randomization (MR) using large-scale GWAS data, followed by integrated bioinformatic and machine learning analyses of T2DM-, fracture-, and osteoblast differentiation-related datasets. Hub genes were identified through WGCNA, differential expression analysis, PPI network analysis, and multiple machine learning algorithms, and further evaluated by GSEA, cross-dataset validation, and immune cell infiltration analysis. In vitro validation was performed in MC3T3-E1 preosteoblasts cultured under normal-glucose, high-glucose, and osmotic-control conditions using Alizarin Red S staining, qRT-PCR, and Western blotting. MR analysis confirmed a positive causal effect of T2DM on fracture risk without evidence of horizontal pleiotropy. A total of 280 overlapping genes were identified, mainly enriched in extracellular matrix organization, ossification, bone remodeling, osteogenic differentiation, and pathways related to the cell cycle and AGE-RAGE signaling. PLK1, CCNA2, and CHEK1 were identified as hub genes and were associated with cell cycle regulation. Cross-dataset validation confirmed their upregulation in T2DM patients, while immune infiltration analysis indicated a predominance of neutrophils. High-glucose exposure markedly impaired osteogenic mineralization in MC3T3-E1 cells and dysregulated PLK1, CCNA2, and CHEK1 expression at both the mRNA and protein levels. Collectively, T2DM may increase fracture risk and impair bone regeneration through dysregulated cell cycle and AGE-RAGE signaling, with PLK1, CCNA2, and CHEK1 representing potential therapeutic targets.",Mammalian genome : official journal of the International Mammalian Genome Society,2026,10.1371/journal.pone.0259475,8555777,prediabetes,PubMed,-6,peripheral,core topic:prediabetes; -5rat; -5in vitro
42790129,Prediction models for sarcopenia risk in type 2 diabetes mellitus: A systematic review and meta-analysis.,"OBJECTIVE: To systematically summarise prediction models for sarcopenia in patients with type 2 diabetes mellitus (T2DM), appraise their methodological quality and reporting, and synthesise their discriminative performance. METHODS: PubMed, Web of Science, Embase, Cochrane Library, CNKI, Wanfang and VIP were searched from inception to 22 December 2025 for observational studies developing and/or validating multivariable models (≥2 predictors) for sarcopenia or low muscle mass in adults with T2DM. For studies reporting the area under the receiver operating characteristic curve (AUC), random- or fixed-effects meta-analyses were conducted to pool AUCs for training, internal validation and external validation datasets. RESULTS: Twenty-six studies published between 2020 and 2025 were included, mostly cross-sectional or retrospective studies from China, with one based on US NHANES data. Most models used logistic regression; a few applied machine learning methods. Predictors commonly included age, sex, anthropometric indices, diabetes duration and control, biochemical and nutritional indicators, and muscle-related measures. Internal validation was frequently performed, whereas external validation was limited. Seventeen studies contributed training-set AUCs (pooled AUC 0.885, 95% CI 0.858-0.913; I2 = 93.10%), and eleven contributed internal validation AUCs (pooled AUC 0.859, 95% CI 0.812-0.905; I2 = 94.90%). Only two studies contributed external validation AUCs for pooling, yielding a pooled AUC of 0.945 (95% CI 0.923-0.966; I2 = 0.00%); this result should be interpreted cautiously because of the very limited external validation evidence. CONCLUSIONS: Existing prediction models for sarcopenia or low muscle mass in T2DM patients show promising discrimination, but limitations in analysis methods, reporting and external validation may affect their robustness and generalisability. Future work should strengthen methodological rigor and reporting in line with PROBAST and TRIPOD to facilitate reliable clinical use.",Journal of diabetes and its complications,2026,10.1016/j.jdiacomp.2026.109416,,risk_factors,PubMed,-6,peripheral,core topic:risk_factors; -5rat; -2sarcopenia; established-T2D-only signal
42783747,Serum Serine as a Metabolic Marker of Optic Neuropathy in Patients with Type 2 Diabetes Mellitus After Vitreoretinal Surgeries.,"Background: Optical neuropathy is a severe complication in patients with type 2 diabetes mellitus (T2DM) undergoing vitreoretinal surgeries. Early diagnostic indicators are critical to preventing irreversible vision loss. This study aimed to evaluate the alterations in blood serum amino acid profiles, with a specific focus on serine levels, and their potential clinical association with the severity of neuroretinal impairment. Methods: The clinical cohort included 28 patients aged 32 to 77 years with T2DM following vitreoretinal interventions. Visual field functional status was assessed using Humphrey automated perimetry, with mean deviation (MD), pattern standard deviation (PSD), and visual field index (VFI). Structural changes were quantified using optical coherence tomography (OCT) to measure peripapillary retinal nerve fiber layer (RNFL) thickness. Serum amino acid profiles were determined using an ion-exchange chromatography amino acid analyzer, alongside a reference group (n = 12). Results: All patients presented with moderate-to-severe visual field impairment. A profound decline in serum serine levels was observed in diabetic patients compared to the reference group (p < 0.001). The reduction in serine content closely mirrored both the degree of retinal sensitivity loss (MD and PSD values) and the number of thinned peripapillary RNFL sectors. Notably, the compensatory synthesis of serine via glycine cleavage appeared insufficient, as evidenced by a concomitant statistical decrease in glycine content (p < 0.05). No significant differences in serine levels were found between the subgroups when stratified strictly by age or isolated severity stages. Conclusions: It was demonstrated that the decline in serum serine levels in patients with T2DM following vitreoretinal interventions is significantly associated with the severity of optic neuropathy as assessed by optical coherence tomography (OCT). Consequently, serum serine may serve as a valuable dual biomarker, acting as a prognostic indicator for retinopathy progression and a predictive marker for early-stage neuropathy development.",Metabolites,2026,10.1194/jlr.M072421,PMC5234722,clinical_guidelines,PubMed,-6,peripheral,core topic:clinical_guidelines; -5rat; -2retinopathy; established-T2D-only signal
42794486,"Skeletal Muscle Effects of GLP 1 Receptor Agonists: Molecular Mechanisms and Comparative Insights on Semaglutide and Tirzepatide, a Narrative Review.","GLP-1 receptor agonists (GLP-1RAs), dual GLP-1/GIP agonists, and the more recent triple GLP-1/GIP/glucagon agonists have transformed the treatment of type 2 diabetes mellitus (T2DM) and obesity, resulting in significant weight reduction. However, a substantial proportion (20-40%) of this weight loss is attributable to a decrease in lean mass, thereby raising concerns regarding potential sarcopenia-related risk. However, decreased lean mass is not sufficient to determine sarcopenia, which is now defined by the combined presence of decreased muscle mass, diminished strength, and impaired physical function, particularly in older or frail individuals. Thus, a further clarification of the potential mechanisms through which these molecules affect skeletal muscle is needed to optimize their use. The objective of this study is to synthesize preclinical, metabolomic, and clinical evidence on the effects of GLP-1RAs and dual/triple agonists on skeletal muscle, with a specific comparison between semaglutide and tirzepatide. This narrative review was based on a comprehensive literature search of PubMed/MEDLINE, Scopus, and Google Scholar, encompassing articles published through June 2026. This search was supplemented by manual citation tracking, which identified additional studies including preclinical and metabolomic investigations, randomized controlled trials, observational studies, and meta-analyses. Preclinical data suggest that GLP-1R/GIPR activation can positively modulate anabolic pathways, mitochondrial biogenesis, and muscle inflammation. Metabolomic evidence reveals lipid and amino acid remodeling compatible with improved mitochondrial function. Clinically, lean mass loss proportional to weight reduction is consistently observed, generally without meaningful declines in strength or performance; data for tirzepatide are more limited. Lean mass, however, is not synonymous with skeletal muscle. A paradox emerges between the presence of protective molecular signals and the clinical evidence of lean-mass loss. This phenomenon may be explained by a systemic energy/protein deficit rather than a direct catabolic effect of the drugs, although current evidence does not fully distinguish these mechanisms. The effectiveness of weight reduction should be considered a pivotal metric in clinical practice, particularly in populations susceptible to sarcopenia.",International journal of molecular sciences,2026,10.1016/j.ajcnut.2025.04.023,PMC12612741,obesity,PubMed,-6,peripheral,support topic:obesity; +obesity; -5rat; -2molecular mechanism; -2sarcopenia
42796928,Therapeutic Potential of Selected Flavonoids as Natural Antidiabetic Agents.,"Type 2 diabetes mellitus (T2DM) remains a major clinical challenge, with postprandial hyperglycemia (PPG) playing a key role in the development of vascular complications. Current pharmacotherapies often do not sufficiently control PPG, highlighting the need for complementary strategies. One effective approach is the inhibition of carbohydrate digesting enzymes, α-amylase and α-glucosidase, which delays glucose absorption and reduces PPG excursions. Flavonoids, a diverse class of plant-derived polyphenols, exhibit multiple biological activities relevant to T2DM, including enzyme inhibition, antioxidant, and anti-inflammatory effects. This review summarizes the mechanisms by which flavonoids modulate glucose metabolism, with particular emphasis on their interactions with α-amylase and α-glucosidase. Structure-activity relationships are discussed, focusing on the influence of hydroxylation patterns, conjugation, and molecular planarity on inhibitory potency and selectivity. Selected flavonoids-chrysin, apigenin, luteolin, and quercetin-are comparatively analyzed in terms of enzyme inhibition profiles, binding mechanisms, and selectivity. Evidence from in vitro studies, enzyme kinetics, and molecular docking highlights their differential activity, particularly the preferential inhibition of α-glucosidase over α-amylase, which may reduce gastrointestinal side effects. Overall, flavonoids represent promising modulators of PPG. However, their clinical relevance is limited by bioavailability and variability of experimental data, warranting further investigation.",Nutrients,2026,10.1093/nar/28.1.235,PMC102472,glucose,PubMed,-6,peripheral,core topic:glucose; -5rat; -5in vitro
42794464,Hypoxic Exercise Alleviates Diabetic Skeletal Myopathy in Zebrafish in Association with Hif1a/Foxo3a Signaling and Mitochondrial Quality Control.,"Type 2 diabetes mellitus (T2DM) is characterized by skeletal muscle insulin resistance, which contributes to systemic metabolic dysregulation and diabetic myopathy (DM), a complication involving the loss of muscle mass and contractile function. Although hypoxic exercise has demonstrated metabolic benefits in chronic diseases, its efficacy against DM remains unclear. We hypothesized that hypoxic exercise would be more effective than normoxic exercise in ameliorating diabetic myopathy-associated skeletal muscle abnormalities. Accordingly, adult zebrafish underwent an 8-week high-glucose intervention combining high-glucose feeding and glucose immersion to establish a T2DM-associated diabetic myopathy model and were subsequently subjected to 5 weeks of normoxic or hypoxic exercise (28.8 cm/s, corresponding to 70% of critical swimming speed (Ucrit) determined under normoxic conditions, 2 h/day, 5 days/week) to compare their effects on skeletal muscle outcomes. Hypoxic exercise produced greater improvements in glucose tolerance and locomotor performance than normoxic exercise, while the effects on skeletal muscle morphological and atrophy-related indices varied across outcomes. Both normoxic exercise and intermittent hypoxic exposure altered the abundance of mitochondrial quality-control-related proteins in the skeletal muscle of zebrafish with diabetic myopathy, whereas hypoxic exercise produced more pronounced changes in several of these proteins. Moreover, hypoxic exercise more markedly increased the abundance of mitochondrial respiratory-chain proteins than aerobic exercise or intermittent hypoxic exposure alone. Marked reactive oxygen species (ROS) accumulation was observed in the skeletal muscle of zebrafish with diabetic myopathy. Both aerobic and hypoxic exercise effectively reduced excessive ROS production, with hypoxic exercise producing the greater effect. Analysis of Foxo3a and its phosphorylation showed that p-Foxo3a expression decreased most prominently in the T2DM hypoxia exercise (DHE) group, indicating that hypoxic exercise is associated with modulation of Hif1a/Foxo3a-related signaling. Hypoxic exercise was associated with greater Hif1a protein abundance and lower Foxo3a Ser253 phosphorylation than normoxic exercise, accompanied by improved mitochondrial quality control and reduced ROS accumulation. In conclusion, hypoxic exercise ameliorated diabetic skeletal myopathy and was accompanied by modulation of Hif1a/Foxo3a-related signaling, more favorable mitochondrial morphology, altered abundance of mitochondrial quality-control-related and respiratory-chain proteins, and reduced dihydroethidium-detectable oxidative signals.",International journal of molecular sciences,2026,10.1016/S0022-5223(19)37950-4,PMC10262801,lifestyle,PubMed,-7,peripheral,support topic:lifestyle; +glucose tolerance; -5rat; -6zebrafish
42797536,"Design, Synthesis and Antihyperglycemic/Antilipidemic Activities of Quinoline-thiazolidine-2,4-dione Hybrid.","Background: Type 2 diabetes mellitus (T2DM) and hyperlipidemia are interrelated metabolic disorders that significantly increase cardiovascular risk. Thiazolidinediones are known insulin sensitizers, whereas quinoline derivatives possess diverse pharmacological activities. To explore their complementary activity, we designed a novel hybrid compound integrating a thiazolidinedione core with a quinoline moiety via a carbon spacer. Materials and Methods: The hybrid molecule was synthesized through a straightforward route and structurally confirmed by spectroscopic analyses. Zebrafish (Danio rerio) were employed as an in vivo model, with hyperglycemia induced by immersion in 100 mM glucose monohydrate for 12 days. Fish were divided into treatment groups receiving 20 or 80 mg/kg of the compound, alongside the controls. Biochemical parameters (glucose, triglycerides, insulin) and gene expression levels (NF-κB, ACOX1, ACCα) were assessed. In silico docking was conducted to predict molecular interactions. Results: Treatment with the hybrid compound significantly restored glucose, triglyceride, and insulin levels. High-dose administration suppressed NF-κB expression and normalized ACOX1 levels, while both low- and high-dose treatments downregulated ACCα compared with untreated hyperglycemic controls. Computational studies supported multitarget activity through predicted binding to PPAR-α and ACOX1. Conclusions: Quinoline-Thiazolidine-2,4-Dione demonstrated strong antihyperglycemic and antihypertriglyceridemic activities in zebrafish models, supported by in silico validation.","Pharmaceuticals (Basel, Switzerland)",2026,10.1007/s10695-024-01427-1,PMC11634932,risk_factors,PubMed,-8,peripheral,core topic:risk_factors; +cardiovascular risk; -5rat; -6zebrafish; -2gene expression
42800859,Ethnopharmacological insights into type 2 diabetes management by traditional Moroccan herbal teas: HPLC-MS characterization of phenolic compounds and their related antioxidant and enzyme inhibitory activities.,"BACKGROUND: Traditional Moroccan herbal teas are widely consumed and have been traditionally used for managing chronic metabolic disorders, particularly type 2 diabetes mellitus (T2DM). Although these preparations have a long history of ethnomedicinal use, their phenolic composition and biological activities remain insufficiently characterized. Scientific validation is needed to support their traditional application and provide evidence for their potential relevance to T2DM management. This study aimed to characterize the phenolic profile, antioxidant potential, and carbohydrate-digestive enzyme inhibitory activity of 21 traditional Moroccan herbal teas used for glycaemic control. METHODS: Phenolic constituents were identified and quantified using HPLC-MS. Antioxidant capacity was evaluated through DPPH, ABTS, and FRAP assays. Inhibitory effects on α-amylase and α-glucosidase were assessed in vitro. Correlation analyses were conducted to explore associations between phenolic constituents and biological activities. FINDINGS: Marked variability in total phenolic content (TPC) was observed, with Mentha × piperita and Thymus broussonetii exhibiting the highest levels at 883.2 ± 13.0 and 746.8 ± 22.4 mg GAE/g dry weight, respectively. Antioxidant activity varied substantially among the investigated teas, with T. broussonetii (FRAP reducing power: 423.6 ± 9.8 µg/mL) and Mentha rotundifolia (162.6 ± 0.6 µg/mL) showing significant reducing capacities. TPC exhibited strong positive correlations with antioxidant indices (r = 0.93-0.96). Pelargonium graveolens presented potent α-amylase inhibition (IC50 = 2.98 ± 1.7 µg/mL), whereas Mentha viridis and Calamintha officinalis were among the most active α-glucosidase inhibitors (IC50 = 1.9 ± 0.4 and 1.2 ± 0.1 µg/mL, respectively). Negative correlations were found between rutin (r = - 0.49) and gallic acid (r = - 0.44) contents and α-amylase IC50 values. CONCLUSION: The investigated Moroccan herbal teas exhibited variable antioxidant and digestive-enzyme inhibitory activities that were associated with their phenolic composition. Variability among samples may reflect differences in plant species and environmental or agronomic factors. These findings provide comparative in vitro evidence supporting the traditional use of Moroccan herbal teas and highlight several species as promising sources of bioactive phenolics. However, the present findings do not establish therapeutic efficacy, and further in vivo, mechanistic, pharmacokinetic, and clinical studies are required to confirm their efficacy, safety, and clinical relevance.",BMC complementary medicine and therapies,2026,10.3390/antiox8070237,PMC6680865,medications,PubMed,-9,peripheral,support topic:medications; -5rat; -5in vitro
42789205,"The Interplay of Metabolic Dysfunction, Neuroinflammation, and Mitochondrial Dysfunction in Balance Impairment: Insights from Type 2 Diabetes Mellitus and Alzheimer's Disease.","Balance impairment and postural instability represent critical challenges for the aging population, serving as primary precursors to falls and functional decline in individuals with Type 2 Diabetes Mellitus. While traditional clinical models have largely separated these conditions, attributing balance loss in T2DM to peripheral neuropathy and in AD to central cortical atrophy, mounting evidence suggests a convergence of multi-system impairments driven by a shared central pathophysiology. This narrative review proposes an integrative framework centered on a vicious, self-reinforcing cycle involving metabolic dysfunction, chronic neuroinflammation, and mitochondrial failure as the core mechanistic link driving balance impairment. We detail how systemic and cerebral insulin resistance, coupled with glucotoxicity, trigger the activation of the NLRP3 inflammasome and the subsequent release of pro-inflammatory cytokines. This inflammatory environment exacerbates mitochondrial bioenergetic failure and oxidative stress, selectively targeting high-energy motor circuits such as the striatum and basal ganglia while simultaneously contributing to musculoskeletal sarcopenia and peripheral nerve demyelination. By synthesizing the intricate interplay between these molecular pathways, this review moves beyond disease-specific silos to offer a novel perspective on the shared pathophysiology of postural instability. Furthermore, we explore the therapeutic potential of metabolic modulators, such as GLP-1 receptor agonists, and mitochondrial-targeted antioxidants, alongside multimodal rehabilitation strategies. Ultimately, this unified model provides a foundation for developing precision-based interventions to mitigate fall risk and preserve functional independence in vulnerable aging populations.",Molecular neurobiology,2026,10.1186/s10020-024-01027-y,11660649,lifestyle,PubMed,-9,peripheral,support topic:lifestyle; -5rat; -2sarcopenia; established-T2D-only signal
42794419,MORG1 Haploinsufficiency Is Associated with Stage- and Sex-Dependent Renoprotection and Signalling Alterations in Diabetic Kidney Disease.,"Type 2 diabetes mellitus (T2DM) is a major age-associated metabolic disease, and aging substantially contributes to the increasing burden and progression of chronic complications, including diabetic kidney disease (DKD). However, the molecular mechanisms underlying changes in renal susceptibility during disease progression remain incompletely understood. We hypothesized that the scaffold protein mitogen-activated protein kinase organizer 1 (MORG1/WDR83) contributes to stage-dependent differences in DKD and that these effects may vary according to biological sex. Heterozygous Morg1 deletion was introduced into the diabetic C57BLKS/J db/db mouse model, and male and female mice were analysed at early and later disease stages alongside non-diabetic controls. Renal fibrosis, albuminuria, HIF-1α expression, mTORC1 and ERK1/2 activity, and renal cortical gene expression were assessed. Morg1 haploinsufficiency was associated with reduced renal fibrosis and albuminuria during early diabetes, whereas these protective effects were less evident in later-stage diabetic animals. HIF-1α expression decreased during progression in most groups but was relatively preserved in later-stage female Morg1 heterozygotes, whereas mTORC1 and ERK1/2 signalling was altered in a genotype- and stage-dependent manner. These findings identify MORG1 as a context-dependent modifier of DKD whose renoprotective effects change across disease progression, linking MORG1-associated signalling to the evolving renal phenotype of an age-associated metabolic disease.",International journal of molecular sciences,2026,10.1111/j.1523-1755.1998.00829.x,PMC11084264,prevention,PubMed,-14,peripheral,core topic:prevention; +kidney disease; -5mice; -5mouse; -5rat; -2molecular mechanism; -2gene expression
