pmid,title,abstract,journal,year,doi,pmcid,publication_types,topic,source,triage_category,triage_score,matched_terms
42763678,Clinical and Genetic Factors Associated with Multivessel Coronary Artery Disease: A Cross-Sectional Study of CYP2C19 Polymorphisms and Metabolic Comorbidities.,"BACKGROUND: Multi-vessel coronary artery disease (MVCD), defined as stenosis affecting ≥2 major coronary arteries, confers poor clinical outcomes in patients with coronary artery disease (CAD). Cytochrome P450 2C19 (CYP2C19) CYP2C19 participates in lipid metabolism and inflammatory regulation, which may be associated with individual variations in the severity of coronary artery lesions. This study aimed to explore the clinical and genetic factors associated with MVCD focusing on CYP2C19 polymorphisms and chronic metabolic diseases. METHODS: This single‑center cross‑sectional study enrolled 4124 patients with angiographically confirmed CAD, who were divided into single‑vessel CAD (n=846) and MVCD (n=3278) groups. Baseline clinical data and CYP2C19 genotypes were collected. The chi-square test, Hardy-Weinberg equilibrium test, and logistic regression analyses were performed for statistical evaluation. RESULTS: Higher prevalences of hypertension, type 2 diabetes mellitus, and dyslipidemia were observed in MVCD patients. CYP2C19*2 (rs4244285, 681G>A) and *3 (rs4986893, 636G>A) allele frequencies were markedly elevated in the MVCD group. Logistic regression analysis confirmed that hypertension (odds ratio (OR)=1.485, 95% confidence interval (CI): 1.267‑1.740, p<0.001), T2DM (OR=2.441, 95% CI: 2.006‑2.970, p<0.001), dyslipidemia (OR=1.313, 95% CI: 1.097‑1.572, p=0.003), and CYP2C19 poor metabolizer (*2/*2, *2/*3 and *3/*3 genotypes) status (OR=1.744, 95% CI: 1.360‑2.237, p<0.001) was independently associated with MVCD. The combined impaired CYP2C19 metabolic phenotype (intermediate (*1/*2 and *1/*3 genotypes) plus poor metabolizers) was also independently correlated with MVCD (adjusted OR=1.285, 95% CI: 1.095-1.508, p=0.002). CONCLUSION: Clinical metabolic comorbidities and the combined impaired CYP2C19 metabolic phenotype are associated with MVCD. These findings may provide valuable reference for risk assessment of severe CAD.",International journal of general medicine,2026,10.2147/IJGM.S626454,PMC13589311,Journal Article,early_risk,PubMed,review,6,hypertension; genetic; lipid
42785658,The oral microbiome of prediabetes: a scoping review.,"OBJECTIVE: To map evidence on oral bacterial microbiome shifts in adults with prediabetes and compare them with normoglycemic and type 2 diabetes populations. DATA AND SOURCES: A scoping review in accordance with PRISMA-ScR was conducted. PubMed, Cochrane Central Register of Controlled Trials, Web of Science, Embase, and Scopus, were searched from inception to May 1, 2026, including English-language original clinical studies using high-throughput sequencing of oral samples from adults with prediabetes and normoglycemic and/or type 2 diabetes comparison groups. Findings were narratively synthesized by sample size, diversity measure, taxonomic composition and relative abundance, and predicted microbial function. STUDY SELECTION/RESULTS: 2,320 publications were screened, and nine cross-sectional studies met eligibility criteria. Samples composed of saliva, tongue coating, oral rinse, and dental plaque; all studies used 16S rRNA gene sequencing. Alpha and beta-diversity findings were heterogeneous, partly reflecting differences in sample size, glycemic definitions, study populations, and analytical methods. Prediabetes was not consistently distinguishable from normoglycemia, while diabetes more frequently differed from normoglycemia and/or prediabetes. Actinomyces and Prevotella were among the taxa more often reported as enriched at higher glycemic status, whereas Haemophilus and Neisseria were more frequently reported as depleted; however, taxonomic findings were not uniform across studies. Only one study reported computationally predicted functional profiles. CONCLUSION: Current evidence suggests that prediabetes may be associated with subtle oral microbiome alterations, but there is insufficient consistency to define a reproducible prediabetes-specific microbial signature. Standardized, longitudinal, and functionally resolved studies are needed to establish temporality, clinical utility, and potential mechanisms. CLINICAL SIGNIFICANCE: Identifying prediabetes-associated oral microbiome shifts may support earlier recognition of metabolic dysregulation and inform future preventive strategies. Longitudinal and functionally oriented studies are needed to determine whether oral microbiome changes precede, accompany, or result from progression toward diabetes.",Journal of dentistry,2026,10.1016/j.jdent.2026.107076,,Journal Article; Review,prediabetes_progression,PubMed,review,6,prediabetes
42760230,Chronic coffee consumption and diabetogenic risk: data from the PAMELA study.,"BACKGROUND AND AIM: The present study was designed to investigate a controversial issue, namely whether and to what extent chronic coffee consumption is associated with an increased diabetogenic risk. METHODS AND RESULTS: We examined data collected cross-sectionally and prospectively in 1158 healthy subjects belonging to the general population of the Pressioni Arteriose Monitorate E Loro Associazioni (PAMELA) study. Results collected at the cross-sectional examination performed at baseline show fasting serum glucose (89.4 ± 12.6 vs 89.9 ± 20.9 mg/dl, means ± SD, PNS) and incidence of impaired fasting glucose (IFG, 8.1%vs 5.5%, PNS) superimposable in coffee consumers (≥2-3 cups of coffee per day) and non-consumers. This was the case also when incidence of diabetes mellitus and use of antidiabetic drug treatment were examined. Furthermore, data collected at the 10-years follow-up examination show that the risk of new IFG and new diabetes mellitus was similar in coffee consumers and non-consumers. CONCLUSIONS: The results of the present PAMELA study suggest that in our general population chronic consumption of coffee has a neutral long-term impact on glucose metabolism.","Nutrition, metabolism, and cardiovascular diseases : NMCD",2026,10.1016/j.numecd.2026.104987,,Journal Article,prediabetes_progression,PubMed,review,6,fasting glucose
42723036,Carotid plaque burden across the glycaemic spectrum: a cross-sectional study.,"BACKGROUND: Dysglycaemia accelerates atherosclerosis, but the extent to which carotid plaque burden and morphology differ across the full glycaemic spectrum, and which cardiometabolic factors are most strongly associated with this burden, remain incompletely characterised. This study aimed to evaluate carotid plaque burden and morphology across the glycaemic spectrum, from normoglycaemia to type 2 diabetes mellitus (T2D). METHODS: This cross-sectional study included 169 participants: 24 normoglycaemic controls, 28 with prediabetes, and 117 with T2D stratified by glycaemic control. All underwent clinical, laboratory, and carotid ultrasonographic assessment. Plaque presence, morphology, and stenosis severity were evaluated. Multivariable logistic regression and receiver operating characteristic analyses were performed. RESULTS: Carotid plaque was present in 50.9% of participants (0% in normoglycaemia, with 8.3% showing isolated intima-media thickness [IMT] increase); a combined outcome of carotid plaque or isolated IMT increase was present in 60.4% overall. Carotid plaque prevalence increased markedly from normoglycaemia (0%) to prediabetes (42.9%) and ranged from 58.6% to 72.4% across the HbA1c-defined T2D subgroups, without a consistent further increase within this range (p < 0.001). Plaque morphology also differed across glycaemic categories, with echolucent plaques proportionally more frequent in prediabetes and echogenic plaques predominating in T2D. In the multivariable model, age, urinary albumin-to-creatinine ratio (UACR), and total cholesterol were independent predictors of carotid plaque, whereas diabetes duration, HOMA-IR, and glycated haemoglobin (HbA1c) were not (AUC 0.821). CONCLUSIONS: Carotid plaque burden is markedly higher across the dysglycaemic spectrum than in normoglycaemia, and is already substantial in prediabetes, suggesting early subclinical vascular involvement. Age, UACR, and total cholesterol, rather than HbA1c alone, showed the strongest associations with carotid atherosclerosis. Carotid ultrasonography, including assessment of plaque morphology, may provide additional information for cardiovascular risk stratification beyond glycaemic status alone. This potential role merits evaluation in future prospective studies.",BMC endocrine disorders,2026,10.1186/s12902-026-02455-z,PMC13563818,Journal Article,prediabetes_progression,PubMed,review,6,prediabetes; hba1c; cholesterol; carotid; atherosclerosis
42800899,Knowledge and Attitudes Regarding Continuous Glucose Monitors as Predictors of Current Use.,"PURPOSE: The purpose of this study was to evaluate the individual influences of knowledge and attitudes about continuous glucose monitors (CGMs) among adults with type 1 or type 2 diabetes. METHODS: Adults diagnosed with type 1 or type 2 diabetes completed an online survey regarding knowledge and attitudes about CGM use. Knowledge was measured using the benefits subscale of the CGM Satisfaction Scale, and attitudes were measured using the hassles subscale. Binomial regression was used to evaluate the individual influence of knowledge and attitudes and their predictive ability for current CGM use. RESULTS: A total of 58 adults participated. Of these, 38 (66%) reported current CGM use, and among current users, 90% reported a diagnosis of type 1 diabetes, and 10% reported a diagnosis of type 2 diabetes. Attitudes regarding CGM were statistically better than knowledge. Current use of a CGM correlated with knowledge and attitudes, and therefore, knowledge and attitudes were entered into binomial logistic regression. The model was statistically significant, explaining 36% of the variance in current CGM use. Participants with better attitudes were more likely to use a CGM, while those with greater knowledge were less likely to do so. CONCLUSIONS: Consistent with the hypothesis, knowledge and attitudes influenced use of CGM differently. Based on these findings, patient education to promote use of CGM should focus on improving attitudes regarding the hassles of CGM as these exert the greatest influence on current use.",The science of diabetes self-management and care,2026,10.1177/26350106261483745,,Journal Article,diagnosis,PubMed,review,6,diagnosis
42799419,Recurrent Euglycemic Diabetic Ketoacidosis Weeks After SGLT2 Inhibitor Cessation: A Case Report.,"Euglycemic diabetic ketoacidosis (EDKA) is a complication of sodium-glucose cotransporter-2 (SGLT2) inhibitors that is being increasingly documented. It is challenging to diagnose, especially in critically ill patients because hyperglycemia is absent or mild. We report the case of a 71-year-old man with type 2 diabetes mellitus previously treated with dapagliflozin, which had been discontinued 2 weeks before presentation, who was admitted for tracheostomy and percutaneous endoscopic gastrostomy (PEG) placement in the context of a neurodegenerative disorder. On postoperative day 2, he was transferred to the intensive care unit (ICU) for aspiration pneumonia complicated by septic shock. He subsequently experienced recurrent episodes of high anion gap metabolic acidosis associated with positive ketonuria and relative euglycemia. The initial episode was interpreted as mixed septic lactic acidosis and SGLT2 inhibitor-associated EDKA, whereas later episodes were more consistent with isolated recurrent EDKA. Management consisted of treatment of the underlying septic shock, and repeated courses of fixed intravenous (IV) insulin infusions to close the anion gap while maintaining euglycemia. This case demonstrates the importance of suspecting EDKA, especially in critically ill patients on SGLT2 inhibitors who present with unexplained high anion gap metabolic acidosis, even when lactic acidosis is present. Early diagnosis and treatment are essential to prevent complications and relapse.",Case reports in endocrinology,2026,10.1155/crie/9610048,PMC13613943,Journal Article,diagnosis,PubMed,review,6,diagnosis
42796704,Changes in Glycemic Control and Lipid Profiles Following COVID-19 Infection in Adults with Type 2 Diabetes: A Retrospective Study in Saudi Arabia.,"Background: The clinical course and mortality risk of COVID-19 in patients with type 2 diabetes (T2D) remain elevated. Understanding its pathogenesis is essential for prognostic and therapeutic strategies. Viral infections can disrupt host glucose and lipid metabolism. This study evaluated changes in glycemic and lipid parameters following COVID-19 infection in T2D patients. Methods: A retrospective analysis was conducted on T2D patients who tested positive for COVID-19 between April 2020 and December 2021. Laboratory results before and after infection were compared to assess changes in glycemic and lipid markers. Results: The study included 969 patients with T2D; 56.7% were female, and the median age was 58 years (IQR: 49-67). Hypertension, asthma, and chronic kidney disease were present in 51.5%, 14.2%, and 7.2% of patients, respectively. Fasting blood glucose did not change significantly from before to after COVID-19 infection [7.9 mmol/L (IQR: 6.2-10.6) vs. 7.8 mmol/L (IQR: 6.2-10.2)], nor did HbA1c [7.6% (IQR: 6.7-9.1) vs. 7.6% (IQR: 6.5-9.2)]. In contrast, modest but statistically significant reductions were observed in triglycerides [1.47 mmol/L (IQR: 1.13-2.00) vs. 1.44 mmol/L (IQR: 1.08-1.94)], total cholesterol [4.3 mmol/L (IQR: 3.67-5.03) vs. 4.1 mmol/L (IQR: 3.55-4.93)], and LDL cholesterol [2.7 mmol/L (IQR: 2.11-3.45) vs. 2.5 mmol/L (IQR: 1.98-3.23)]. HDL cholesterol remained unchanged [1.0 mmol/L (IQR: 0.90-1.21) vs. 1.0 mmol/L (IQR: 0.89-1.22)]. Conclusions: COVID-19 infection was not associated with significant long-term changes in glycemic control among patients with T2D, as fasting blood glucose and HbA1c levels remained broadly stable after infection. In contrast, significant reductions were observed in total cholesterol, LDL cholesterol, and triglyceride levels, while HDL cholesterol remained unchanged. These findings indicate that changes following COVID-19 infection were more apparent in lipid parameters than in glycemic markers.","Pathogens (Basel, Switzerland)",2026,10.3390/pathogens15090934,PMC13610501,Journal Article,hba1c,PubMed,review,6,hba1c; hypertension; lipid; triglyceride; cholesterol; kidney disease; chronic kidney disease
42793853,Lifestyle Adherence and Metabolic Control in Adults with Type 2 Diabetes: Development of a Lifestyle Compliance Index.,"Background: Lifestyle modification is central to type 2 diabetes mellitus (T2DM) management, but adherence is difficult to assess in routine care. We developed a pragmatic Lifestyle Compliance Index (LCI) from routinely collected behavioral variables and examined its cross-sectional associations with cardio-renal-metabolic measures. Objectives: To describe the LCI, compare outcomes across adherence categories, evaluate adjusted associations, and quantify incremental discrimination for prevalent metabolic and renal abnormalities. Methods: Adults with T2DM attending a specialized outpatient diabetes clinic in Romania were assessed using a standardized clinical questionnaire and routine laboratory data. The LCI combined seven binary behaviors and graded physical activity (0-2 points; theoretical range 0-9). Group comparisons, unadjusted bivariate and adjusted multivariable regressions, false discovery rate correction, and stratified five-fold cross-validated logistic models were used. Results: Among 232 participants, 231 had a complete LCI; low, moderate, and high adherence included 84 (36.4%), 94 (40.7%), and 53 (22.9%) participants, respectively. Higher LCI scores were associated with lower adiposity, HbA1c, TyG index, triglycerides, creatinine, and SCORE2-Diabetes risk and with higher eGFR. In models adjusted for age, sex, and diabetes duration, each LCI point was associated with lower odds of obesity (aOR 0.749), elevated TyG index (0.757), albuminuria (0.716), reduced eGFR (0.802), and HbA1c ≥ 7% (0.833). Adding LCI improved cross-validated discrimination most for albuminuria (AUC 0.482 to 0.642), obesity (0.489 to 0.619), and elevated TyG index (0.524 to 0.646). The baseline albuminuria AUC was below chance, and the extended AUC remained modest. Conclusions: In this cross-sectional sample, higher self-reported lifestyle adherence was associated with a more favorable cardio-renal-metabolic profile. The LCI should be considered exploratory until validated against objective measures and tested in larger prospective populations.","Diagnostics (Basel, Switzerland)",2026,10.3390/diagnostics16183068,PMC13605148,Journal Article,hba1c,PubMed,review,6,hba1c; obesity; physical activity; lifestyle; triglyceride; egfr; albuminuria
42799503,Integrative identification and preliminary validation of senescence-associated secretory phenotype-related candidate biomarkers in type 2 diabetes.,"Senescence-associated secretory phenotype (SASP)-related inflammatory programs have been implicated in type 2 diabetes mellitus (T2DM), yet blood-based candidates have not been systematically screened and validated across independent cohorts. We adopted standardized senescence signature scoring and multi-cohort independent validation to screen SASP-related candidate genes through literature mining, differential expression analysis, and machine learning, followed by functional enrichment analysis, immune cell composition analysis, and immune cell proportion adjustment. We identified CCL8 and MMP9 as key SASP-related candidates; MMP9 was significantly positively correlated with senescence scores, and both genes were implicated in T2DM progression through E2F targets and interferon gamma response pathways. T2DM led to significant immune microenvironment alterations, and the expression changes of CCL8 and MMP9 were independent of peripheral blood mononuclear cell (PBMC) subset frequencies after CIBERSORT adjustment. Expression patterns were consistently validated across all cohorts including the large-scale GSE184050 dataset and single-cell RNA-seq dataset GSE280401, with RT-qPCR providing exploratory support in a small cohort. Collectively, this study provides supportive evidence that CCL8 and MMP9 may represent SASP-related biomarkers in T2DM pathogenesis. Moreover, we present an integrative workflow for systematic screening prioriti zation and validati on of SASP-related candidate genes across multiple cohorts.",PeerJ,2026,10.7717/peerj.21729,PMC13614271,Journal Article,risk_prediction,PubMed,review,6,screening
42758745,"Toward fully algorithmic care for type 1 diabetes: The case for AI autonomy, and a recalibrated role for the diabetologist in an ageing type 2 diabetes population.","Artificial intelligence can already automate selected diabetes tasks, but the evidence is uneven. Automated insulin delivery is established in type 1 diabetes; in type 2 diabetes, validated screening and insulin-adjustment tools support a tiered, human-governed model rather than wholesale autonomy.",PLOS digital health,2026,10.1371/journal.pdig.0001734,PMC13588365,Journal Article,risk_prediction,PubMed,review,6,screening
42727299,A composite tool for predicting gestational diabetes or hypertensive disorders of pregnancy: development and temporal validation.,"AIMS: Cardiometabolic pregnancy complications, including gestational diabetes mellitus (GDM) and hypertensive disorders of pregnancy (HDP), share similar risk factors and increase cardiometabolic risk in women. Medical/lifestyle management reduces their risk but requires early identification of high risk individuals. This study aimed to develop a risk prediction model identifying women at high risk of developing GDM and/or HDP. METHODS: A composite prognostic risk prediction model for developing GDM and/or HDP comprising first trimester sociodemographic and clinical variables was developed using routinely collected health data from women delivering singleton pregnancies in Australia from 2016 to 2022. Variables comprised age; ethnicity; height; body mass index; parity; family history of diabetes; history of GDM, pre-eclampsia/eclampsia, chronic hypertension, polycystic ovary syndrome, chronic kidney disease and fetal macrosomia. Model development used logistic regression with performance evaluated using discrimination, calibration, bootstrapped internal and temporal validations, recalibration of intercept and slopes and decision curve analyses. RESULTS: GDM/HDP prevalence was 25.4% (n = 48,502). On temporal validation (n = 12,868), the model had a C-statistic of 0.739 (95% CI: 0.727, 0.738). Following recalibration, the calibration-in-the-large was -0.001 (95%CI: -0.04, 0.04) and the calibration slope was 1.00 (95% CI: 0.95, 1.05)]. On decision curve analysis, the model outperformed both treat-all and treat-none strategies across threshold probabilities from 8 to 72%. CONCLUSION: The model demonstrated fair-good discrimination and excellent calibration. Decision curve analysis indicated potential clinical utility across a range of threshold probabilities for identifying women at high risk. External validation is required.",Computers in biology and medicine,2026,10.1016/j.compbiomed.2026.111932,,Journal Article,risk_prediction,PubMed,review,6,risk prediction model; body mass index; lifestyle; hypertension; family history; kidney disease; chronic kidney disease
42775070,Exploring the impact of adult obesity in Spain: Insights from a systematic literature review.,"BACKGROUND: Spain ranks among the European countries with the highest obesity prevalence, yet the evidence on the full spectrum of its impact has not been systematically consolidated. METHODS: This was a systematic literature review (SLR) conducted to evaluate the epidemiological, clinical, humanistic, and economic impact of obesity in Spain. Embase® and MEDLINE® were searched for relevant publications from January 1, 2018, to August 17, 2025. RESULTS: A total of 54 records reporting on 53 studies were selected for inclusion. These covered (1) Epidemiology of obesity in Spain (n = 24); (2) Patient characteristics and obesity management (n = 7); (3) Obesity-related complications (n = 13); (4) Humanistic impact of obesity (n = 10); (5) Economic burden (n = 7); (6) Perceptions and attitudes about obesity (n = 4); and (7) Local policies and recommendations (n = 7). The prevalence of obesity (defined as a body mass index [BMI] ≥30 kg/m2) varied considerably according to study setting and methodology, ranging from 25% to 34% in primary care settings and from 11% to 22% in general population studies. The most frequent obesity-related complications included hypertension, dyslipidemia, type 2 diabetes, cardiovascular disease, and chronic kidney disease. Evidence suggested that people with obesity and overweight may have lower quality of life than those without obesity and overweight. The economic burden of obesity was high in Spain, with costs decreasing as BMI decreased. Included studies highlighted several barriers to obesity care in Spain, including stigma, mental health, funding/resources, education, and misconceptions. Recommendations to overcome these barriers included early prevention, patient engagement, shared decision-making, communication, and recognition of obesity as a chronic disease. CONCLUSION: This review reveals a consistent and multi-level gap between the documented burden of obesity in Spain and its identification, treatment, and prioritization within the healthcare system. Addressing this gap will require coordinated efforts across clinical documentation, therapeutic intervention, patient education, and health policy.",Obesity pillars,2026,10.1016/j.obpill.2026.100334,PMC13595125,Journal Article; Review,prevention,PubMed,review,6,obesity; overweight; body mass index; bmi; hypertension; lipid; prevention; kidney disease; chronic kidney disease
42777696,MASLD: Established Knowledge and Emerging Directions - Guideline Updates.,"Metabolic dysfunction-associated steatotic liver disease (MASLD) has become a major global health challenge, largely driven by the increasing prevalence of obesity and type 2 diabetes mellitus. The disease spectrum ranges from isolated steatosis to metabolic dysfunction-associated steatohepatitis (MASH) with progressive fibrosis. Advanced fibrosis substantially increases the risk of cirrhosis, hepatocellular carcinoma, and cardiovascular complications, thereby contributing significantly to morbidity and mortality.Although lifestyle modification remains the cornerstone of therapy, pharmacological treatment is gaining importance in patients with progressive disease or high-risk profiles. Advances in the understanding of MASLD pathophysiology have enabled the development of targeted therapies addressing hepatic lipid accumulation, insulin resistance, inflammation, and fibrogenesis. Promising clinical data have been reported for resmetirom, semaglutide, tirzepatide, survodutide, lanifibranor, and fibroblast growth factor-21 analogues including efruxifermin, pegozafermin, and efimosfermin.This review summarises current and emerging diagnostic and therapeutic strategies and provides practical guidance for clinical management. In addition, a structured treatment algorithm for non-cirrhotic MASLD (F0-F3), restricted to therapies currently available in Europe and stratified according to diabetes status and fibrosis stage, is proposed as an evidence-based tool for routine clinical practice.",Zeitschrift fur Gastroenterologie,2026,10.1055/a-2894-7628,,Journal Article; Review,clinical_guidelines,PubMed,review,6,obesity; lifestyle; insulin resistance; lipid; guideline; vascular complication
42758555,Association between Glycemic Control and Survival in Patients with Type 2 Diabetes on Peritoneal Dialysis: Results from the PDOPPS.,"BACKGROUND: Diabetes is the leading cause of kidney failure globally affecting 40% of people receiving peritoneal dialysis (PD). High quality data on the potential impact of improving glycemic control is needed to inform the current recommendations to individualise HbA1C targets. METHODS: Data from eight countries in the prospective cohort Peritoneal Dialysis Outcomes and Practice Patterns Study (2014-2022) was used to assess the association between baseline HbA1C and all-cause mortality in people with Type 2 diabetes on PD for at least 90 days. Cox proportional hazards model adjusted for potential confounders assessed the relationship in the whole cohort and subgroups. Using inverse probability weighting, an average treatment effect in the treated analysis further investigated potential implications of improved glycemic control. RESULTS: HbA1C was measured at least once in 8,436 patients during a mean follow-up of 16 months. Compared with HbA1C≤8%, HbA1C>8% was associated with higher risk of all-cause mortality in the cohort as a whole (HR 1.18 p=0.02 95%CI 1.03-1.35) and within subgroups; aged <65years (HR 1.28 p=0.01 95% CI1.05-1.56), average albumin >3.0g/dL (HR 1.25 p=0.004 95% CI 1.07-1.46), no pre-existing coronary artery disease (HR 1.24 p=0.008 95% CI 1.06-1.46), haemoglobin <10g/L (HR 1.50 p=0.01 95% CI 1.09-2.07) and PD vintage <1year (HR 1.22 p=0.02 95% CI 1.03-1.45). The projected survival advantage at 3 years for those with HbA1C≤8% compared with >8% was 7% overall, increasing to 12% in younger cohorts (aged <65years). The largest predicted absolute survival advantage of 16% (78% versus 61%) was seen in those aged <65, with a normal serum albumin and no history of coronary artery disease. CONCLUSIONS: Associations between HbA1C and mortality argue for tighter individualised targets for patient subgroups (younger, non-inflamed, without established CAD). Our weighted analysis suggests improved glycemic control (reducing HbA1C to <8%) may result in an absolute reduction in mortality at three years of up to 12% in younger cohorts.",Clinical journal of the American Society of Nephrology : CJASN,2026,10.2215/CJN.0000001200,,Journal Article,clinical_guidelines,PubMed,review,6,hba1c
42794492,Immunometabolism in Obesity-Associated Type 2 Diabetes: Molecular Mechanisms and Emerging Therapeutic Targets.,"Type 2 diabetes (T2D) is increasingly understood as a chronic, low-grade inflammatory disease in which immune and metabolic signalling are bidirectionally coupled. Nutrient excess drives glucolipotoxic stress in adipose tissue, liver, skeletal muscle and pancreatic islets, engaging innate immune sensors. Responding immune cells then reconfigure their own intermediary metabolism, and the resulting metabolites-succinate, which stabilises hypoxia-inducible factor-1α, and the itaconate that opposes it-themselves specify inflammatory output. These signals converge on NOD-, LRR- and pyrin domain-containing protein 3 (NLRP3) inflammasome assembly, gasdermin D-mediated pyroptosis and interleukin-1β (IL-1β) release, which interrupt insulin signalling through inhibitory serine phosphorylation of insulin receptor substrate-1. Mitochondrial dysfunction, impaired mitophagy and cytosolic mitochondrial DNA sensing sustain the loop, while gut barrier failure supplies a parallel systemic input that converges on beta-cell dysfunction. This narrative review synthesises these mechanisms and examines how metformin, glucagon-like peptide-1 receptor agonists, sodium-glucose cotransporter 2 inhibitors and inflammasome-directed agents intersect with them. The chain described is that of obesity-associated T2D, and the heterogeneity that limits its generalisation across the recognised subgroups of the disease is addressed explicitly rather than assumed away. We give particular weight to a dissociation that constrains the field: sustained IL-1β neutralisation reduced cardiovascular events without preventing incident diabetes. Establishing why is, in our view, the central question for immunometabolic therapeutics in T2D.",International journal of molecular sciences,2026,10.3390/ijms27188063,PMC13606635,Journal Article; Review,early_risk,PubMed,review,5,incident diabetes; obesity
42778296,Blood Pressure Phenotypes in Patients Recently Diagnosed With Type 2 Diabetes Mellitus and Matched Controls: A Study in Urban Mozambique.,"Accurate characterization of blood pressure (BP) phenotypes is essential for cardiovascular risk assessment, particularly among type 2 diabetes mellitus (T2DM) patients. We aimed to evaluate the prevalence of different BP phenotypes using multiple BP assessment methods, in Black Africans, with and without T2DM. Recently diagnosed T2DM patients (n = 151) and age- and sex- matched controls (1:1) without T2DM had their BP assessed using standard office BP measurement (OBPM), unattended automated office BP measurement (u-AOBP), 24 h ambulatory BP monitoring (ABPM), and home BP monitoring (HBPM). Four BP phenotypes were defined, combining OBPM with each of the remaining methods: normotension, white-coat, masked, and sustained hypertension. Using OBPM + ABPM, T2DM patients were less often classified as normotensive (32.5% vs. 48.3%) and more often as having masked hypertension (23.2% vs. 9.9%) than controls (p = 0.004). Both OBPM + HBPM and OBPM + u-AOBP underestimated masked hypertension and overestimated with-coat hypertension. When compared with OBPM + ABPM, concordance in the classification of participants into four phenotypes (κ, 95%CI) was higher for OBPM + HBPM (T2DM: 0.62, 0.52 - 0.71; controls: 0.70, 0.60-0.80) than for OBPM + u-AOBP (T2DM: 0.51, 0.40-0.61; controls: 0.61, 0.50-0.72) and lower among participants with T2DM. Recently diagnosed T2DM patients showed a higher prevalence of masked hypertension than participants without T2DM. When combined with OBPM, HBPM and u-AOBP failed to identify a large proportion of patients with masked hypertension and overestimated white-coat hypertensions, highlighting the need to incorporate ABPM into evaluation protocols.","Journal of clinical hypertension (Greenwich, Conn.)",2026,10.1111/jch.70356,PMC13600802,Journal Article,early_risk,PubMed,review,5,hypertension; blood pressure
42772751,Assessment of Cardiorespiratory Fitness in Individuals With Type 2 Diabetes Mellitus: Protocol for a Systematic Review and Meta-Analysis.,"BACKGROUND: Reduced cardiorespiratory fitness (CRF) is a well-recognized but underaddressed complication of type 2 diabetes mellitus (T2DM), contributing substantially to cardiovascular morbidity, mortality, and reduced quality of life. Evidence related to pulmonary function, functional exercise capacity, and autonomic dysfunction in T2DM remains fragmented and methodologically heterogeneous. OBJECTIVE: This protocol describes a systematic review and meta-analysis that aims to synthesize evidence on CRF in adults with T2DM, evaluate associated clinical and demographic determinants, and examine relationships with glycemic control and diabetes-related outcomes. METHODS: The protocol is registered with PROSPERO (CRD420251009300) and follows PRISMA-P (Preferred Reporting Items for Systematic Review and Meta-Analyses Protocols) guidelines. A comprehensive search of PubMed, Cochrane Library, Web of Science, ClinicalTrials.gov, World Health Organization's International Clinical Trials Registry Platform, and gray literature will be conducted for studies published between 2013 and 2024. Randomized controlled trials, cohort studies, and cross-sectional and case-control studies involving adults with T2DM will be included. Primary outcomes include pulmonary function test parameters, 6-minute walk test distance, and heart rate variability indexes. Two reviewers will independently screen studies, extract data, and assess risk of bias using the Revised Cochrane Risk-of-Bias Tool for Randomized Trials (RoB 2), Newcastle-Ottawa Scale, and the JBI critical appraisal tools, as appropriate. Meta-analyses will be performed using random-effects models when sufficient homogeneity exists. The GRADE (Grading of Recommendations Assessment, Development and Evaluation) framework will be used to assess certainty of evidence. RESULTS: The study was approved by the Doctoral Research Committee on December 19, 2024, and the Standing Scrutiny Committee and Institutional Ethical Committee on October 1, 2025. Data collection began after approval in December 2024, and the meta-analysis was completed in April 2026. The results of the meta-analysis will be published in August 2026. CONCLUSIONS: The findings will support evidence-based clinical assessment and guide future research on integrative cardiopulmonary and autonomic evaluation in T2DM. TRIAL REGISTRATION: PROSPERO CRD420251009300; https://www.crd.york.ac.uk/PROSPERO/view/CRD420251009300. INTERNATIONAL REGISTERED REPORT IDENTIFIER (IRRID): DERR1-10.2196/91185.",JMIR research protocols,2026,10.2196/91185,,Journal Article,screening,PubMed,review,5,exercise; guideline
42755175,Layered Effects of LDL-C Burden and Variability on Cardiovascular Events and Mortality in Type 2 Diabetes: A Nationwide Cohort Study.,"AIMS: To assess whether threshold-based low-density lipoprotein cholesterol (LDL-C) burden and visit-to-visit variability jointly stratify cardiovascular and mortality risk in adults with Type 2 diabetes (T2DM). MATERIALS AND METHODS: We studied 258 183 Korean adults with T2DM who underwent National Health Insurance Service health screening in 2015-2016. LDL-C burden was defined as the number of measurements ≥ 130 mg/dL across four examinations (0-4), and variability was assessed using average successive variability (Q4 vs. Q1-Q3). Outcomes through 2022 were incident cardiovascular disease (CVD), myocardial infarction (MI), ischemic stroke, cardiovascular mortality, and all-cause mortality. Adjusted hazard ratios (HRs) were estimated using Cox models. RESULTS: During a median 7.14 years, composite CVD occurred in 10 886 participants. Incidence was 6.22 versus 6.62 per 1000 person-years in participants with 0 versus 4 LDL-C elevation episodes; adjusted HRs increased from 1.10 (95% CI 1.04-1.15) to 1.49 (1.39-1.60). The association was stronger for MI (HR 1.66, 1.52-1.82) than for stroke (HR 1.32, 1.20-1.46). High variability modestly increased CVD risk overall (HR 1.09, 1.05-1.14), but in the four-episode group, Q4 had a higher event rate than Q1-Q3 (7.49 vs. 6.47 per 1000 person-years). Cardiovascular mortality risk was elevated only at the highest burden (HR 1.48, 95% CI 1.21-1.81) and increased further with concurrent Q4 variability (HR 2.48, 95% CI 1.53-4.00). All-cause mortality was inversely associated overall, but this pattern was modified by high variability, particularly in younger adults or longer-duration diabetes subgroups. CONCLUSIONS: In T2DM, LDL-C burden and variability jointly identified patients at greater risk, especially for MI and cardiovascular mortality.","Diabetes, obesity & metabolism",2026,10.1111/dom.71356,,Journal Article,screening,PubMed,review,5,screening; cholesterol; stroke
42798428,Higher visceral fat area is inversely associated with ketosis in Chinese patients with type 2 diabetes mellitus: a cross-sectional study.,"BACKGROUND: The relationship between visceral fat area (VFA) and ketosis remains a subject of debate, with a paucity of research specifically addressing this association in individuals with type 2 diabetes mellitus (T2DM). This research seeks to investigate the connection between VFA and ketosis among Chinese patients diagnosed with T2DM. METHODS: A cross-sectional study was performed, encompassing 1,058 patients with T2DM from real-world clinical environments. Body composition and visceral obesity were assessed through bioelectrical impedance analysis. The clinical characteristics of patients across varying quartiles of VFA were compared, and the relationships between VFA quartiles, visceral obesity, and ketosis were investigated. RESULTS: After adjusting for age, gender and diabetes duration, ketosis prevalence appeared to gradually decrease across ascending VFA quartiles, with rates of 15.5%, 11.5%, 9.1% and 5.3% respectively, presenting a statistically significant trend (P < 0.001). Higher VFA categories tended to correlate with higher MASLD prevalence and elevated C-peptide levels (P < 0.001 for trend). Multivariate binary logistic regression indicated a potential inverse link between visceral obesity (OR = 0.409, 95%CI: 0.251-0.644, P<0.001), VFA quartile and ketosis occurrence among T2DM patients (P = 0.022 for trend). CONCLUSIONS: Higher visceral fat mass was associated with a lower prevalence of ketosis. Evaluation of visceral fat status can provide reference for personalized diet and medication management. Attention should be paid to ketosis in patients with low visceral fat.",Frontiers in endocrinology,2026,10.3389/fendo.2026.1948929,PMC13612281,Journal Article,diagnosis,PubMed,review,5,obesity; diet
42796983,"Dietary Bioactive Compounds: Cellular Sensory Pathways, Microbial Partners, and Clinical Realities.","Background/Objectives: Dietary bioactive compounds (BCs) modulate multiple cellular pathways involved in inflammation, oxidative stress, energy metabolism, and tissue homeostasis. This narrative review aimed to synthesize the mechanistic roles and therapeutic relevance of major dietary BC classes, including polyphenols, carotenoids, organosulfur compounds, and polyunsaturated fatty acids, in chronic non-communicable diseases. Methods: We conducted a narrative review to integrate current evidence on the classification, bioavailability, molecular targets, microbiota interactions, and clinical relevance of dietary BCs. The literature considered experimental, observational, and clinical studies addressing key signaling pathways, including NF-κB, Nrf2, AMPK, mTOR, SIRT1, PPARs, and the NLRP3 inflammasome, as well as the diet-microbiota-host axis. Results: The literature indicates that BCs exert pleiotropic effects through the coordinated modulation of transcription factors, metabolic sensors, nuclear receptors, and inflammatory mediators. Their biological activity is also shaped by bioavailability, food matrix effects, host metabolism, and gut microbial transformation into bioactive metabolites. Across obesity, type 2 diabetes, cardiovascular disease, inflammatory bowel disease, and neurodegenerative conditions, BCs appear associated with improved inflammatory, metabolic, and redox regulation. However, findings remain limited by heterogeneity in study design, intervention duration, and compound characterization. Conclusions: Dietary BCs show therapeutic potential as modulators of molecular and microbial pathways relevant to chronic diseases. However, greater standardization in study design and longer-term human trials are needed to support robust evidence-based recommendations.",Nutrients,2026,10.3390/nu18183001,PMC13610585,Journal Article; Review,diagnosis,PubMed,review,5,obesity; diet
42748732,Lipidomic profiles and their relationship to incident diabetic retinopathy in type 2 diabetes: The Fremantle Diabetes Study Phase II.,"AIMS: To determine whether plasma lipid profiles predict diabetic retinopathy (DR). METHODS: DR status (none, mild non-proliferative diabetic retinopathy (NPDR), moderate NPDR, severe NPDR/worse) was categorised in 762 adults with type 2 diabetes (mean age 64.5 years, 54.3% males) at baseline and Year 4/6. Ultra-performance liquid chromatography-tandem mass spectrometry generated baseline plasma lipid profiles. Multiple logistic regression identified baseline associates of new/worsening DR and incident DR. The likelihood ratio test (LRT) evaluated incremental biomarker contribution. The net reclassification improvement (NRI) was calculated. RESULTS: New/worsening DR occurred in 121 (16%). Of 495 without DR at baseline, 35 (7.0%) developed DR. For new/worsening DR, the inclusion of cholesterol ester (20:4), fatty acid (20:3) and lysophosphatidylglycerol (18:1) in addition to conventional risk factors (hypertension, HbA1c, diabetes treatment intensity, urinary albumin:creatinine) added to the conventional model predictivity (LRT, P = 0.00002). The NRI gain at a 10% cut-off was 5.7% (SE 2.8%; P = 0.043). For incident DR, fatty acid (20:3), lysophosphatidylglycerol (18:0) and phosphatidylcholine (18:0_20:3) with HbA1c improved model performance (LRT, P = 0.00001). The NRI gain at 5% risk cut-off for incident DR was 28.3% (P = 0.002). CONCLUSIONS: This exploratory study identified five lipid biomarkers with the potential to improve DR risk prediction and the understanding of pathophysiological mechanisms.",Journal of diabetes and its complications,2026,10.1016/j.jdiacomp.2026.109412,,Journal Article,risk_prediction,PubMed,review,5,hba1c; hypertension; lipid; cholesterol; diabetic retinopathy; retinopathy
42778924,Integrative plasma proteomic network analysis identifies physical activity-associated protein modules potentially mediating type 2 diabetes risk.,"BACKGROUND: Moderate-to-vigorous physical activity (MVPA) lowers the risk of type 2 diabetes (T2D). Identifying protein modules that mediate this association may help dissect these biological underpinnings, but they remain incompletely characterized. METHODS: We studied 28,842 diabetes-free UK Biobank participants with baseline plasma proteomics. Guideline-adherent MVPA was defined as ≥ 600 metabolic equivalent of task-minutes per week. We first evaluated associations of MVPA with incident T2D and 2910 plasma proteins, followed by mediation analyses of individual proteins. We then identified protein co-expression modules using multiscale embedded gene co-expression network analysis (MEGENA), tested module-level associations with MVPA, and mediation of incident T2D. Protein modules were further evaluated using module-level Mendelian randomization, whole-genome-sequencing genome-wide association studies, human pancreatic islet single-cell RNA sequencing, leave-one-out sensitivity analyses, and pathway enrichment analyses. RESULTS: Over a median 13.60 years (IQR: [12.82, 14.35]), 1225 participants developed incident T2D. Guideline-adherent MVPA was associated with lower T2D risk and with 650 circulating proteins, of which 451 were Bonferroni-significant mediators. MEGENA analysis identified 171 robust modules, with 67 mediating the MVPA-T2D association. Twelve terminal modules, representing the finest-resolution functions, were selected for further analysis based on their significant mediated effects and enrichment in potential individual mediators. Genetic and functional analyses highlighted two modules: CKB-IGFBP2-centric module was positively associated with MVPA (β [95% CI] 0.196 [0.168, 0.224]) and genetically associated with lower T2D risk (OR [95% CI] 0.57 [0.43, 0.77]). Conversely, RIDA-PCBD1-centric module was inversely associated with MVPA (- 0.134 [- 0.162, - 0.108]) and genetically associated with higher T2D risk (1.54 [1.13, 2.09]). Compared to individual protein analyses, these modules captured unique pathways, supporting the CKB-IGFBP2-centered and RIDA-PCBD1-centered modules as antigen-presentation-enriched and complement/apoptic-cell-clearance-enriched modules, respectively. Finally, the constituent genes of both modules were enriched in T2D-related gene changes in pancreatic β-cells, with the antigen-presentation-enriched module showing additional enrichment across α-, δ-, and ductal cells. CONCLUSIONS: MVPA may reduce T2D risk through two coordinated plasma protein networks rather than only through individual circulating proteins. Evaluating coordinated protein modules may provide a system-level biological framework for understanding how exercise protects against T2D.",Cardiovascular diabetology,2026,10.1186/s12933-026-03363-1,PMC13602772,Journal Article,clinical_guidelines,PubMed,review,5,physical activity; exercise; genetic; guideline
42798836,Circulating PCSK9: A new frontier in cancer risk stratification for obese diabetics.,"This study investigated potential plasma biomarkers associated with cancer risk and mortality in patients with type 2 diabetes mellitus (T2DM), a population known to have an increased cancer incidence and poorer outcomes compared with non-diabetic individuals. Traditional metabolic indicators, including blood pressure, blood glucose and blood lipids, have limited predictive value for cancer risk, highlighting the need for novel clinical biomarkers. In total, 141 subjects with T2DM were enrolled in this study. Plasma inflammatory and lipid-related biomarkers included cluster of differentiation 147 (CD147), cyclophilin A (CyPA), cytokines, oxidized low-density lipoprotein (oxi-LDL), oxi-LDL antibody and proprotein convertase subtilisin/kexin type 9 (PCSK9). Among all participants, 37.6% were obese (body mass index ≥27 kg/m2). During 10 years of follow-up, all-cause mortality reached 35% and cancer incidence was 16%. Obese diabetic patients exhibit elevated oxi-LDL, soluble intercellular adhesion molecule-1, PCSK9, CD147 and CyPA levels. Deceased patients had a higher incidence of cancer and significantly lower plasma CD147 levels than surviving patients. Receiver operating characteristic curve analysis identified PCSK9 as a potential predictor of cancer occurrence in obese individuals with T2DM [area under the curve (AUC)=0.726], whereas CD147 showed modest predictive value in non-obese patients with diabetes (AUC=0.665). These findings suggest that plasma PCSK9 and CD147 may be associated with cancer occurrence in specific subgroups of patients with T2DM. However, larger prospective studies are required to confirm these associations and to further evaluate their potential value in cancer risk assessment.",Oncology letters,2026,10.3892/ol.2026.15856,PMC13613195,Journal Article,early_risk,PubMed,review,4,body mass index; blood pressure; lipid; cancer
42767594,Chronic Obstructive Pulmonary Disease versus Type 2 Diabetes Mellitus: A Comparative and Additive Risk Assessment of Bone Health in a Nationwide Propensity Score-Matched Cohort.,"BACKGROUND: Chronic obstructive pulmonary disease (COPD) and type 2 diabetes mellitus (T2DM) are both associated with bone fragility through distinct mechanisms. COPD is characterized by accelerated bone resorption, whereas T2DM is associated with impaired bone quality despite preserved bone mineral density. RESEARCH QUESTION: Does COPD confer greater skeletal hazards than T2DM, and does concomitant COPD and T2DM further increase the risks of osteoporosis and fractures? STUDY DESIGN AND METHODS: We conducted a nationwide retrospective cohort study using Taiwan's National Health Insurance Research Database. Propensity score matching was applied to construct three comparison cohorts of patients with T2DM, COPD, and concomitant COPD and T2DM. Adjusted hazard ratios (aHRs) for incident osteoporosis, major osteoporotic fractures (MOF), and site-specific fractures were estimated using multivariable Cox proportional hazards models after adjustment for demographic characteristics, comorbidities, and medication use. RESULTS: Compared with T2DM, COPD was associated with a significantly higher hazard of osteoporosis (aHR, 1.51; 95% CI, 1.35-1.69). Patients with concomitant COPD and T2DM also had higher hazards of osteoporosis (aHR, 1.39; 95% CI, 1.23-1.57), MOF (aHR, 1.19; 95% CI, 1.08-1.32), spine fractures (aHR, 1.35; 95% CI, 1.16-1.58), and radioulnar fractures (aHR, 1.21; 95% CI, 1.02-1.43) than patients with T2DM alone. In contrast, osteoporosis and fracture risks were comparable between patients with concomitant COPD and T2DM and those with COPD alone. Subgroup analyses identified significant effect modification by sex, with the association between COPD and osteoporosis being stronger in men than in women. INTERPRETATION: COPD is significantly more toxic to the skeleton than T2DM, and their coexistence amplifies fracture susceptibility compared to T2DM alone. Importantly, male patients with COPD represent a distinctly vulnerable population, exhibiting a pronounced susceptibility to disease-induced bone loss. Clinicians must prioritize early and targeted osteoporosis screening for COPD patients, especially men.",Chest,2026,10.1016/j.chest.2026.09.018,,Journal Article,early_risk,PubMed,review,4,screening; fracture
42751891,"Vitamin D metabolites, genetic variants, and risk of cardiovascular diseases among individuals with newly diagnosed type 2 diabetes: a prospective study.","Evidence regarding individual vitamin D metabolites and cardiovascular diseases (CVD) among individuals with type 2 diabetes (T2D) remains limited. This study aimed to investigate the prospective associations of plasma vitamin D metabolites with incident CVD among individuals with newly diagnosed T2D. This study included 1122 participants with newly diagnosed T2D from the Dongfeng-Tongji Cohort study in China. Plasma vitamin D metabolites were quantified using liquid chromatography-tandem mass spectrometry. Sixty single-nucleotide polymorphisms (SNPs) in genes involved in vitamin D metabolic pathways were genotyped. Incidence of CVD was ascertained via electronic health records. During 9284 person-years of follow-up, we documented 520 incident CVD cases. Higher concentrations of plasma 24,25(OH)2D3 and 25(OH)D3 were associated with a lower risk of incident CVD; comparing the highest with the lowest quartiles, multivariable-adjusted HRs (95% CIs) were 0.71 (0.55, 0.92) and 0.74 (0.58, 0.96), respectively. After false discovery rate (FDR) correction for multiple comparisons, the inverse association with 24,25(OH)2D3 remained statistically significant (PFDR = 0.012), whereas the association with 25(OH)D3 was marginally significant (PFDR = 0.064). No significant associations were observed for 3-epi-25(OH)D3 (0.81 [0.63-1.05]) or vitamin D3 (0.97 [0.76-1.24]). Restricted cubic spline analysis suggested a potential nonlinear association between 25(OH)D2 and CVD risk (P for overall = 0.007; P for nonlinearity = 0.002). In exploratory genetic analyses, nominal associations were observed for variants in CYP2R1 and CYP3A4, as well as for their potential interactions with vitamin D metabolites, although none remained significant after FDR correction. These findings suggest that vitamin D metabolites may have distinct associations with incident CVD among individuals with T2D, highlighting the importance of distinguishing individual vitamin D metabolites in CVD risk assessment. These findings warrant further validation in independent populations.",Food & function,2026,10.1039/d6fo02277d,,Journal Article,early_risk,PubMed,review,4,genetic
42795462,"Toward AI-Driven Detection of Asymptomatic Chronic Conditions from Stool Metagenomics and Dietary Data: A Multimodal Deep Learning Framework for T1DM, T2DM, MOS/PCOS, Cancer, and Autoimmune Disease.","Chronic non-communicable conditions-type 1 and type 2 diabetes mellitus (T1DM, T2DM), metabolic obesity syndrome (MOS), polycystic ovary syndrome (PCOS), colorectal and extra-intestinal cancers, and systemic autoimmune disease-share a prolonged asymptomatic phase during which conventional screening is invasive, insensitive, or resource-intensive. This review synthesizes the 2021-2026 literature on fecal microbiome-based artificial intelligence (AI) diagnostics across these conditions, extracting reported discrimination, validation strategy, microbial and short-chain fatty acid (SCFA) biomarkers, and cross-cohort reproducibility. Across the primary classifier studies tabulated here, reported areas under the curve (AUCs) span 0.76-0.99 under internal validation but 0.69-0.91 under external or cross-population validation; in the four studies reporting both, the median AUC falls from 0.875 to 0.810. Verified external-validation values include 0.82 for colorectal cancer, 0.79 for T2DM and 0.792 for discrimination of systemic lupus erythematosus from rheumatoid arthritis and controls. Clinical readiness turns on this internal-to-external gap more than on the headline AUC. We propose a multimodal deep learning architecture coupled with explainable AI; no component has been implemented or evaluated on data, and it is presented as a design proposal. Fecal-microbiome-based multimodal AI is technically feasible but clinically unvalidated, pending prospective, harmonized cross-cohort trials.",Microorganisms,2026,10.3390/microorganisms14091880,PMC13609121,Journal Article; Review,screening,PubMed,review,4,screening; obesity; diet; falls; cancer
42789757,Alcohol use disorder and cardiovascular risk in type 2 diabetes: beyond alcohol consumption.,"AIMS: Alcohol use disorder (AUD) is a chronic neuropsychiatric condition associated with clustering cardiovascular risk factors, yet its independent contribution to incident cardiovascular disease in type 2 diabetes (T2D) remains incompletely defined. METHODS AND RESULTS: Using the Korean National Health Insurance Service database, we identified 364 950 adults with T2D (AUD, n = 4888 [1.34%]; non-AUD, n = 360 062 [98.66%]) who underwent national health screening in 2012. Incident major adverse cardiovascular events (MACE), defined as a composite of myocardial infarction, ischaemic stroke, and cardiovascular death, were ascertained over a median follow-up of 10.2 years. Associations were evaluated using multivariable Cox proportional hazards models. AUD was independently associated with a higher risk of incident MACE (hazard ratio [HR] 1.70; 95% confidence interval [CI], 1.59-1.82), with the strongest association for cardiovascular death (HR 2.37; 95% CI, 2.06-2.72 Among individuals without AUD, a J-shaped association between alcohol consumption and MACE was observed. In contrast, among those with AUD, cardiovascular risk remained elevated across all levels of alcohol intake (all P < 0.001), including among low-risk drinkers (HR 1.44; 95% CI, 1.30-1.61). The association was most pronounced in middle-aged adults (40-64 years; HR 1.89; 95% CI, 1.75-2.05). CONCLUSION: In adults with T2D, AUD was associated with increased risk of incident MACE, even after adjustment for self-reported alcohol consumption volume. These findings suggest that assessment of disordered drinking may complement volume-based alcohol evaluation in cardiovascular risk stratification, although prospective studies are needed to confirm its clinical utility.",European journal of preventive cardiology,2026,10.1093/eurjpc/zwag455,,Journal Article,screening,PubMed,review,4,screening; stroke
42774103,"Comparative screening performance and multicenter validation of novel inflammatory biomarkers (NLR, SII, and CAR) for risk stratification of diabetic foot ulcer in patients with type 2 diabetes mellitus.","OBJECTIVE: To compare the screening performance of the neutrophil-to-lymphocyte ratio (NLR), systemic immune-inflammation index (SII), and C-reactive protein-to-albumin ratio (CAR) for risk stratification of diabetic foot ulcer (DFU) in patients with type 2 diabetes mellitus (T2DM), and to develop an integrated risk screening model with clinically applicable cutoff values. METHODS: This multicenter retrospective cross-sectional study included hospitalized patients with T2DM from Dujiangyan People's Hospital and Chongqing University Fuling Hospital between January 2024 and December 2025. Demographic characteristics, clinical variables, and laboratory parameters were collected, and NLR, SII, and CAR were calculated. Univariate and multivariate logistic regression analyses were performed to identify risk factors associated with DFU, and these results were combined with random forest analysis for variable selection. Four risk screening models were subsequently constructed. Model discrimination was evaluated using receiver operating characteristic (ROC) curves, area under the curve (AUC), and DeLong's test. Optimal cutoff values were determined using the Youden index. Model stability was assessed using bootstrap resampling (1000 iterations). Calibration performance was evaluated using the Hosmer-Lemeshow test and calibration curves, while clinical utility was assessed by decision curve analysis (DCA). A prespecified sensitivity analysis excluding patients with moderate-to-severe DFU infection was performed. The Fuling cohort served as an independent external validation cohort, with the development-derived threshold fixed and applied without recalibration. RESULTS: A total of 962 patients from the Dujiangyan cohort (161 with DFU, 16.7%) and 600 patients from the Fuling cohort (204 with DFU, 34.0%) were included. Multivariate logistic regression analysis demonstrated that CAR was significantly associated with DFU in both cohorts [Dujiangyan cohort: odds ratio (OR) per 0.1-unit increase = 1.029, 95% confidence interval (CI): 1.017-1.041, P < 0.001; Fuling cohort: OR = 1.013, 95% CI: 1.001-1.025, P = 0.031]. The integrated risk model (Model 4) achieved an AUC of 0.84 (95% CI: 0.80-0.87) in internal validation, with a bias-corrected C-index of 0.83 (95% CI: 0.80-0.87) and good calibration (Hosmer-Lemeshow P = 0.866). In the external validation cohort, Model 4 achieved an AUC of 0.61 (95% CI: 0.56-0.66) using the fixed development-derived threshold (0.136). However, a prespecified sensitivity analysis excluding patients with moderate-to-severe DFU infection substantially attenuated the CAR association in both cohorts, indicating that CAR's performance is largely driven by acute infection-related inflammation. CONCLUSION: CAR is independently associated with prevalent DFU in hospitalized patients with T2DM, but its association is largely driven by acute infection-related inflammation. The integrated risk model demonstrated good internal discrimination and modest external performance, and may assist in cross-sectional risk stratification for hospitalized patients; however, local recalibration is recommended before clinical deployment, and prospective studies in non-infected populations are needed before broader implementation.",Frontiers in medicine,2026,10.3389/fmed.2026.1890603,PMC13593486,Journal Article,screening,PubMed,review,4,screening; diabetic foot
42796308,Clinical and Biomechanical Predictors of Forefoot Plantar Pressure in Individuals with Type 2 Diabetes and Peripheral Neuropathy.,"Background and Objectives: Abnormal plantar pressure distribution is an important biomechanical risk factor for diabetic foot ulceration in individuals with type 2 diabetes (T2D) and peripheral neuropathy. Although several factors have been linked to increased forefoot plantar pressure, factors associated with the forefoot-to-rearfoot pressure ratio remain unclear. This study aimed to investigate the clinical factors associated with the forefoot-to-rearfoot pressure ratio and peak forefoot pressure in this population. Materials and Methods: This study was a cross-sectional analysis of 84 individuals with T2D and peripheral neuropathy enrolled in a randomized controlled trial. Vibration perception threshold (VPT), passive ankle dorsiflexion range of motion, ankle stiffness, plantar pressure distribution, body mass index (BMI), HbA1c, duration of diabetes, and foot deformities were assessed. Multiple linear regression analyses were performed to identify factors associated with plantar pressure outcomes. Results: The model for forefoot-to-rearfoot pressure ratio explained 51.2% of the variance (adjusted R2 = 0.467); ankle stiffness (β = 0.505, p < 0.001), foot deformity (β = 0.194, p = 0.030), and ankle dorsiflexion range of motion (β = -0.363, p = 0.001) were independent predictors. The model for peak forefoot pressure explained 31.4% of the variance (adjusted R2 = 0.251); ankle stiffness (β = 0.337, p = 0.002), foot deformity (β = 0.278, p = 0.009), and BMI (β = 0.226, p = 0.029) were independent predictors. HbA1c, diabetes duration, and VPT were not significant in either model. Conclusions: In individuals with T2D and peripheral neuropathy, plantar pressure distribution, particularly forefoot loading, appears to be more closely related to biomechanical and structural factors than to metabolic indicators. These findings suggest that assessment of ankle stiffness, joint mobility, and foot posture may provide clinically relevant information for identifying biomechanical factors associated with unfavorable plantar loading in individuals with T2D and peripheral neuropathy.","Medicina (Kaunas, Lithuania)",2026,10.3390/medicina62091701,PMC13609213,Journal Article; Randomized Controlled Trial,diagnosis,PubMed,review,4,hba1c; body mass index; bmi; neuropathy; diabetic foot
42793510,Association Between Baseline Glucagon-like Peptide-1 Receptor Agonist Use and Newly Documented Depression Diagnosis in Adults with Type 2 Diabetes: A Multi-State Medicaid Cohort Study.,"Background/Objectives: Glucagon-like peptide-1 receptor agonists (GLP-1 RAs) are increasingly prescribed for type 2 diabetes mellitus (T2DM). However, its mental health safety profile in routine care, particularly among Medicaid beneficiaries, remains uncertain. We aim to examine the association between glucagon-like peptide-1 receptor agonist (GLP-1 RA) use and newly documented depression diagnosis among adults with type 2 diabetes mellitus (T2DM) enrolled in Medicaid. Methods: We conducted a retrospective longitudinal cohort study using the 2022-2023 Merative™ MarketScan® Multi-State Medicaid Database. Adults aged 18-64 years with T2DM, continuous Medicaid enrollment, and no documented depression during the 2022 baseline period were included. Baseline GLP-1 RA use was assessed in 2022, and newly diagnosed depression was identified in 2023. Associations were estimated using multivariable logistic regression, inverse probability weighting (IPW), and a doubly robust estimator. Results: Among 74,760 eligible adults, 14,953 (20.0%) were GLP-1 RA users. Incident depression occurred in 12.9% of users and 11.1% of non-users (absolute difference, 1.8 percentage points; p < 0.001). GLP-1 RA use was associated with higher odds of newly documented depression diagnosis in multivariable analysis (adjusted OR 1.10, 95% CI 1.04-1.16), IPW analysis (OR 1.09, 95% CI 1.03-1.15), and doubly robust analysis (OR 1.09, 95% CI 1.03-1.15). Conclusions: Baseline GLP-1 RA use was associated with modestly higher odds of a newly documented depression diagnosis during the subsequent year. Prospective studies are needed to determine whether this association is causal.","Healthcare (Basel, Switzerland)",2026,10.3390/healthcare14182971,PMC13606689,Journal Article,diagnosis,PubMed,review,4,diagnosis; depression
42791433,GLP-1 Receptor Agonists in Heart Failure: A Systematic Review and Meta-analysis with Phenotype-Specific Effects and Dual Analytical Frameworks.,"BACKGROUND: Although glucagon-like peptide-1 receptor agonists (GLP-1 RAs) reduce cardiovascular risk in patients with type 2 diabetes mellitus (T2D), evidence in heart failure (HF) has expanded across diverse trial populations and HF phenotypes but remains fragmented. We therefore performed an integrated systematic review and meta-analysis to evaluate the effects of GLP-1 RAs across the spectrum of HF using complementary trial-level and phenotype-based analyses. METHODS: PubMed, Embase, and Web of Science were systematically searched for studies published from inception to August 10, 2025. To provide an integrated assessment across heterogeneous HF populations, treatment effects were evaluated using dual analytical frameworks: trial-level analyses according to study design (dedicated HF with preserved ejection fraction [HFpEF] trials, HF with reduced ejection fraction [HFrEF] trials, and HF subgroups from cardiovascular outcome trials [CVOTs]) and phenotype-based analyses according to left ventricular ejection fraction (HFpEF vs HFrEF using a pragmatic threshold of 40%). A prespecified targeted analysis was conducted to specifically assess the efficacy of semaglutide. The primary outcomes were major adverse cardiovascular events (MACE), and the secondary outcomes included hospitalization for HF (HHF), the composite of cardiovascular death or any worsening HF events, cardiovascular death alone, and all-cause mortality. Pooled hazard ratios (HRs) with 95% confidence intervals (CIs) were calculated using random‑effects models. RESULTS: This meta-analysis included 14 trials, with a pooled total of 15,882 patients with HF. In phenotype‑based analyses for HFpEF, GLP‑1 RAs significantly reduced MACE (HR 0.79; 95% CI 0.66-0.94; p = 0.010), HHF (HR 0.48; 95% CI 0.27-0.85; p = 0.012), the composite of cardiovascular death or worsening HF (HR 0.57; 95% CI 0.37-0.89; p = 0.013), and all‑cause mortality (HR 0.75; 95% CI 0.62-0.89; p = 0.001). In contrast, in HFrEF, no significant reductions were observed for HHF, the composite of cardiovascular death or worsening HF, all-cause mortality, or MACE, although a reduction in cardiovascular death was noted (HR 0.71; 95% CI 0.54-0.95; p = 0.019). Trial-level analyses showed that cardiovascular benefits were primarily observed in HF subgroups from CVOTs, including reductions in MACE (HR 0.82; 95% CI 0.73-0.92; p = 0.001), cardiovascular death (HR 0.88; 95% CI 0.77-1.00; p = 0.05) and myocardial infarction (MI)/non-fatal MI (HR 0.84; 95% CI 0.70-1.00; p = 0.046). Semaglutide showed benefits in HHF and the composite of cardiovascular death or worsening HF events predominantly among overweight or obese patients with HFpEF. GLP-1 RAs also improved functional capacity and quality of life in HFpEF. CONCLUSION: GLP-1 RAs were associated with favorable cardiovascular and HF-related outcomes in HFpEF, predominantly among overweight or obese individuals, whereas evidence of benefit in HFrEF remains limited. In trial-level analyses, benefits were primarily observed for atherosclerotic endpoints in HF subgroups from CVOTs. By integrating evidence, this study provides a unified overview of the effects of GLP-1 RAs across the spectrum of HF and supports further phenotype-specific randomized trials, particularly dedicated studies in HFrEF. TRIAL REGISTRATION: Protocol registration PROSPERO (CRD420251079970).",Drugs,2026,10.1007/s40265-026-02380-4,8005924,Journal Article; Systematic Review,diagnosis,PubMed,review,4,overweight; heart failure
42728598,"The cholesterol, high-density lipoprotein, and glucose index and its derived indices predict cardiometabolic multimorbidity development and progression in metabolic dysfunction-associated steatotic liver disease individuals: a prospective cohort study.","BACKGROUND: Dysregulation of cholesterol, high-density lipoprotein cholesterol, and glucose metabolism is thought to be an important metabolic link between metabolic dysfunction-associated steatotic liver disease (MASLD), type 2 diabetes (T2D), and cardiovascular disease. Although the cholesterol-high-density lipoprotein-glucose (CHG) index and its adiposity-derived indices have been associated with individual cardiometabolic diseases (CMDs), their associations with cardiometabolic multimorbidity (CMM), stage-specific disease progression, and risk prediction in individuals with MASLD remain unclear. METHODS: This prospective cohort study included 109,434 UK Biobank participants with MASLD and without T2D, coronary heart disease (CHD), or stroke at baseline. Eight CHG-related indices were evaluated. Incident CMM was defined as the occurrence of at least two of the three CMDs. Cox models estimated associations with incident CMM. Multistate models characterized transitions from a disease-free state to individual CMD and subsequently to CMM. Incremental prediction was assessed using the C-index, net reclassification improvement (NRI), and integrated discrimination improvement (IDI). Exploratory mediation analyses evaluated circulating biomarkers related to metabolic, inflammatory, hepatic and renal pathways. RESULTS: During a median follow-up of 16.4 years, 4225 participants developed CMM. All CHG-related indices were associated with higher CMM risk, with the strongest associations observed for CHG-waist-to-height ratio (CHG-WHtR; hazard ratio [HR] per 1-standard deviation [SD] increment, 1.61; 95% confidence interval [CI] 1.57-1.65) and CHG-waist circumference (CHG-WC; HR, 1.59; 95% CI, 1.55-1.63). Adding each index to conventional risk models improved discrimination and risk classification. CHG-WHtR and CHG-WC showed relatively favorable predictive performance, although the absolute differences between indices were modest. In multistate analyses, associations were strongest for disease-free to T2D and CHD-to-CMM transitions. Exploratory biomarker analyses showed that baseline biomarker domains related to glycemic regulation, lipid metabolism, inflammation, and hepatic and renal function were statistically linked to these associations. CONCLUSIONS: Among individuals with MASLD, CHG-related indices, particularly CHG-WHtR and CHG-WC, were associated with incident CMM and transition-specific disease progression and improved risk prediction. These readily available indices may help refine CMM risk stratification in MASLD.",Cardiovascular diabetology,2026,10.1186/s12933-026-03343-5,PMC13570509,"Journal Article; Research Support, Non-U.S. Gov't",risk_prediction,PubMed,review,4,waist circumference; lipid; cholesterol; stroke
42790659,Developing and validating intrinsic capacity scores in early adulthood and midlife: 15-year follow-up from the Northern Finland Birth Cohort 1966.,"BACKGROUND: Intrinsic capacity (IC) - the aggregate of physical and mental capacities - has been studied in older adults, but research on its profile and prognostic value earlier in adulthood is scarce. Existing IC measurement approaches also lack theoretical alignment, psychometric evaluation, and validation. We therefore developed and validated IC scores in adulthood using a theory-aligned formative-reflective approach. METHODS: IC was assessed at ages 31 and 46 in 8756 participants from the Northern Finland Birth Cohort 1966 using 33 variables across psychological, cognitive-sensory, locomotor, and vitality domains. Domain scores were derived using unidimensional confirmatory factor analysis and aggregated to composite scores. Construct validity of scores was examined through stability, change and known-groups gradients. Predictive validity was tested using covariate-adjusted logistic regression models of associations between 31-year IC and incident mental disorder, cardiovascular disease, type 2 diabetes, functional limitations, and low well-being at age 46. RESULTS: Domain models demonstrated acceptable fit and reliability. Mean composite IC was moderate-to-high at age 31 (67 on a 0-100 scale) but declined significantly by age 46 (61), with the steepest reductions in locomotor capacity. Lower composite IC was observed in groups with socioeconomic disadvantage, unhealthy behaviours, and health conditions. Higher 31-year composite IC predicted lower odds of all outcomes at age 46 (odds ratios per 10-point increase: 0.69-0.82, all p < 0.001). CONCLUSIONS: Composite IC declined from early adulthood to midlife, and predicted key physical, mental, and functional outcomes. Formative-reflective approaches and earlier IC assessment may strengthen prevention-oriented healthy ageing strategies.",Experimental gerontology,2026,10.1016/j.exger.2026.113340,,Journal Article,prevention,PubMed,review,4,prevention
42782780,Sex-Specific Mechanisms of Perivascular Adipose Tissue (PVAT) Dysfunction in Prediabetes and Diabetes: From Metabolic Crosstalk to Vascular Outcomes.,"Perivascular adipose tissue (PVAT) is a metabolically active adipose depot surrounding most blood vessels and contributes to vascular homeostasis through local regulation of vascular tone, inflammation, and metabolic signaling. In prediabetes and diabetes, PVAT may shift from a predominantly vasoprotective phenotype toward a pro-inflammatory and pro-contractile state characterized by reduced release of protective mediators and increased cytokine, reactive oxygen species, and vasoconstrictor signaling. Vascular injury may, in turn, further alter the PVAT phenotype, creating bidirectional adipose-vascular crosstalk that may contribute to disease progression. Biological sex, reproductive aging, and sex-hormone signaling appear to influence PVAT morphology, cellular composition, secretory function, and vascular effects, but the strength of this evidence varies substantially across species, vascular beds, and disease models. Unlike recent broad reviews of PVAT biology, this review examines PVAT across the prediabetes-to-diabetes continuum while recognizing that direct longitudinal evidence tracking PVAT between these metabolic states remains scarce. We critically evaluate the direct, indirect, and still-limited evidence for sex-specific PVAT mechanisms and integrate findings on immune-cell activity, adipokine and redox signaling, and vascular function across prediabetes, established diabetes, and related metabolic conditions. Defining these mechanisms may support the development of appropriately tested, sex-informed strategies for preventing and treating diabetes-associated vascular complications.",Cells,2026,10.3390/cells15181680,PMC13606007,Journal Article; Review,prevention,PubMed,review,4,prediabetes; vascular complication
42781546,Patients' Experiences with and Perceptions of Personalized Glycemic Targets: A Qualitative Descriptive Study of Adults Living with Type 2 Diabetes  .,"PURPOSE: Clinical practice guidelines for managing type 2 diabetes (T2D) recommend setting personalized glycemic targets for each patient based on factors such as diabetes duration, life expectancy, comorbidities, complications, and risk of hypoglycemia. This strategy aims to find a balance between the adverse effects of treatment linked to aggressive glycemic control, particularly hypoglycemia, and the potential long-term benefits, such as preventing coronary artery disease. However, there is limited research on patients' experiences with and perceptions of personalized glycemic targets. To address this gap, we sought to explore the experiences, perceptions, concerns, and preferences of individuals living with T2D regarding personalized glycemic targets. . PATIENTS AND METHODS: We used purposive sampling to recruit 25 adults who had been living with T2D for at least one year, from various healthcare settings, public libraries, and social media in Nova Scotia. From July to December 2024, we conducted semi-structured interviews (in-person or via Microsoft Teams), with durations ranging from 20 to 85 minutes. The interviews were recorded, transcribed, and analyzed using an inductive thematic analysis approach to uncover themes. RESULTS: The dataset revealed four main themes: 1) personalized blood sugar goals and treatment plans could be beneficial; 2) personalized information and/or scientific evidence is desirable; 3) access to healthcare and relationships with healthcare providers may affect the implementation of personalized care; and 4) treatment burden needs to be considered when setting blood sugar target plans. CONCLUSION: The analysis of findings showed that people with T2D viewed personalized glycemic targets favorably and emphasized the importance of adequate primary care supports to enable implementation.",Patient preference and adherence,2026,10.2147/PPA.S607575,PMC13599796,Journal Article,prevention,PubMed,review,4,guideline
42796084,GLP-1 Receptor Agonists and Tirzepatide in Men Seeking Fertility: A Structured Narrative Review and Proposed Clinical Framework.,"Glucagon-like peptide-1 (GLP-1) receptor agonists and the dual glucose-dependent insulinotropic polypeptide (GIP)/GLP-1 receptor agonist tirzepatide are increasingly used to treat obesity and type 2 diabetes in men of reproductive age, but practical guidance for counseling men planning fatherhood remains limited. This structured narrative review distinguishes endocrine, semen, sexual-function, and clinical fertility outcomes. In metabolically impaired men, studies largely involving liraglutide or semaglutide report increases in total testosterone; free-testosterone findings are inconsistent, and the available small short-term studies did not show the marked gonadotropin suppression expected with exogenous testosterone. Some studies report favorable changes in semen parameters, but samples are small, populations heterogeneous, and medication effects cannot be separated reliably from weight loss. The present search identified no adequately powered GLP-1-specific prospective study that prespecified sperm DNA fragmentation, natural conception, assisted-reproduction outcomes, clinical pregnancy, or live birth. Sexual-function findings are mixed and do not establish causality. Evidence on paternal preconception exposure is insufficient, and pregnancy-related label precautions do not by themselves establish risk from paternal exposure. No eligible controlled tirzepatide-specific study assessing semen or clinical fertility outcomes was identified by this search. These therapies should be used for established metabolic indications, not as male infertility treatments. The proposed framework is author-developed, evidence-informed, non-validated, and intended for individualized counseling and prospective evaluation.",Journal of clinical medicine,2026,10.3390/jcm15187313,PMC13607358,Journal Article; Review,lifestyle,PubMed,review,4,obesity; weight loss
42791090,Glucagon-Like Peptide-1 Receptor Agonist-Associated Hepatotoxicity.,"PURPOSE: Glucagon-like peptide-1 receptor agonists (GLP-1RAs) have transformed the management of obesity, type 2 diabetes and metabolic dysfunction-associated steatohepatitis. Despite their numerous clinical benefits they are not without risk. Although the product labels contain multiple organ-specific warnings and precautions, the liver is not identified as a target organ of safety concern. Drug-induced liver injury (DILI) is a leading safety-related cause of pipeline attrition, boxed warnings and postmarketing drug withdrawal. This review explores GLP-1RA associated hepatotoxicity. METHODS: A comprehensive literature search of PubMed, Medline, EMBASE, Web of Science, SCOPUS and Google Scholar was conducted to identify relevant publications. Searches were conducted using all possible pairwise combinations of the drug or drug class terms with liver safety terms. Product labels, the Food and Drug Administrations Adverse Event Monitoring System for approved drugs and LiverTox®, the online resource for information on DILI were searched. FINDINGS: Thirty-one case reports of suspected GLP-1RA or dual GLP-1/GIP RA-associated hepatotoxicity were identified. The specific term ""DILI"" related to GLP-1RAs was reported to the Adverse Event Monitoring System 232 times and 3 GLP-1RA drug development programs were terminated due to liver safety. Results from the combined 31 case reports revealed that ages ranged from 17 to 79 years with a female predominance. Although some patients presented with asymptomatic liver tests elevations, most patients were symptomatic with abdominal pain, nausea and vomiting, mimicking GLP-1RA-associated gastrointestinal symptoms of early satiety. Presentation with acute liver failure or hepatic decompensation events also occurred. Treatment-emergent liver test elevations also occurred with dose escalation and switch to a different GLP-1RA. Severity of liver test elevations were most commonly grade 4. Latency ranged from 2 weeks to 6 months. Most cases demonstrated a hepatocellular pattern of liver injury, although cholestatic or mixed injury also occurred. Most liver test elevations resolved upon GLP-1RA or dual GLP-1/GIPRA discontinuation with dechallenge occurring between 1 week to 6 months. IMPLICATIONS: DILI can occur with GLP-1 or GLP-1/GIP RAs. However, the true incidence is likely rare, although is unknown and probably underestimated. Among populations at higher risk may include females, patients with metabolic dysfunction-associated steatotic liver disease, patients experiencing rapid and substantial weight loss, and patients undergoing dose escalation or transitioning between different GLP-1RAs. Recognition of this association is crucial as the mainstay of treatment is prompt drug discontinuation. However, since GLP-1RAs are generally considered hepatoprotective, a potential causal relationship may not be readily suspected, which could delay withdrawal and lead to liver-related adverse events. This review underscores the importance of ongoing postmarketing safety surveillance despite reassuring clinical trial data to further elucidate the risk of GLP-1RA and GLP-1/GIP RA hepatotoxicity. Further research is needed to better understand the mechanism of suspected GLP-1RA and GLP-1/GIP RA-associated hepatotoxicity. As access expands via unregulated compounding pharmacies, patient education is key.",Clinical therapeutics,2026,10.1016/j.clinthera.2026.09.002,,Journal Article; Review,lifestyle,PubMed,review,4,obesity; weight loss
42783805,"Coffee, the Gut Microbiome, and Host Metabolism: Gastrointestinal Fate, Microbial Transformation, Mechanistic Insights, and Prospects for Precision Nutrition.","Coffee is one of the most widely consumed beverages worldwide and a major dietary source of bioactive compounds, including caffeine, chlorogenic acids (CGAs), trigonelline, non-digestible polysaccharides, and roasting-derived melanoidins. Habitual coffee consumption has been associated with a lower risk of type 2 diabetes (T2D) and more favorable liver-related outcomes, whereas evidence regarding obesity and metabolic dysfunction-associated steatotic liver disease (MASLD) remains heterogeneous. These associations may reflect interactions among coffee constituents, the gut microbiota, and host metabolic phenotypes rather than the effects of individual compounds alone. In this focused narrative review, we integrate evidence on the gastrointestinal fate, microbial transformation, and systemic availability of major coffee constituents, with particular emphasis on short-chain fatty acids, CGA-derived phenolic acids, and microbiota-dependent bile acid metabolism. We examine how these pathways may influence intestinal barrier integrity, mucosal immunity, enteroendocrine signaling, and gut-liver communication then consider their potential relevance to the regulation of energy, glucose, and lipid metabolism. We evaluate the relevance of these pathways to obesity, T2D, and MASLD, as well as major sources of inter-individual variability, including host genetics, baseline microbiota, metabolic phenotypes, background diet, and coffee composition, processing, brewing, filtration, dose, and beverage additives. Finally, we discuss physiologically relevant exposure levels, candidate biomarkers of individual responses, and risk-benefit considerations. Although mechanistic and preclinical evidence is accumulating, human studies directly demonstrating that coffee-induced microbiota changes mediate beneficial metabolic outcomes remain limited. Future randomized and mechanistic studies should integrate chemically characterized coffee exposures with longitudinal microbiome, metabolomic, physiological, and clinically relevant outcome measurements.",Metabolites,2026,10.3390/metabo16090680,PMC13609105,Journal Article; Review,lifestyle,PubMed,review,4,obesity; diet; genetic; lipid
42784804,Effects of a Digital Decision Support System on Diabetes Management in a Real-World Home Care Setting: Prospective Quasi-Experimental Feasibility and Implementation Study.,"BACKGROUND: Older adults with diabetes are vulnerable, facing multimorbidity and challenges in reaching glycemic targets. When insulin therapy is required, limited knowledge of geriatric therapeutic goals often leads to regimens that increase the risk of hypoglycemia. Simplified approaches such as once-daily basal insulin are recommended, yet titration protocols and unclear regimens remain barriers in home care nursing. Digital decision support systems (DDSSs) such as GlucoTab address this gap by offering evidence-based titration guidance integrated into nursing workflows. DDSSs also strengthen nurse autonomy, which leads to improved care processes and better outcomes in home care settings. OBJECTIVE: This study assessed the effects of a nurse-guided intervention including a DDSS for diabetes management in older adults with type 2 diabetes receiving home care nursing. METHODS: The prospective quasi-experimental feasibility and implementation study was conducted using GlucoTab for diabetes management as part of a multicomponent intervention at 2 home care nursing sites. Nine adults with type 2 diabetes receiving insulin therapy were enrolled (n=5 women; mean age 77, SD 10 years; mean BMI 27.7, SD 4.7 kg/m2; mean baseline hemoglobin A1c 59.5, SD 12.8 mmol/mol). After receiving training, nurses implemented the DDSS, which integrates evidence-based diabetes management recommendations for home care and nursing workflows. Diabetes-related hospital admissions and glycemic outcomes were assessed before, during, and after implementation of the DDSS intervention. RESULTS: Before implementation, 5 diabetes-related emergency admissions led to 4 hospitalizations, compared with none during implementation and 4 after implementation, mostly due to hyperglycemia. The median hospital stay was 9 (IQR 8-15) days (before and after implementation). Diabetes management shifted from predominantly premixed insulin therapy at baseline to basal insulin with or without bolus insulin during implementation. Diabetes-related home care visits decreased from 1.81 to 1.01 per day (before vs during implementation), and general practitioner contacts for insulin adjustments declined (19 before implementation vs 16 after implementation). Mean morning blood glucose decreased from 212 (SD 72) mg/dL to 162 (SD 42) mg/dL, and the proportion of measurements within the target range (70-180 mg/dL) increased from 39.0% to 70.8% before vs during implementation. No incidence of hypoglycemia requiring third-party help was observed during implementation. Adherence of nurses to DDSS recommendations exceeded 94%. CONCLUSIONS: This study suggests that integrating a DDSS in a multicomponent intervention into home care nursing yielded longitudinal changes in diabetes outcomes. Emergency visits and hospitalizations were lower during implementation, no severe hypoglycemia was observed, glycemic control improved throughout the observation period, and therapy was simplified in routine care. Nursing visits decreased, suggesting potential improvements in care processes and resource use. High adherence and acceptance by nurses indicate feasibility and usability in home care practice. These findings align with evidence from hospitalized patients and telehealth studies, suggesting the potential for clinical, safety, and efficiency benefits.",JMIR nursing,2026,10.2196/89687,PMC13608231,Journal Article,clinical_guidelines,PubMed,review,4,bmi
42764409,Sex and Socioeconomic Differences in the Initiation of SGLT2 Inhibitors and GLP-1 Receptor Agonists in Patients With Type 2 Diabetes and Cardiovascular Disease: A Nationwide Cohort Study.,"AIMS: Cardioprotective glucose-lowering drugs (GLDs) remain underutilised in individuals with Type 2 diabetes (T2D) and cardiovascular disease (CVD). We aimed to estimate the association between sex and socioeconomic status and initiation of cardioprotective GLDs and to identify factors associated with non-initiation of cardioprotective GLDs. MATERIALS AND METHODS: Using Danish health registries, we identified individuals with both T2D and CVD between 2015 and 2022. Initiation of cardioprotective GLDs, sodium-glucose co-transporter-2 inhibitors (SGLT2i) and glucagon-like peptide-1 receptor agonists (GLP-1RA) were assessed by sex and socioeconomic status. We estimated crude cumulative proportions, incidence rates (IR) and adjusted incidence rate ratios (IRR). Risk factors for non-initiation were analyzed using poisson regression. RESULTS: Among 81 361 individuals with newly diagnosed concomitant T2D and CVD (37% women), crude initiation rates of GLDs per 1000 person-years increased with higher educational level. This gradient disappeared after multivariable adjustment, with IRRs for females 0.95 (95% CI: 0.86-1.05) and males 1.00 (95% CI: 0.94-1.07). Marital and occupational status showed clear associations: compared with employed women, IRRs for initiation were 0.81 (95% CI: 0.75-0.88) for unemployed and 0.88 (95% CI: 0.79-0.97) for retired women. Compared with employed men, IRRs for unemployed and retired men were 0.77 (95% CI: 0.73-0.81) and 0.83 (95% CI: 0.78-0.88), respectively. Divorced, widowed and unmarried individuals also had lower IRR than married individuals. CONCLUSION: Among individuals with newly diagnosed T2D and CVD, lower initiation of guideline-recommended cardioprotective GLDs was observed among individuals with low socioeconomic status in both men and women.","Diabetes, obesity & metabolism",2026,10.1111/dom.71334,,Journal Article,clinical_guidelines,PubMed,review,4,guideline
42787001,"Ethnic differences in the patterns, incidence and prevalence of multiple long-term conditions: a systematic review protocol.","BACKGROUND: Multiple long-term conditions (MLTC) or multimorbidity is increasing among populations worldwide in the last decades. Less is known about the prevalence, incidence, socio-demographic patterning and combinations of long-term conditions among different ethnic groups globally. This systematic review protocol plans to review the current literature to understand the incidence, patterns, prevalence, and impact of MLTC in different ethnic populations. METHODS: This systematic review will include quantitative studies (cohort studies, cross-sectional, case-control, and baseline data from Randomised Control Trials) reporting on MLTC among adults across different ethnic groups in all settings (primary care, community or hospital). The following databases will be searched: Ovid MEDLINE, EMBASE, PsycINFO, CINAHL, ASSIA and COCHRANE CENTRAL using a combination of search terms including MLTC or multimorbidity and ethnicity. The exposure of interest is ethnicity, and included studies will report on at least one of these outcomes by ethnicity or a proxy of it: 1. prevalence and incidence of MLTC; 2. MLTC types (combinations or patterns of conditions including physical-only, mental and physical and complex multimorbidity, which is three or more (3+) chronic conditions across 3+ body system), and 3. health related outcomes (healthcare utilisation and mortality). Two reviewers will screen potential articles by titles/abstracts and full texts independently. A synthesis without meta-analysis approach to comprehensively summarise the key attributes and findings reported from each included study will be employed initially. Meta-analysis will be conducted where data allow, to estimate the risk of MLTC in minority ethnic groups vs majority ethnicity. DISCUSSION: Some studies suggest people from ethnic minority backgrounds have a greater burden of MLTC, yet they are usually underserved in health research. Synthesising primary studies that focus on MLTC and ethnicity in this review will provide a global overview of prevalence or incidence data and their reported health outcomes among diverse ethnic populations.",Wellcome open research,2026,10.12688/wellcomeopenres.25227.2,PMC13598395,Journal Article,screening,PubMed,review,3,
42784439,Factors Associated With Falls Among the Elderly With Type 2 Diabetes in Urban Shanghai: A Cross-Sectional Study.,"AIM: This study is aimed at identifying the factors associated with falls among community-dwelling elderly individuals with Type 2 diabetes mellitus (T2DM) in urban Shanghai, China. METHODS: The study analyzed data from 842 diabetic patients aged 60 years or older. Information about associated factors and main outcome measures was collected using structured questionnaires. Chi-square tests and binary logistic regression were used to identify factors associated with falls. RESULTS: Among the participants, 239 (28.4%) experienced at least one fall and 41 (17.2%) of these fallers had recurrent falls in the past 1 year. Univariate analysis identified a range of potential factors for falls, including physical impairments (e.g., dizziness, fatigue, unsteadiness), psychological factors (e.g., depression, activity restriction due to fear of falling), and adverse lifestyle factors (e.g., inactivity, poor sleep, frequent nocturia) (p < 0.05). Logistic regression analysis revealed that balance test score (OR = 1.687, 95% CI: 1.162-2.447, p = 0.006), PHQ-9 depression category (OR = 1.663, 95% CI: 1.028-2.691, p = 0.038) and activity restriction due to fear of falling (OR = 2.503, 95% CI: 1.752-3.575, p < 0.001) were independently associated with falls. For recurrent falls, activity restriction due to fear of falling remained significantly associated across models (OR range: 2.045-2.165, p < 0.05). CONCLUSION: Falls were common among elderly diabetic residents in urban Shanghai, and multiple factors were identified as potential correlates. Our findings support the use of multidomain screening to identify high-risk individuals for falls and to inform targeted assessment approaches, warranting further prospective investigations.",Journal of diabetes research,2026,10.1155/jdr/8624656,PMC13606027,Journal Article,screening,PubMed,review,3,screening; lifestyle; falls; depression
42798868,Episodic hypercortisolemia-mediated periods of worsening hyperglycemia in cyclic Cushing syndrome.,"Cyclic Cushing syndrome (CCS) is a rare subtype of Cushing syndrome (CS) characterized by hypercortisolism alternating with periods of physiologic or even low cortisol secretion. Most patients with CCS present with clinical signs of CS; however, in some patients, signs of hypercortisolism may be subtle or even absent. The fluctuating clinical picture and discrepant biochemical findings make CCS difficult to diagnose. We describe a case of a 70-year-old man with well-controlled type 2 diabetes mellitus who experienced recurrent, spontaneous hypercortisolemic episodes resulting in worsening and difficult-to-control hyperglycemia, followed by eucortisolemic phases during which his glycemic control rapidly returned to baseline. Further biochemical evaluation revealed intermittent hypercortisolemia without a clearly identifiable source of an adrenocorticotropic hormone secreting lesion. Data from his continuous glucose monitoring system (CGMS) proved pivotal in detecting the hypercortisolemic phases and tailoring management. After declining bilateral adrenalectomy and opting for a block-and-replace regimen with osilodrostat and hydrocortisone, he was able to anticipate and initiate this treatment based on his CGMS readings, facilitating improved glycemic control during these periods. This case highlights the diagnostic complexity of CCS and the utility of CGMS as both a monitoring tool and treatment guide for CCS in patients with concurrent type 2 diabetes mellitus.",JCEM case reports,2026,10.1210/jcemcr/luag279,PMC13613223,Case Reports; Journal Article,diagnosis,PubMed,review,3,
42795560,Association Between Thiazolidinedione Therapy and Tuberculosis-Related Events in Type 2 Diabetes: A Population-Based Cohort Study.,"Tuberculosis (TB) remains a major global health burden, and diabetes mellitus increases the risk of active TB. Thiazolidinediones (TZDs) have immunomodulatory effects, but their association with TB remains unclear. This study investigated the associations between TZD use and TB-related events in patients with type 2 diabetes (T2D), including TB requiring anti-TB treatment, pulmonary TB, and TB-related hospitalization. Using Taiwan's National Health Insurance Research Database, adults with newly diagnosed T2D between 2000 and 2017 were identified. Propensity score matching and Cox proportional hazards models were used to estimate adjusted hazard ratios (aHRs) and 95% confidence intervals (CIs) for TB requiring anti-TB treatment, pulmonary TB, and TB-related hospitalization. After 1:1 matching, 44,095 TZD user-nonuser pairs and 9225 rosiglitazone user-nonuser pairs were identified. Overall, TZD use was not significantly associated with TB-related outcomes. However, rosiglitazone use was associated with lower risks of TB requiring anti-TB treatment (aHR, 0.56; 95% CI, 0.36-0.86), pulmonary TB (aHR, 0.79; 95% CI, 0.68-0.92), and TB-related hospitalization (aHR, 0.59; 95% CI, 0.43-0.81). Rosiglitazone use was associated with lower risks of TB-related outcomes in the primary Cox analyses; however, these associations were attenuated in time-dependent analyses and were no longer statistically significant after accounting for death as a competing event. These observational findings should therefore be considered hypothesis-generating rather than evidence of a causal or protective effect and require confirmation using more robust causal-inference approaches.",Microorganisms,2026,10.3390/microorganisms14091979,PMC13609190,Journal Article,diagnosis,PubMed,review,3,
42791914,Dual-Biomarker Oral-Rinse Testing for aMMP-8 and Calprotectin: A Potential Adjunctive Tool for Risk Stratification and Interdisciplinary Referral in Periodontitis and Type 2 Diabetes.,"Periodontitis is a chronic, biofilm-induced inflammatory disease characterized by episodic connective tissue destruction and is epidemiologically associated with cardiometabolic conditions, notably type 2 diabetes (T2D) and cardiovascular disease (CVD). Conventional clinical signs do not reliably distinguish quiescent from actively progressing disease, which delays intervention and interdisciplinary referral. Chair-side point-of-care testing (POCT) of oral fluids offers a pragmatic, non-invasive adjunct for real-time assessment of disease activity, not only in dental but also in medical settings. This narrative review, reported in line with the Scale for the Assessment of Narrative Review Articles (SANRA), examines the clinical rationale and current evidence for oral-rinse POCT targeting active matrix metalloproteinase-8 (aMMP-8) and calprotectin. Oral-rinse aMMP-8 reflects disease-active collagenolysis and shows the more robust single-marker performance for periodontitis, whereas oral-fluid calprotectin, a neutrophil-derived S100A8/A9 protein, behaves as a predominantly local inflammatory signal and lacks validated oral-fluid reference ranges. Combining the two markers may add information beyond either alone when used in tandem as a complementary pair, but the supporting data are heterogeneous, largely exploratory, and hypothesis-generating. Dual-biomarker oral-rinse POCT is therefore best framed as a risk-stratification and referral aid rather than a stand-alone diagnostic, with combined interpretation potentially supported by AI technologies. Standardized pre-analytics, transparent threshold reporting, oral-fluid calprotectin reference values, and prospective multicenter validation are required before broad implementation.","Bioengineering (Basel, Switzerland)",2026,10.3390/bioengineering13091042,PMC13603151,Journal Article; Review,diagnosis,PubMed,review,3,
42788783,Clinical and molecular epidemiology of type 2 diabetes mellitus-associated intestinal Staphylococcus aureus colonization.,"Intestinal Staphylococcus aureus colonization in type 2 diabetes mellitus (T2DM) remains poorly defined with respect to prevalence, clinical associations, and molecular characteristics. We investigated intestinal S. aureus colonization in 142 patients with T2DM and characterized the recovered isolates using antimicrobial susceptibility testing, resistance gene profiling, multilocus sequence typing, accessory gene regulator typing, spa typing, and whole-genome sequencing. Clinical and laboratory characteristics were compared between colonized and non-colonized patients, and siderophore production and biofilm formation were evaluated in major molecular types. S. aureus colonization was identified in 30 patients (21.1%, 95% confidence interval: 15.2%-28.6%) based on a single fecal sample per patient, including one methicillin-resistant isolate. Isolates remained highly susceptible to most tested antimicrobials, except penicillin. The β-lactamase gene blaZ was the most prevalent resistance determinant (83.3%). MLST revealed a polyclonal population dominated by ST15 (30.0%), ST1156 (26.7%), and ST5 (26.7%), with agr II (56.7%) and spa type t84 (43.3%) being the most common types. Whole-genome sequencing further demonstrated distinct plasmid architectures between methicillin-susceptible S. aureus and methicillin-resistant S. aureus (MRSA) isolates and identified an SCCmec IVc (2B) element in the MRSA isolate. Siderophore production was significantly higher in ST15 and ST1156 than in ST5, whereas biofilm formation did not. These findings provide a comprehensive characterization of the clinical and epidemiological profiles of intestinal S. aureus colonization in patients with T2DM and highlight the need for continued genomic surveillance and mechanistic studies to support infection prevention and therapeutic strategies.IMPORTANCEIntestinal Staphylococcus aureus colonization in type 2 diabetes mellitus (T2DM) has remained largely uncharacterized despite the well-documented heightened infection risk in this population. Here, we show that 21.1% (95% confidence interval: 15.2%-28.6%) of hospitalized T2DM patients harbor gut S. aureus (only 3.3% methicillin-resistant S. aureus [MRSA]). The isolates form a polyclonal population dominated by ST15, ST1156, and ST5, carry predominantly blaZ, and display lineage-specific differences in siderophore production-an iron-acquisition trait critical for gut persistence. These data establish the diabetic intestine as a clinically relevant reservoir, underscore the limitations of nares-only surveillance, and highlight the need for integrated genomic and mechanistic studies to guide infection prevention in T2DM.",Microbiology spectrum,2026,10.1128/spectrum.01789-26,,Journal Article,risk_factors,PubMed,review,3,prevention
42779659,ACAD10 encodes two orphan enzymes in the ether lipid biosynthetic and salvage pathways.,"Ether lipids play critical roles in membrane dynamics, antioxidant defense, and signaling. They comprise ~20% of mammalian phospholipids, and disruptions in their metabolism cause severe genetic disorders and are associated with neurodegenerative and metabolic diseases. Ether lipids are synthesized de novo from glycolytic intermediates or salvaged from the diet. While the products of these pathways are known, several key enzymes remain unidentified, including the 1-O-alkylglycerol kinase and the 1-O-alkyl-2-acetyl-sn-glycero-3-phosphate phosphatase. Here, we show that acyl-CoA dehydrogenase member 10 (ACAD10) catalyzes the phosphorylation of 1-O-alkylglycerols and the dephosphorylation of 1-O-alkyl-2-acetyl-sn-glycero-3-phosphate. Worms and mice lacking ACAD10 have reduced ether lipid levels and cannot salvage dietary alkylglycerols. Furthermore, individuals from the Akimel O'odham (Pima) tribe carrying ACAD10 polymorphisms also show decreased plasma ether lipid levels. Collectively, our findings resolve two long-standing gaps in ether lipid biochemistry and reveal a mechanistic link between ether lipid metabolism and a population-associated risk factor for type 2 diabetes.",bioRxiv : the preprint server for biology,2026,10.1101/2025.09.10.675409,PMC13596139,Journal Article; Preprint,risk_factors,PubMed,review,3,diet; genetic; lipid
42801476,Scaling of an evidence-based intervention program in older people with diabetes and frailty in Latin America. Diabfrail-Latam clinical trial protocol.,"OBJECTIVES: Diabfrail-Latam is a project funded by the Horizon 2020 program of the European Commission (EC) and the Global Alliance for Chronic Diseases (GACD). The main objective of this protocol is to describe the clinical validation of a multimodal intervention aimed at older people with type 2 diabetes mellitus (T2DM) and frailty in Latin America, involving multicomponent physical exercise (based on VIVIFRAIL), nutritional education, and adjustment of therapeutic targets to be scaled up to other countries in Latin American region. METHODS: The Diabfrail-Latam CE is international, multicenter, single-blind and with two parallel groups with 1:1 randomization (multimodal intervention or usual clinical practice). More than 700 people over 65 years of age, frail or pre-frail, with T2DM, are expected to be recruited in four countries (Colombia, Peru, Mexico and Chile). The primary objective of this clinical validation is to evaluate the effectiveness of the multimodal intervention in improving functionality (measured by the Short Physical Performance Battery, SPPB) after one year of follow-up. Secondary objectives include changes in frailty status, adherence, feasibility, economic impact, biomarkers and caregiver burden. The intervention is expected to significantly improve functionality, reduce frailty progression, and demonstrate feasibility for large-scale implementation in Latin American health systems. CONCLUSION: Diabfrail-Latam will allow to validate and adapt interventions that have demonstrated efficacy in previous studies in European population, providing solid evidence for scaling and replication in the Latin American region and its context.",The Journal of frailty & aging,2026,10.1016/j.tjfa.2026.100211,,Journal Article,lifestyle,PubMed,review,3,exercise
42784582,Cardiovascular outcomes associated With GLP-1 and dual GLP-1/GIP receptor agonists in patients with type 2 diabetes and inflammatory bowel disease: A retrospective real-world cohort study.,"INTRODUCTION: Individuals with co-morbid T2D and IBD represent a uniquely high-risk group, facing amplified cardiovascular risk through synergistic inflammatory and metabolic pathways, in whom conventional cardiometabolic strategies (such as dietary and lifestyle changes, weight loss, blood pressure and lipid optimization, metformin therapy, SGLT2 inhibitor therapy) may be insufficient due to the overlap between metabolic disease and chronic inflammatory disease processes. At present, the literature available on the role of incretin-based therapy in the treatment of T2D in patients with co-morbid IBD is limited. We aimed to evaluate the association of GLP-1 receptor agonists and dual GLP-1/GIP receptor agonists with cardiovascular outcomes in individuals with T2DM and IBD. This study is not intended as a direct comparison of the efficacy of GLP-1 agonists and dual GLP-1/GIP receptor agonists in patients with T2D and IBD. Both drug classes were analyzed as a combined incretin-based therapy exposure group to reflect real-world prescribing patterns and maximize statistical power. METHODS: We conducted a retrospective cohort study using the TriNetX global federated research network, identifying adults (≥18 years) with T2D and IBD between 2015-2024. Patients prescribed GLP-1 or dual GLP-1/GIP were compared with non-users following 1:1 propensity score matching on demographics, comorbidities, and medication use. Relative risks (RR) and Hazard Ratios (HR) with 95% confidence intervals (CI) were calculated, with significance defined as p < 0.05. RESULTS: After matching 16,118 patients per cohort from among a total matched population of 32,236 patients, GLP-1 or GLP-1/GIP receptor agonist therapy was associated with lower hazard ratios across all outcomes, including myocardial infarction (HR 0.701, 95% CI 0.637-0.771), chronic ischemic heart disease (HR 0.936, 95% CI 0.896-0.978), heart failure (HR 0.777, 95% CI 0.737-0.820), atrial fibrillation/flutter (HR 0.838, 95% CI 0.788-0.890), sudden cardiac death (HR 0.694, 95% CI 0.605-0.795), ischemic stroke (HR 0.781, 95% CI 0.707-0.862), deep vein thrombosis (HR 0.642, 95% CI 0.586-0.702), and pulmonary embolism (HR 0.722, 95% CI 0.640-0.815). CONCLUSIONS: In patients with comorbid T2D and IBD, GLP-1 and GLP-1/GIP receptor agonists were associated with significant reductions in ischemic, arrhythmic, and thromboembolic cardiovascular outcomes. These findings highlight the potential role of incretin-based therapies in improving cardiovascular risk management in this high-risk population. However, the present study does not establish the comparative efficacy of the two classes of drugs in this patient population, and the findings may be associational rather than causal. Both drug classes were analyzed as a combined exposure group. Mechanistic explanations proposed in this paper should be considered hypothesis-generating rather than confirmed by the current observational study design.",PloS one,2026,10.1371/journal.pone.0358659,PMC13606989,Journal Article,lifestyle,PubMed,review,3,diet; lifestyle; weight loss; blood pressure; lipid; stroke; heart failure
