pmid,title,abstract,journal,year,doi,pmcid,publication_types,topic,source,triage_category,triage_score,matched_terms
42796348,Cardiovascular-Kidney-Metabolic Syndrome and Its Hepatic Dimension: A Narrative Review.,"Metabolic syndrome came to the attention of the scientific community several decades ago, and its definition has undergone multiple changes over time. It is currently defined by the coexistence of hypertension, central obesity, dyslipidemia, and impaired glucose metabolism, with insulin resistance, chronic inflammation, and oxidative stress representing important underlying pathophysiological mechanisms. The latter two processes are major promoters of the onset and progression of atherosclerosis. In parallel, many individuals develop metabolic dysfunction-associated steatotic liver disease (MASLD), formerly called non-alcoholic fatty liver disease (NAFLD). Growing evidence indicates that MASLD may interact bidirectionally with cardiovascular, renal, and metabolic dysfunction and may contribute to cardiometabolic risk. These observations have prompted proposals for a broader cardio-reno-hepato-metabolic axis. However, MASLD is not currently included in the established cardiovascular-kidney-metabolic (CKM) definition or staging system, and its incorporation remains an evolving conceptual extension. Prediabetes is a reversible condition characterized by abnormal glucose levels that do not meet the diagnostic criteria for diabetes. The American Diabetes Association defines prediabetes as glycated hemoglobin (HbA1c) = 5.7-6.4%, fasting plasma glucose = 100-125 mg/dL, or two-hour plasma glucose during an oral glucose tolerance test = 140-199 mg/dL. This comprehensive review examines traditional and genetic risk determinants, shared pathophysiological mechanisms, diagnostic strategies, clinical manifestations, emerging phenotypes, circulating microRNAs as non-invasive biomarkers, complications, and the principal therapeutic strategies, including diet, exercise, and pharmacotherapy. Particular attention is given to the recent approvals of resmetirom and semaglutide for metabolic dysfunction-associated steatohepatitis and to the expanding roles of sodium-glucose cotransporter 2 (SGLT2) inhibitors, glucagon-like peptide-1 (GLP-1) receptor agonists and non-steroidal mineralocorticoid receptor antagonists. Cardiovascular, renal, metabolic, and hepatic disorders are frequently present in the same patient. Other individuals may develop this high-risk cluster over time. The aim of this article is to define the interplay between different metabolic conditions and to outline the best approach to diagnosis, monitoring, and effective integrated therapy.","Medicina (Kaunas, Lithuania)",2026,10.3390/medicina62091742,PMC13609224,Journal Article; Review,hba1c,PubMed,core,30,prediabetes; hba1c; glycated hemoglobin; fasting plasma glucose; oral glucose tolerance; diagnostic criteria; diagnosis; obesity; exercise; diet; hypertension; genetic; metabolic syndrome; insulin resistance; lipid; atherosclerosis
42609412,The Metabolic Legacy of Acute Pancreatitis: Post-Pancreatitis Diabetes Mellitus.,"Post-pancreatitis diabetes mellitus after acute pancreatitis (PPDM-A) is increasingly recognized as a distinct metabolic complication rather than a simple subtype of type 2 diabetes. This narrative review summarizes current evidence on PPDM-A, with emphasis on terminology, diagnostic timing, epidemiology, pathophysiology, risk factors, clinical phenotypes, screening, prevention, and long-term follow-up. A structured literature search was conducted in PubMed/MEDLINE, Scopus, and Google Scholar to identify relevant studies. PPDM-A may develop after mild, moderately severe, or severe acute pancreatitis, although the risk is greatest in patients with pancreatic necrosis, recurrent attacks, exocrine pancreatic dysfunction, obesity, dyslipidemia, fatty liver disease, metabolic comorbidities, and marked in-hospital glycemic variability. A major diagnostic challenge is distinguishing transient stress hyperglycemia and previously unrecognized diabetes from incident PPDM-A. Formal diagnosis should generally be established no earlier than 90 days after the index episode of acute pancreatitis to minimize misclassification due to transient stress-related dysglycemia. Follow-up assessment should combine fasting plasma glucose and HbA1c, whereas a 75-g oral glucose tolerance test (OGTT) may provide greater sensitivity during early recovery, particularly when HbA1c is unreliable, results are borderline or discordant, or isolated postprandial dysglycemia is suspected. Current evidence indicates that PPDM-A develops through interacting pathogenic domains, including pancreatic endocrine injury with impaired β-cell reserve, metabolic dysregulation characterized by insulin resistance and persistent inflammation, exocrine pancreatic dysfunction with nutritional consequences, and emerging mechanisms involving gut microbiome alterations, bile acid-FGF19 signaling, and extracellular vesicle-mediated communication. Available data support a trajectory-based model in which some patients recover normal glucose metabolism, some develop persistent intermediate dysglycemia, and others progress to overt diabetes over months or years. Structured post-discharge surveillance, risk-stratified follow-up, assessment of exocrine dysfunction, and prevention of recurrent pancreatic injury are essential for improving early detection, reducing diagnostic misclassification, and optimizing long-term clinical outcomes.",Clinical and experimental gastroenterology,2026,10.2147/CEG.S635877,PMC13478238,Journal Article; Review,oral_glucose_tolerance,PubMed,core,28,early detection; hba1c; fasting plasma glucose; oral glucose tolerance; ogtt; diagnosis; screening; obesity; insulin resistance; lipid; prevention
42708616,Postpartum Glycaemic Phenotype and Continuous Glucose Monitoring at 4-6 Years After Gestational Diabetes Defined by Different Diagnostic Criteria.,"AIM: To characterise glycaemic outcomes 4-6 years postpartum according to gestational diabetes mellitus (GDM) diagnostic thresholds and evaluate whether continuous glucose monitoring (CGM) identifies differences not captured by conventional clinical measures. METHODS: Women recruited before and after introduction of WHO GDM criteria were followed at 4 and 6 years postpartum. At each follow-up, participants underwent oral glucose tolerance testing (OGTT), HbA1c measurement, body composition assessment and 14-day CGM. Based on pregnancy OGTT results and the diagnostic criteria in use at the time of testing, women were classified as meeting EASD 1991 criteria (GDMOLD; higher glucose thresholds), meeting WHO 2013 criteria but not EASD 1991 without diagnosis and treatment (GDMWHO-) or meeting WHO 2013 criteria with diagnosis and treatment (GDMWHO+). RESULTS: Women classified as GDMOLD had higher fasting glucose at both follow-ups compared with women meeting only WHO 2013 criteria, and showed greater hyperglycaemic exposure and glycaemic variability on CGM. Time above range, coefficient of variation and mean amplitude of glycaemic excursions were consistently higher in GDMOLD group, and differences remained significant after adjustment for pregnancy glucose levels. Within the WHO-defined groups, conventional clinical measures did not differ between women with and without a GDM diagnosis, whereas CGM detected modest differences in mean glucose and time above range over time. Approximately 50% of women meeting only WHO 2013 criteria had prediabetes. CGM metrics were strongly associated with OGTT-derived glucose and HbA1c but only weakly with anthropometric and blood lipid measures. BMI and body fat percentage did not differ between groups. CONCLUSIONS: Long-term glycaemic risk aligns with diagnostic thresholds used during pregnancy. Women diagnosed by older, higher thresholds exhibit a persistently less favourable glycaemic profile. Women meeting the lower WHO 2013 glucose thresholds represent a large group with a high prevalence of prediabetes, regardless of diagnosis during pregnancy. CGM detects modest differences in free-living glycaemic patterns not apparent from conventional clinical measures.",Journal of diabetes research,2026,10.1155/jdr/7103883,PMC13552220,Journal Article,oral_glucose_tolerance,PubMed,core,26,prediabetes; hba1c; fasting glucose; oral glucose tolerance; ogtt; diagnostic criteria; diagnosis; bmi; lipid
42774975,"Beyond Glycated Hemoglobin (HbA1c): A Systematic Review of Metabolic Interventions, Insulin Resistance, and Cognitive Function Across the Obesity-to-Diabetes Continuum.","Insulin resistance may contribute to cognitive vulnerability before persistent hyperglycemia becomes apparent; however, its clinical relevance as a predictor of cognitive change or therapeutic target remains uncertain. This systematic review with narrative synthesis evaluated the effects of metabolically targeted interventions on insulin resistance and cognitive function in middle-aged and older adults across the obesity-to-type 2 diabetes continuum. MEDLINE via PubMed, Embase, Scopus, and the Cochrane Central Register of Controlled Trials (CENTRAL) were searched for studies published from January 1, 2021, to December 31, 2025. The review followed the Preferred Reporting Items for Systematic Reviews and Meta-Analyses (PRISMA) 2020 guidelines. Eligible designs included randomized controlled trials, prospective randomized parallel-group studies, and longitudinal analyses nested within randomized trials that reported metabolic outcomes alongside cognitive or neuroimaging outcomes. Of the 552 records identified, five studies met the eligibility criteria, comprising four intervention studies and one longitudinal analysis nested within a randomized trial. The interventions comprised lifestyle modification, combined physical and cognitive exercise, dapagliflozin, nutritional supplementation, and moxibustion, with follow-up periods ranging from 12 weeks to two years. Three intervention studies reported concurrent improvements in insulin resistance and cognitive outcomes, whereas one found no significant improvement in insulin resistance and limited neuropsychological benefit. In the single included longitudinal analysis, oral glucose tolerance test (OGTT)-derived measures and the triglyceride-glucose (TyG) index showed more consistent associations with less favorable cognitive or neuroimaging changes than glycated hemoglobin (HbA1c), which demonstrated mixed associations. Three intervention studies raised some concerns regarding risk of bias, one was judged to be at high risk, and the prognostic analysis was assessed as having moderate risk. Overall, measures of insulin resistance may provide information complementary to HbA1c and may have potential as early risk or treatment-response markers for cognitive health. Nevertheless, the small and heterogeneous evidence base, relatively short follow-up periods, and absence of formal mediation analyses preclude causal conclusions. Larger, longer-term, and methodologically rigorous trials are needed to determine whether improving insulin sensitivity can meaningfully alter cognitive trajectories.",Cureus,2026,10.7759/cureus.115012,PMC13596753,Journal Article; Review,early_risk,PubMed,core,24,early risk; hba1c; glycated hemoglobin; oral glucose tolerance; ogtt; obesity; exercise; lifestyle; insulin resistance; triglyceride; guideline
42709983,Comparison of Traditional Chinese Exercise and Equipment-Based Exercise on Glycaemic Control and Vitamin D Levels in Middle-Aged and Elderly Patients With Prediabetes: A Randomised Controlled Trial.,"BACKGROUND: Prediabetes is a critical window for preventing progression to type 2 diabetes mellitus (T2DM). Both vitamin D deficiency and physical inactivity are associated with impaired glucose metabolism. This study compared the effects of Traditional Chinese Exercise (TCE) and Kuanle Equipment Exercise (KEE) on glycaemic measures, lipid profiles, body composition and serum 25-hydroxyvitamin D3 [25(OH)D3] in middle-aged and elderly adults with prediabetes. METHODS: We conducted a 12-week, single-centre, randomised controlled trial involving 62 participants with prediabetes (mean age 55.2 ± 8.4 years; 88.7% female). Participants were randomly assigned to control (usual care, n = 21), TCE (n = 20), or KEE (n = 21). Primary outcomes included fasting plasma glucose (FPG), 2-h OGTT glucose, glycated haemoglobin (HbA1c) and serum 25(OH)D3. Secondary outcomes comprised triglycerides, total cholesterol, LDL-C, HDL-C and body composition. RESULTS: At baseline, mean serum 25(OH)D3 was 21.53 ± 3.90 nmol/L. At 12 weeks, both TCE and KEE improved FPG, 2-h OGTT glucose, HbA1c and 25(OH)D3 versus control (all p ≤ 0.001). Relative changes in FPG were -9.4% (TCE) and -15.2% (KEE) versus -1.5% (control); corresponding changes were -14.6% and -21.2% for 2-h OGTT glucose, -6.7% and -12.9% for HbA1c, and +60.6% and +81.9% for 25(OH)D3. Direct TCE-KEE comparisons were not significant (all p > 0.05). In an exploratory analysis, change in 25(OH)D3 was inversely associated with change in 2-h OGTT glucose (partial r = -0.358, p = 0.006), but not with FPG, HbA1c, or triglycerides. CONCLUSIONS: Both TCE and KEE improved glycaemic outcomes and increased serum 25(OH)D3 compared with usual care in middle-aged and elderly adults with prediabetes. Although KEE produced numerically larger estimates, direct between-group comparisons were not significant, and the superiority of KEE over TCE was not established. These vitamin D findings require confirmation in trials that quantify sunlight exposure and dietary vitamin D intake.","Endocrinology, diabetes & metabolism",2026,10.1002/edm2.70326,PMC13552993,Journal Article; Randomized Controlled Trial; Comparative Study,oral_glucose_tolerance,PubMed,core,23,prediabetes; progression to type 2 diabetes; hba1c; fasting plasma glucose; ogtt; exercise; diet; lipid; triglyceride; cholesterol
42716862,One-year progression from prediabetes to type 2 diabetes in a Turkish primary-care cohort: a prospective study.,"AIMS: To estimate one-year progression to type 2 diabetes among adults with prediabetes in primary care and explore associated baseline characteristics. METHODS: Adults with prediabetes identified using FPG, 2-h OGTT glucose and/or HbA1c criteria at a Turkish family health centre were followed for one year. Incident diabetes was defined by repeat-confirmed diabetes-range FPG or HbA1c; the oral glucose tolerance test was not repeated at follow-up, for resource and participant-burden reasons. Progressors and non-progressors were compared using Mann-Whitney U and Fisher's exact tests, without adjustment for multiple comparisons. ROC analyses were exploratory, and the derived cut-offs were neither internally nor externally validated. RESULTS: Among 152 participants (67.8% women; mean age 52.9 ± 12.6 years), 9 (5.9%; 95% CI 2.7-10.9%) progressed to diabetes, while 20 had normal-range FPG and HbA1c and 123 retained prediabetes-range values. Progressors had higher BMI, waist and hip circumference, FPG, HbA1c and 2-h glucose; antidepressant use was also more frequent, although this unadjusted association is likely confounded by indication. All nine incident cases occurred in participants with combined IFG and IGT. In exploratory analyses based on only nine events, higher 2-h glucose showed the strongest apparent separation between progressors and non-progressors. CONCLUSIONS: One-year progression was uncommon but concentrated among participants with combined IFG and IGT. Because only nine events occurred, roughly two dozen baseline factors were compared without adjustment for multiple testing, and the OGTT was not repeated at follow-up, every association reported here is hypothesis-generating and the study-derived thresholds are exploratory and unvalidated; neither should be used to guide clinical decisions until confirmed in larger, independent cohorts.",Primary care diabetes,2026,10.1016/j.pcd.2026.09.001,,Journal Article,prediabetes_progression,PubMed,core,22,prediabetes; incident diabetes; progression to type 2 diabetes; hba1c; oral glucose tolerance; ogtt; bmi
42787268,"Structured lifestyle modification and biological aging: effects on PhenoAge, sclerostin, and GDF-15 in arab adults with prediabetes.","BACKGROUND: Lifestyle modification programs (LMP) such as diabetes prevention programs may influence phenotypic aging trajectories, but evidence in Middle Eastern populations remains limited. This study examined the effects of a structured LMP on phenotypic age (PhenoAge) as the primary endpoint and circulating sclerostin (SOST) and growth differentiation factor-15 (GDF-15) as secondary endpoints in a cohort of Arab adults with prediabetes. PARTICIPANTS AND METHODS: In this randomized clinical trial (RCT), a total of 181 adults (130 males, 51 females; mean age 50.8 ± 10.9 years, body mass index, BMI 30.0 ± 4.8 kg/m2) were enrolled. Participants were allocated to either a structured LMP or Control Group (CG) and followed for 6 months. The LMP group was requested to reduce weight by 5%, moderate exercise (150 min/week), reduce fat intake (30%) and increase fiber intake (15g/1 kcal). CG was given brochure. PhenoAge was calculated and assessed alongside anthropometrics, blood biomarkers (HbA1c, fasting glucose, albumin, creatinine, GDF15, SOST), and dietary parameters at baseline and after 6 months. RESULTS: Compared with the CG, participants in the lifestyle modification program (LMP) showed a significant reduction in PhenoAge (-4.9 vs. +1.3 years; between-group p < 0.001). Significant between-group improvements were also observed in weight (-5.7 kg), BMI (-2.0 kg/m2), waist circumference (-6.3 cm), and HbA1c (-0.4%; all p < 0.001). Neither GDF-15 nor SOST demonstrated a significant intervention-specific effect. CONCLUSION: A structured lifestyle intervention significantly improved PhenoAge, accompanied by improvements in metabolic parameters in Arab adults with prediabetes. Changes in GDF-15 and SOST appeared time-dependent rather than intervention-specific. These findings support lifestyle modification as a potential strategy to slow a composite clinical measure of biological aging. ClinicalTrial Registration (NCT06440681).",Frontiers in aging,2026,10.3389/fragi.2026.1809697,PMC13601340,Journal Article,prevention,PubMed,core,22,prediabetes; hba1c; fasting glucose; diabetes prevention; body mass index; bmi; exercise; diet; lifestyle; waist circumference; prevention
42711084,Optimised carbohydrate dietary intervention for improving metabolic health in adults with prediabetes: study protocol for a multicentre randomised controlled trial.,"INTRODUCTION: Dietary modification is an important strategy for the prevention of type 2 diabetes, with fibre intake recognised as a key factor in promoting metabolic health. Resistant starch (RS), a type of fermentable dietary fibre, has emerged as a promising therapeutic approach due to its association with weight loss, enhanced insulin sensitivity and improved glucose metabolism. As nutritional research progresses, the focus has shifted from individual nutrients to overall dietary patterns. Based on this concept, this study aims to investigate the metabolic effects of a dietary pattern that optimises carbohydrate structure by increasing RS intake and reducing rapidly digestible carbohydrate in adults with pre-diabetes. METHODS AND ANALYSIS: This is a multicentre, randomised, parallel-controlled clinical trial, which will enrol 250 adults diagnosed with pre-diabetes. Eligible participants will undergo randomisation to receive either a guideline-based conventional diet or an optimised carbohydrate diet (OCD). In the OCD intervention, daily RS intake will be increased to approximately 40 g, with fibre intake rising to 20-40 g per 1000 kcal. At the same time, the intake of rapidly digestible starch and free sugars will be reduced. The intervention will last for 6 months, followed by a 3-month post-intervention follow-up period. The primary outcome is the change in postprandial glycaemic response, assessed using the incremental area under the curve (iAUC) for plasma glucose during the oral glucose tolerance test (OGTT). Secondary outcomes include the proportion of participants achieving remission to normoglycaemia or progressing to type 2 diabetes, changes in other glucose- and lipid-related metabolic parameters and changes in lifestyle-related behavioural factors. Exploratory outcomes will include changes in appetite-related hormones, circulating cytokines, immune function and multi-omics profiles. ETHICS AND DISSEMINATION: This study was approved by the Ethics Committee of Shanghai Sixth People's Hospital Affiliated to Shanghai Jiao Tong University School of Medicine (Approval No. 2025-122; Protocol V.1.0, 20250811) and the Ethics Committee of Shenzhen Center for Chronic Disease Control (Approval No. SZCCC-2024-011-01-PJ) and registered in the Chinese Clinical Trial Registry. Findings from this study will be disseminated in peer-reviewed journal publications. TRIAL REGISTRATION NUMBER: ChiCTR2500113583.",BMJ open,2026,10.1136/bmjopen-2026-123231,PMC13561004,Journal Article; Clinical Trial Protocol,oral_glucose_tolerance,PubMed,core,21,prediabetes; pre-diabetes; oral glucose tolerance; ogtt; diet; lifestyle; weight loss; lipid; guideline; prevention
42711998,Evidence-based ranking of diabetes prevention in prediabetes: A comprehensive network meta-analysis of 378 randomised controlled trials.,"BACKGROUND: Ten percent of the global population presents impaired glucose tolerance. Although numerous interventions have been investigated to prevent type 2 diabetes (T2D), their comparative effectiveness remains uncertain. In this study, we assessed and ranked current pharmacological and non-pharmacological interventions for preventing diabetes in individuals with prediabetes. METHODS: The study protocol was registered on PROSPERO (CRD42023473875). Randomised controlled trials (RCTs) reporting on adult patients with prediabetes undergoing any intervention addressing dysglycaemia were eligible. Our systematic search was conducted from database inception to 19 December 2025 in three databases (MEDLINE, Embase and Cochrane Library [CENTRAL]). Network meta-analysis was performed using the random-effect frequentist method. Our primary outcomes were the incidence of T2D, haemoglobin A1c (HbA1c), fasting plasma glucose (FPG) and 2-h glucose after the glucose oral tolerance test (2hPG) expressed as relative risk (RR) and mean difference (MD), respectively, with the corresponding 95% confidence intervals (CIs). RESULTS: We included 378 RCTs comprising 113 122 patients. The highest risk reduction for T2D when compared with control was obtained with dual incretin-based therapy (glucagon-like peptide 1 [GLP-1] and gastric inhibitory polypeptide (GIP) receptor agonists [GLP-1 + GIP RAs]) (RR = .1, CI [.05;  .21]), with GLP-1 receptor agonists (GLP-1 RAs) ranking second (RR = .26, CI [.19;  .4]) followed closely by metformin plus intensive lifestyle intervention (ILI) (RR = .27, CI [.12;  .64]). Only curcumin (MD = -.49, CI [-.70; -.28]), dual GLP-1 + GIP RA (MD = -.46, CI [-.63; -.29]), single GLP-1 RA (MD = -.41, CI [-.50; -.31]) and physical activity (MD = -.35, CI [-.48; -.23]) achieved >.3% HbA1c reductions after 1 year. Sulphonylureas and physical activity were most effective for the 1-year FPG decrease, while the greatest 2hPG reduction was obtained with zinc supplementation and sulphonylureas. CONCLUSION: Incretin-based therapies, particularly dual GLP-1 + GIP RA and single GLP-1 RA, followed by metformin together with ILI, are the most effective interventions to prevent T2D in patients with prediabetes.",Clinical and translational medicine,2026,10.1002/ctm2.70829,PMC13554713,Journal Article; Network Meta-Analysis,prediabetes_progression,PubMed,core,20,prediabetes; hba1c; fasting plasma glucose; diabetes prevention; physical activity; lifestyle; prevention
42733155,OGTT-Derived β-Cell Function-Based Stratification of 2-Year Glycaemic Transitions in Chinese Adults With Prediabetes.,"AIMS: Prediabetes is heterogeneous, with variable progression to diabetes or reversion to normoglycemia. We evaluated whether the insulin secretion-sensitivity index-2 (ISSI-2), an oral glucose tolerance test (OGTT)-derived integrated surrogate of β-cell function relative to insulin sensitivity and prevailing glycemia, was associated with baseline glycaemic profiles and 2-year transitions in Chinese adults with prediabetes. We also examined whether these associations differed from those of the homeostasis model assessment of insulin resistance (HOMA-IR) and whether cohort-specific index-based groups combining ISSI-2 and HOMA-IR stratified transition risk. MATERIALS AND METHODS: We analysed 645 Chinese adults with prediabetes and complete baseline OGTT glucose and insulin measurements from a multicentre lifestyle intervention cohort; 410 had 2-year outcomes. ISSI-2 and HOMA-IR were examined in relation to baseline glycaemic measures and 2-year progression or reversion using multivariable regression. RESULTS: Higher ISSI-2 was associated with lower FPG, 1-h PG, 2-h PG and HbA1c, with the strongest association observed for 1-h PG (β per 1-SD increase -1.189 mmol/L; p < 0.001). During follow-up, 136 participants progressed to diabetes and 61 reverted to normoglycemia. Each 1-SD increase in ISSI-2 was associated with lower progression risk (OR 0.505, 95% CI: 0.382-0.668) and higher likelihood of reversion (OR 1.447, 95% CI: 1.106-1.893), whereas HOMA-IR showed less consistent associations. Compared with the Low IR + higher ISSI-2 group, the dual-defect group (higher HOMA-IR and lower ISSI-2) had higher progression risk (OR 2.764, 95% CI: 1.459-5.237). CONCLUSIONS: ISSI-2 was associated with baseline glycaemic profiles and bidirectional 2-year transitions in Chinese adults with prediabetes. OGTT-derived β-cell function assessment may complement conventional glycaemic classification for short-term risk stratification, pending validation in independent cohorts.","Diabetes, obesity & metabolism",2026,10.1111/dom.71310,,Journal Article,oral_glucose_tolerance,PubMed,core,20,prediabetes; progression to diabetes; hba1c; oral glucose tolerance; ogtt; lifestyle; insulin resistance
42590022,Association Between HbA1c Levels and Postpartum Depressive Symptoms: Insights from Edinburgh Postnatal Depression Scale Screening After Gestational Diabetes Mellitus.,"Background/Objectives: Depressive symptoms are more frequent following pregnancies complicated by gestational diabetes mellitus (GDM), prompting postpartum depression screening recommendations in the German S3 guideline. Although GDM is associated with increased postpartum depression risk, the relationships between postpartum metabolic parameters and the Edinburgh Postnatal Depression Scale (EPDS) scores remain unclear. We investigated whether metabolic markers measured during diabetes screening 6-12 weeks postpartum are associated with depressive symptoms. Methods: We retrospectively analyzed EPDS screenings conducted during postpartum testing at our inpatient clinic between 07/2021 and 02/2024. The EPDS is a validated 10-item tool (score range 0-30), with scores ≥10 indicating potential depression. Metabolic parameters included HbA1c, the 75 g oral glucose tolerance test (oGTT), insulin, and the Homeostasis Model Assessment index (HOMA index). Group comparisons were performed using non-parametric tests and receiver operating characteristic (ROC) analyses, with the Youden index identifying optimal cutoffs. Results: Among the 102 women presenting for postpartum testing, 43.1% had normal glucose tolerance, 54.9% prediabetes, and 2.0% diabetes. A total of 13.7% (n = 14) screened positive for potential depression, including two who reported suicidal ideations. Women with positive EPDS scores had significantly higher HbA1c [5.7% (38.3 mmol/mol) vs. 5.4% (35.5 mmol/mol), p = 0.013]. An HbA1c cutoff of 5.42% (35.75 mmol/mol) showed discriminatory ability for depressive symptoms with an Area Under the Curve (AUC) of 0.708 (CI 0.567-0.849). Other metabolic parameters showed no significant associations. Conclusions: Elevated postpartum HbA1c is associated with depressive symptoms after GDM pregnancies. An HbA1c threshold of 5.42% (35.75 mmol/mol) may help identify women at increased postpartum depression risk and prompt subsequent psychological assessment when depression screening is otherwise omitted.",Journal of clinical medicine,2026,10.3390/jcm15155919,PMC13466278,Journal Article,oral_glucose_tolerance,PubMed,core,20,prediabetes; diabetes screening; hba1c; oral glucose tolerance; ogtt; screening; guideline; depression
42796049,Effects of High-Intensity Interval Versus Moderate-Intensity Continuous Training in Adults with Prediabetes: A Single-Blind Randomized Controlled Trial.,"Background: Prediabetes is associated with impaired glycemic regulation and increased cardiometabolic risk, making effective lifestyle management important for preventing progression to type 2 diabetes. Exercise is a key component of prediabetes management, but the comparative effects of high-intensity interval training (HIIT) and moderate-intensity continuous training (MICT) remain unclear. Methods: This single-blind randomized controlled trial included 24 sedentary adults with prediabetes (HbA1c 5.7-6.4%; BMI > 24.9 kg/m2), randomized to HIIT (n = 12) or MICT (n = 12). Participants completed supervised treadmill-based aerobic exercise three times weekly for 12 weeks. The primary outcome was HbA1c, while secondary outcomes included anthropometric measures, lipid parameters, and inflammatory and metabolic biomarkers. Outcomes were evaluated using two-way repeated-measures ANOVA. Results: For the primary outcome, HbA1c decreased significantly over time in both groups (p = 0.001), with no significant group × time interaction (p > 0.05). Among the secondary outcomes, both interventions significantly improved body mass index, waist circumference, hip circumference, and waist-to-height ratio (all p ≤ 0.001), while lipid parameters remained unchanged (p > 0.05). Exploratory biomarker analyses showed within-group decreases in TNF-α in the HIIT group and resistin in the MICT group, an increase in osteocalcin in the MICT group, and increases in IL-6 in both groups (p < 0.05); however, no significant group × time interactions were observed for these biomarkers. CRP, irisin, adiponectin, and chemerin remained unchanged. Conclusions: Both HIIT and MICT were associated with improvements in glycemic control and anthropometric outcomes in this sample of adults with prediabetes, with no evidence of superiority of either exercise protocol. Given the small sample size and the absence of significant group × time interactions, the exploratory biomarker findings should be interpreted cautiously. These findings suggest that both exercise modalities may represent feasible options within individualized lifestyle management for adults with prediabetes. Larger studies with longer intervention periods and post-intervention follow-up are needed to clarify the comparative and longer-term effects of these exercise modalities.",Journal of clinical medicine,2026,10.3390/jcm15187277,PMC13607590,Journal Article,prediabetes_progression,PubMed,core,18,prediabetes; progression to type 2 diabetes; hba1c; body mass index; bmi; exercise; lifestyle; waist circumference; lipid
42798059,Serum FAM19A5 in newly diagnosed type 2 diabetes mellitus and its association with metabolic and inflammatory parameters: A case-control study.,"We aimed to investigate serum levels of FAM19A5, a novel adipokine implicated in inflammation and metabolic regulation, and to examine its association with key metabolic and inflammatory markers in individuals newly diagnosed with type 2 diabetes mellitus (T2DM). This case-control study included 54 patients with newly diagnosed T2DM and 54 age- and sex-matched normoglycemic controls aged 35 to 65 years. Continuous variables were summarized according to their distributions and compared using the independent-samples t test or Mann-Whitney U test, as appropriate. Spearman rank correlation was used to examine associations in the pooled sample, with false discovery rate correction for multiple testing. Subgroup analyses were conducted by metabolic syndrome, insulin resistance, and body mass index (BMI) category. The incremental value of FAM19A5 beyond conventional markers was explored using multivariable logistic regression and DeLong comparisons of the areas under the curve (AUCs). Serum FAM19A5 was lower in the T2DM group than in controls (376.1 [312.1-577.6] vs 554.5 [365.6-1524.2] ng/L; P < .001). In the pooled sample, FAM19A5 was inversely correlated with fasting glucose (ρ = -0.266, P = .005), 2-hour oral glucose tolerance test (ρ = -0.308, P = .001), and HbA1c (ρ = -0.212, P = .028), but not with BMI, waist circumference, lipid parameters, homeostasis model assessment of insulin resistance (HOMA-IR), or high-sensitivity C-reactive protein (hs-CRP). After false discovery rate correction, the associations with fasting and 2-hour oral glucose tolerance test remained significant. Within the T2DM group, FAM19A5 was lower in patients with metabolic syndrome (P = .004), insulin resistance (HOMA-IR > 2.71; P = .023), or BMI ≥25 kg/m² (P = .021). FAM19A5 alone showed poor discrimination for T2DM (AUC: 0.684; sensitivity: 66.7%; specificity: 53.7%). Adding FAM19A5 to a model containing BMI, HOMA-IR, and hs-CRP improved model fit (likelihood-ratio χ² = 13.1, P < .001) but not discrimination (AUC: 0.920 vs 0.943; DeLong P = .154). Serum FAM19A5 levels were lower in newly diagnosed T2DM and remained independently associated with diabetes status after adjustment for BMI, HOMA-IR, and hs-CRP. Correlations with glycemic measures were weak, and FAM19A5 alone had poor discriminatory performance. These findings support further investigation of FAM19A5 as a molecule of potential mechanistic interest, but not as a clinically useful diagnostic biomarker. Larger longitudinal studies are needed.",Medicine,2026,10.1097/MD.0000000000050782,,Journal Article,diagnosis,PubMed,core,18,hba1c; fasting glucose; oral glucose tolerance; body mass index; bmi; metabolic syndrome; insulin resistance; waist circumference; lipid
42597012,Continuous glucose monitoring profiles during postpartum glucose tolerance test results among people with gestational diabetes.,"OBJECTIVE: Current guidance recommends universal screening with a postpartum oral glucose tolerance testing (OGTT) 4-12 weeks following delivery among pregnancies complicated by gestational diabetes mellitus (GDM) to identify or assess risk for prediabetes and type 2 diabetes (T2D). Continuous glucose monitoring (CGM) is not currently a tool for screening for T2D among pregnant or postpartum people. Our objective was to assess CGM data during the postpartum OGTT. METHODS: This was a secondary analysis of a trial that randomized people with GDM to CGM versus capillary blood glucose (CBG). Participants were included if CGM data were available during their OGTT. Our primary outcome was mean glucose during the postpartum OGTT (75 g 2-h challenge), comparing those with dysglycemia on OGTT (fasting ≥100 mg/dL and/or 2-h ≥140 mg/dL) to normal OGTT results. RESULTS: A total of 51 patients met the inclusion criteria for this secondary analysis. Mean CGM glucoses were higher at all time points for those with dysglycemia compared with a normal OGTT result. Among those with dysglycemia, the mean fasting plasma glucose was 104.3 ± 10.5 and the mean 2-h plasma glucose was 129.9 ± 37.5. For those with normal OGTT results, the mean fasting plasma glucose was 89.8 ± 5.2 and the mean 2-h plasma glucose was 103.5 ± 17.9. When stratified by GDM type, mean CGM glucose was similar between groups. CONCLUSION: In this study, we found that glucose measured by CGM follows the expected curve in response to the postpartum OGTT among individuals with pregnancies complicated by GDM. Those with dysglycemia had higher mean CGM glucose at all time points assessed. Future studies will need to assess the role of CGM in risk stratifying those with dysglycemia postpartum without an OGTT.","Pregnancy (Hoboken, N.J.)",2025,10.1002/pmf2.70143,PMC13344718,Journal Article,oral_glucose_tolerance,PubMed,core,18,prediabetes; fasting plasma glucose; oral glucose tolerance; ogtt; screening
42745769,"Incremental effects of SGLT2 inhibitors, GLP-1 receptor agonists, and pioglitazone in type 2 diabetes and MASLD across Asian study settings: a systematic review and meta-analysis.","OBJECTIVE: We evaluated the incremental hepatic and metabolic effects of adding sodium-glucose cotransporter 2 (SGLT2) inhibitors, glucagon-like peptide-1 receptor agonists (GLP-1RAs), or pioglitazone to comparable background glucose-lowering therapy in Asian adults with type 2 diabetes mellitus (T2DM) and metabolic dysfunction-associated steatotic liver disease (MASLD). METHODS: We systematically searched PubMed, Embase, the Cochrane Library, and Web of Science through 30 June 2026. Two reviewers independently screened studies, extracted data, and assessed risk of bias. Eligible trials evaluated the addition of a study drug to background glucose-lowering management that was comparable between randomized groups and either remained stable or followed a prespecified adjustment protocol. Changes from baseline in alanine aminotransferase (ALT) and glycated hemoglobin (HbA1c) were coprimary outcomes. Secondary outcomes included aspartate aminotransferase, gamma-glutamyl transferase, magnetic resonance imaging-proton density fat fraction, liver stiffness, fibrosis-4 index, fasting plasma glucose, lipid parameters, body mass index, serum adiponectin, and systolic blood pressure. Random-effects pairwise meta-analyses were performed, and GRADE certainty was assessed for the two coprimary outcomes. Safety outcomes were synthesized narratively because reporting was heterogeneous and frequently incomplete. RESULTS: We included eleven randomized trials: 692 participants were randomized into eligible comparisons, of which 642 participated in the coprimary efficacy analyses. Moderate certainty was found for a reduction in ALT with the addition of an SGLT2 inhibitor compared with background therapy alone (mean difference [MD], - 7.56 U/L; 95% confidence interval [CI], - 11.24 to - 3.88); however, there was little or no clinically important further benefit observed for HbA1c (MD, - 0.09%; 95% CI, - 0.27 to 0.08; moderate certainty). Modest reductions in ALT were suggested by moderate certainty for GLP-1RAs (MD, - 6.71 U/L; 95% CI, - 11.53 to - 1.89) while low certainty indicated an HbA1c reduction (MD, - 0.48%; 95% CI, - 0.83 to - 0.14). Secondary exploratory findings favoring add-on therapy existed, although they are unadjusted for multiplicity. The comparative safety could not be assessed reliably. CONCLUSION: In short-term randomized trials conducted in Asian study settings, adding SGLT2 inhibitors or GLP-1RAs may improve selected hepatic and metabolic surrogate outcomes. The available evidence does not support a treatment-class ranking, and the durability and clinical significance of these changes remain uncertain because follow-up was short and several comparisons were based on sparse evidence. Comparative safety also remains uncertain because adverse-event reporting was heterogeneous and incomplete. SYSTEMATIC REVIEW REGISTRATION: https://www.crd.york.ac.uk/PROSPERO/, identifier CRD420251231137.",Frontiers in endocrinology,2026,10.3389/fendo.2026.1942151,PMC13574646,Journal Article; Systematic Review; Meta-Analysis,fasting_glucose,PubMed,core,17,hba1c; glycated hemoglobin; fasting plasma glucose; body mass index; blood pressure; lipid
42656588,Glycemia-based predictors of T2D development in adults with obesity and prediabetes: SURMOUNT-1 post hoc analysis.,"OBJECTIVE: This post hoc analysis aimed to assess the predictive value of glycemia-based criteria for development of type 2 diabetes (T2D) among adults with obesity and prediabetes in the 3-year SURMOUNT-1 study. METHODS: We evaluated the sensitivity, specificity, and positive and negative predictive value of each of the following exploratory criteria for their ability to correctly identify incident T2D cases in the placebo group: oral glucose tolerance test (OGTT) 1-h glucose ≥155 mg/dL (≥8.6 mmol/L), fasting serum glucose (FSG) ≥ 110 mg/dL (≥6.1 mmol/L), and hemoglobin A1c (HbA1c) ≥ 6% (≥42.1 mmol/mol). RESULTS: The OGTT 1-h glucose, FSG, and HbA1c based criteria, respectively, had a sensitivity of 0.83, 0.50, and 0.47; specificity of 0.25, 0.87, and 0.69; positive predictive value of 0.15, 0.37, and 0.19; and negative predictive value of 0.91, 0.92, and 0.90. Tirzepatide treatment was associated with a 90% to 99% reduction in new-onset T2D in the high-risk groups, vs 68% to 91% in the standard risk groups using the 3 different criteria. CONCLUSION: In this post hoc analysis, we found that OGTT 1-h glucose ≥155 mg/dL (≥8.6 mmol/L) may be a useful criterion to better identify those at high risk of incident T2D. Tirzepatide treatment was highly effective in T2D prevention compared with placebo, regardless of the high-risk criteria used. These findings may guide in the identification of people in whom intensive therapies could be considered to prevent new-onset T2D.",Journal of the Endocrine Society,2026,10.1210/jendso/bvag190,PMC13507312,Journal Article,oral_glucose_tolerance,PubMed,core,17,prediabetes; hba1c; oral glucose tolerance; ogtt; obesity; prevention
42796931,Effects of Chokeberry Juice Added to a Mediterranean-Style Diet on Glycemic Control and Redox Homeostasis in Women with Prediabetes: A Randomized Controlled Trial.,"Background: Prediabetes is characterized by impaired glucose regulation and altered redox homeostasis, which may contribute to progression to type 2 diabetes. Polyphenol-rich foods may improve metabolic and redox balance. Methods: Fifty-four women aged 30-60 years with prediabetes were randomly assigned to an intervention group (IG) or control group (CG); 50 completed the 12-week study (25 per group). Both groups received Mediterranean diet recommendations. The IG additionally consumed 100 mL/day of chokeberry juice, providing 457 mg GAE of total polyphenols and 9.7 mmol antioxidant capacity (FRAP), whereas the CG received no study product. Fasting plasma glucose (FG), HbA1c, 2 h plasma glucose (2h-PG), total oxidant status (TOS), total antioxidant status (TAS), and oxidative stress index (OSI) were assessed at baseline and 12 weeks. Between-group differences in individual changes were analyzed using the Mann-Whitney U test with Benjamini-Hochberg false discovery rate correction. The randomized substudy reported here was conducted within the broader single-group parent study registered at ClinicalTrials.gov (NCT06435130), which enrolled a larger mixed-sex cohort; the present analysis concerns only the nested 12-week randomized comparison in women with prediabetes. Results: Compared with the CG, the IG showed greater reductions in FG, HbA1c, 2h-PG, TOS, and OSI and a greater increase in TAS. All between-group differences remained significant after FDR correction (adjusted p < 0.001), with large Cliff's delta values. Conclusions: Adding 100 mL/day of chokeberry juice to Mediterranean diet recommendations for 12 weeks was associated with modest but statistically significant improvements in glycemic and redox-related outcomes in women with prediabetes. The small sample, short follow-up, and lack of placebo control limit generalizability; larger, longer placebo-controlled trials are warranted.",Nutrients,2026,10.3390/nu18182948,PMC13610533,Journal Article; Randomized Controlled Trial,prediabetes_progression,PubMed,core,16,prediabetes; progression to type 2 diabetes; hba1c; fasting plasma glucose; diet
42736402,Differential physical activity responses to diabetes risk reduction interventions according to prediabetes phenotype in at-risk individuals: pooled analysis from three randomised controlled trials.,"AIMS/HYPOTHESIS: Emerging research suggests that the effects of lifestyle interventions to reduce the risk of type 2 diabetes progression differ by prediabetes phenotype. We investigated whether this divergent effectiveness is accompanied by differing physical activity responses to the intervention. METHODS: Pooled data from three randomised controlled trials were used (n=2150), with up to 48 months annual follow-up. Participants at risk of type 2 diabetes were randomised to either: (1) usual care (control) or (2) similar interventions, in which they received structured group-based lifestyle interventions to promote increases in physical activity and other behaviours associated with diabetes risk reduction, supported by education, goal setting, pedometer use and maintenance support. Change in physical activity and glucose levels were stratified by the presence of impaired fasting glucose (IFG) and/or impaired glucose tolerance (IGT). RESULTS: Participants in the group with normoglycaemia were 63 years old (mean), with a mean BMI of 29.9 kg/m2; 56.4% were men and 76.7% were White European. Participants in the IFG group were 63 years old, with a BMI of 29.8 kg/m2; 70.0% were men and 79.1% were White European. Participants in the IGT group were 65 years old, with a BMI of 31.1 kg/m2; 60.4% were men and 80.5% were White European. Participants in the group with both IFG and IGT were 65 years old, with a BMI of 31.7 kg/m2; 62.7% were men and 82.6% were White European. The number of baseline steps/day was 6130 ± 3201 in the normoglycaemia group, 7244 ± 3489 in the IFG group, 5984 ± 2904 in the IGT group and 6310 ± 2872 in the IFG+IGT group (means ± SD). The intervention increased the mean number of steps/day relative to usual care by 247 (95% CI 4, 491) in the normoglycaemia group, 523 (95% CI 229, 818) in the IGT group, and 808 (95% CI 402, 1213) in the IFG+IGT group, but not in the IFG group (mean 71; 95% CI -429, 571). The intervention improved 2 h post-challenge glucose levels in the IFG+IGT group only (mean -0.5 mmol/l; 95% CI -0.9, 0.0). CONCLUSIONS/INTERPRETATION: The effectiveness of structured, group-based interventions with goal setting to promote physical activity differs by glycaemic status; those with IFG were least responsive. This may contribute to previously observed differences in the clinical effectiveness of diabetes prevention programmes.",Diabetologia,2026,10.1007/s00125-026-06873-5,1370926,Journal Article,prediabetes_progression,PubMed,core,16,prediabetes; fasting glucose; diabetes prevention; bmi; physical activity; lifestyle; prevention
42767624,Lipoedema and Obesity Misclassification: A Phenotype Based Approach to Cardiometabolic Risk Beyond Body Mass Index.,"Lipoedema is a painful adipose tissue disorder marked by disproportionate limb fat and often misclassified as generalized obesity or lymphoedema. This review examines its metabolic phenotype and implications for cardiometabolic assessment and management. PubMed/MEDLINE was searched from inception through May 2026 for studies on lipoedema, obesity, body composition, metabolic risk, insulin resistance, diabetes, lifestyle interventions, pharmacotherapy and liposuction. Relevant clinical, mechanistic, review and consensus literature was narratively synthesized. Evidence is limited and heterogeneous, consisting mainly of observational cohorts, referral-centre series, mechanistic studies and consensus guidance, predominantly involving women. Some studies report fewer metabolic abnormalities in women with lipoedema than in women with BMI-matched lifestyle-related overweight or obesity. These findings do not establish metabolic protection and may reflect differences in central adiposity, disease stage, diagnostic criteria, body composition, inflammation or referral patterns. Obesity and glucose-lowering therapies, including glucagon-like peptide-1 receptor agonists, remain appropriate for established indications, but direct modification of lipoedema has not been demonstrated. Cardiometabolic risk in lipoedema should be assessed using a phenotype-based approach that distinguishes painful limb adiposity from central and ectopic fat while considering age, sex, menopausal status and established risk factors. BMI should be interpreted with waist measures, metabolic screening, body composition and muscle mass when relevant. Prospective studies using standardized diagnostic criteria, direct measures of insulin sensitivity, detailed body composition and clinically meaningful outcomes are needed to clarify long-term risk and distinguish lipoedema biology from coexisting central obesity.",Clinical obesity,2026,10.1111/cob.70115,PMC13593362,Journal Article; Review,screening,PubMed,core,16,diagnostic criteria; screening; obesity; overweight; body mass index; bmi; lifestyle; insulin resistance; consensus
42783393,Cardiometabolic Risk Factors and Domain-Specific Cognitive Function in Prediabetes and Type 2 Diabetes.,"Background: Cardiometabolic risk factors are increasingly recognised as contributors to cognitive decline, yet their associations with domain-specific cognitive performance in adults with prediabetes or well-controlled type 2 diabetes (T2DM) remain poorly characterised. Methods: This cross-sectional study included 49 adults with prediabetes or well-controlled T2DM (managed by diet or metformin alone; HbA1c < 8%). Cognitive function was assessed using the Cambridge Neuropsychological Test Automated Battery (CANTAB), Trail Making Tests (TMTs) parts A and B, Stroop, and Digit Symbol Substitution Test (DSST). Multivariable linear regression examined associations between cardiometabolic predictors (adiposity [DXA], glycaemic indices [OGTT], and serum lipids) and cognitive outcomes, adjusting for age, BMI, and education. Results: Higher HbA1c was independently associated with increased false alarms on the rapid visual processing task (RVPPFA; β = 0.04 [95% CI 0.01, 0.07]; p = 0.015); fasting and 2 h glucose were not associated with any cognitive measure. Higher triglycerides were associated with lower sustained attention accuracy (RVPA; β = -0.02 [95% CI -0.04, -0.004]; p = 0.016) and lower DSST scores (β = -4.61 [95% CI -8.81, -0.40]; p = 0.033). Higher HDL cholesterol was independently associated with better sustained attention (RVPA; β = 0.08 [95% CI 0.02, 0.15]; p = 0.017). No consistent associations were found between adiposity measures and any cognitive outcome, with no effect modification by sex or diabetes status (all Pinteraction > 0.05). Conclusions: In cognitively healthy adults with prediabetes or well-controlled T2DM, higher HbA1c and triglycerides and lower HDL were associated with poorer domain-specific cognitive performance in the absence of overt cognitive impairment. Larger longitudinal studies are needed to establish whether these associations represent early cognitive changes and to determine whether reducing cardiometabolic risk can preserve cognitive function.","Medical sciences (Basel, Switzerland)",2026,10.3390/medsci14050520,PMC13609006,Journal Article,prediabetes_progression,PubMed,core,15,prediabetes; hba1c; ogtt; bmi; diet; lipid; triglyceride; cholesterol; cognitive decline
42771870,Applying the ORBIT model to design a patient-facing mHealth app for diabetes prevention in urban primary care: translating patient perspectives into app design.,"BACKGROUND: Prediabetes affects nearly one in three U.S. adults-often progressing to type 2 diabetes within 10 years. Although prediabetes is increasingly identified in primary care and prevention strategies exist, uptake remains low, particularly in urban safety-net settings. This translational gap reflects the complexity of prevention, which is preference- and context-sensitive. Mobile health could bridge this gap and improve engagement, but effective design requires understanding patient needs, barriers, and care context. PURPOSE: Guided by the Obesity-Related Behavioral Intervention Trials (ORBIT) model, this formative study identified perspectives on prediabetes and diabetes prevention and translated them into components of a patient-facing digital intervention. METHODS: Semi-structured qualitative interviews were conducted among 24 adult primary care patients with documented prediabetes in an urban safety-net health system. Interviews explored understanding of prediabetes, decision-making about prevention options, motivation for lifestyle change, and integration of behavioral changes into daily routines. Interviews were transcribed and analyzed using rapid qualitative analysis. RESULTS: Participants (mean age 58.8 years; 83% women; 46% African American/Black; 46% Hispanic/Latino) described six interrelated themes: understanding the diagnosis; making informed treatment decisions; integrating lifestyle change into daily life; finding motivation; staying on track with behavior change; and navigating prevention within health and financial constraints. Themes revealed gaps in risk understanding, counseling, and action planning and were mapped to preliminary app features. CONCLUSIONS: This study translated patient-identified needs into initial components for a patient-informed mHealth tool. The findings define early-stage content domains and behavioral targets that will inform prototype refinement, usability testing, and evaluation in primary care.",Translational behavioral medicine,2026,10.1093/tbm/ibag065,PMC13596773,Journal Article,prediabetes_progression,PubMed,core,15,prediabetes; diagnosis; diabetes prevention; obesity; lifestyle; prevention
42744583,Differences in screen-detected type 2 diabetes in two targeted community-based screening campaigns in Denmark.,"OBJECTIVE: Targeted type 2 diabetes screening campaigns aim to improve patients' quality of life and life expectancy and reduce healthcare costs, although different setups may yield varying detection outcomes. The aim of this study is to assess whether at-home self-sampling improves the detection rates of prediabetes and diabetes compared with standard mobile unit screening. RESEARCH DESIGN AND METHODS: Between June 2022 and November 2024, the Danish Diabetes Association offered free capillary HbA1c tests to individuals at high risk of diabetes based on the Leicester's Risk Assessment score. Two community-based screening setups were applied: (a) a mobile unit using a point-of-care device and (b) at-home self-sampling screening tests using mailed Hemoglobin Capillary Collection System analyzed by high-performance liquid chromatography. RESULTS: In total, 4051 individuals were tested via the mobile unit and 5609 via the at-home setup. In the mobile unit setup, the proportion of individuals aged ≥65 years was 54.3%, whereas in the at-home setup, they constituted 38.1%. HbA1c ≥48 mmol/mol (≥6.5%) was found in 3.1% of participants in the mobile unit and 3.5% in the at-home setup, while HbA1c values of 42-47 mmol/mol (6.0-6.4%) occurred in 9.1% and 15.2%, respectively. CONCLUSIONS: Mobile units and at-home self-sampling are complementary screening approaches, finding similar rates of screen detection with HbA1c ≥48 mmol/mol (≥6.5%), though the latter is more efficient in detecting individuals with HbA1c values of 42-47 mmol/mol (6.0-6.4%).",BMJ open diabetes research & care,2026,10.1136/bmjdrc-2026-006034,PMC13583803,Journal Article,prediabetes_progression,PubMed,core,15,prediabetes; diabetes screening; hba1c; screening
42732963,Progressive islet remodeling during the prediabetic stage in female SDT rats.,"Prediabetes represents a critical stage in the progression to type 2 diabetes, during which early alterations in pancreatic islet structure and function occur. We investigated temporal histopathological changes associated with islet remodeling in female Spontaneously Diabetic Torii (SDT) rats, a non-obese type 2 diabetes model. Focusing on structural alterations, fibrosis, altered endocrine cell organization, and pancreatic stellate cell activation. Female SDT and Sprague-Dawley (SD) rats were examined between 8 and 40 weeks of age. Blood glucose and plasma insulin levels were measured cross-sectionally in separate groups of animals from 8 to 40 weeks, and oral glucose tolerance tests (OGTTs) were performed between 16 and 24 weeks of age. Pancreatic tissues were evaluated by histopathology, immunohistochemistry, and morphometric analyses. SDT rats exhibited progressive glucose intolerance accompanied by elevated plasma insulin levels during the prediabetic stage, suggesting altered glucose homeostasis. These abnormalities were accompanied by structural alterations of islets, including architectural disruption, enlargement, and intra-islet fibrosis beginning at 18-24 weeks. Representative immunostaining suggested altered organization of insulin- and glucagon-positive endocrine cells within remodeled islets. α-SMA- and desmin-positive stromal cells were observed within fibrotic regions of SDT islets. These findings demonstrate progressive islet remodeling during the prediabetic stage in female SDT rats, characterized by structural disruption, fibrosis, and the presence of α-SMA- and desmin-positive stromal cells within fibrotic islets. These alterations may contribute to early endocrine dysfunction by disrupting the islet microenvironment and cell-cell interactions.",Experimental animals,2026,10.1538/expanim.26-0125,,Journal Article,prediabetes_progression,PubMed,core,15,prediabetes; progression to type 2 diabetes; oral glucose tolerance; ogtt
42798462,Factors associated with sarcopenia in elderly patients with type 2 diabetes mellitus.,"BACKGROUND AND AIMS: Sarcopenia is a common geriatric syndrome that substantially impairs physical function, mobility, and quality of life in older patients with type 2 diabetes mellitus. However, evidence regarding factors associated with sarcopenia in this population remains fragmented and inconsistent, and previous studies have often included mixed-age populations or provided limited quantitative synthesis specifically focused on older adults. Therefore, this systematic review and meta-analysis aimed to comprehensively identify and quantify the associations between clinical factors and sarcopenia in older patients with type 2 diabetes mellitus, thereby providing age-specific evidence for clinical assessment, early identification, and individualized management. METHODS: Relevant studies examining factors associated with sarcopenia in older patients with type 2 diabetes mellitus were systematically searched in six databases: PubMed, Web of Science, Embase, the Cochrane Library, CNKI, and Wanfang Data. The search covered the period from database inception to January 2026. Study characteristics, participant characteristics, potential associated factors, and sarcopenia-related outcomes were extracted. The methodological quality of the included cross-sectional studies was assessed using the AHRQ checklist. Meta-analyses were conducted using Review Manager version 5.3. Continuous variables were pooled using mean differences or standardized mean differences, and dichotomous variables were pooled using odds ratios. Publication bias and small-study effects were assessed using funnel plots and Egger's regression test when at least 10 studies were available for a given outcome. For outcomes with substantial heterogeneity, REML-based 95% prediction intervals and exploratory univariable meta-regression analyses were conducted when sufficient data were available. The certainty of evidence for each pooled outcome was assessed using the GRADE approach. RESULTS: A total of 19 cross-sectional studies involving 4,727 older patients with type 2 diabetes mellitus were included. The included studies were of moderate to high methodological quality, with no low-quality studies identified. Sarcopenia was diagnosed using different criteria, including the Asian Working Group for Sarcopenia 2014 criteria, the AWGS 2019 criteria, the European Working Group on Sarcopenia in Older People criteria, and the revised EWGSOP2 criteria. Meta-analysis showed that patients with sarcopenia were significantly older than those without sarcopenia, and had a longer duration of diabetes, higher fasting blood glucose levels, higher HbA1c levels, lower body mass index, and lower hemoglobin levels. No statistically significant associations were observed for male sex, total cholesterol, triglycerides, HDL-C, LDL-C, serum albumin, 25(OH)D, hypertension, smoking exposure, insulin therapy, or coronary/ischemic heart disease. Although sensitivity analyses generally supported the directional stability of the main findings, substantial heterogeneity remained for several outcomes, and all REML-based 95% prediction intervals crossed the null value. Exploratory meta-regression identified geographic region as a significant moderator only for HbA1c. Egger's tests did not indicate statistically significant small-study effects for outcomes with sufficient studies. The certainty of evidence was rated as low for HDL-C, hypertension, and insulin therapy and as very low for all other pooled outcomes, primarily because of the cross-sectional study design, substantial inconsistency, and imprecision. CONCLUSION: In conclusion, older age, lower BMI, longer diabetes duration, higher fasting blood glucose, higher HbA1c, and lower hemoglobin levels were associated with sarcopenia in older patients with type 2 diabetes mellitus. However, the certainty of evidence was low to very low, and substantial heterogeneity and prediction intervals crossing the null value indicate that the magnitude and presence of these associations may vary across populations and clinical settings. These findings may heighten clinical suspicion during guideline-based sarcopenia assessment but should not be regarded as evidence of independent prediction, validated screening thresholds, or causality. Future prospective studies with standardized measurements and comprehensive adjustment for confounders are required. SYSTEMATIC REVIEW REGISTRATION: https://www.crd.york.ac.uk/prospero/, identifier CRD420261301123.",Frontiers in endocrinology,2026,10.3389/fendo.2026.1933664,PMC13612276,Journal Article; Systematic Review; Meta-Analysis,diagnosis,PubMed,core,15,hba1c; screening; body mass index; bmi; hypertension; triglyceride; cholesterol; guideline; sarcopenia
42780359,Clinical characteristics of subclinical carotid atherosclerosis in middle-aged and elderly populations with different glucose metabolism statuses: a cross-sectional study.,"BACKGROUND: Subclinical carotid atherosclerosis (SCAS) is linked to cardiovascular events, yet its characteristics across various glucose metabolism statuses remain unclear. This study investigated SCAS prevalence and its association with dysglycemia in a community-dwelling population. METHODS: In this cross-sectional study (September-December 2021, Beijing), 4,964 middle-aged and elderly residents underwent 75 g oral glucose tolerance tests and were categorized into normal glucose tolerance (NGT), prediabetes [including isolated impaired fasting glucose [IFG], isolated impaired glucose tolerance [IGT], and combined IFG + IGT], and new-onset diabetes mellitus (DM). Standardized carotid ultrasonography assessed carotid intima-media thickness (CIMT) and plaque presence. Multivariable logistic regression was used to identify factors associated with SCAS in the whole cohort and in the prediabetic subgroup, with adjustment for age, sex, blood pressure, body mass index, and lipid profiles. RESULTS: The cohort comprised 2,224 NGT, 2,022 prediabetes (758 IFG, 569 IGT, 695 mixed), and 718 DM participants. Anthropometric and metabolic parameters progressively worsened with increasing glucose dysregulation severity. SCAS prevalence was highest in the DM group (70.5%), followed by prediabetes (66.8%) and NGT (62.2%) (p < 0.05). Within the prediabetic cohort, SCAS was significantly more prevalent in the IGT group than the IFG group (63.5% vs. 55.8%, p < 0.05). After full adjustment, compared with NGT, both prediabetes (OR = 1.28, 95% CI: 1.10-1.49) and new-onset DM (OR = 1.52, 95% CI: 1.25-1.85) remained independently associated with SCAS (both p < 0.01). In the prediabetic subgroup, factors independently associated with SCAS included age, sex, 2 h postprandial glucose, total cholesterol, and HDL-C (protective). CONCLUSION: The prevalence of SCAS varies significantly across glucose metabolism statuses. Both new-onset diabetes and prediabetes-particularly the IGT phenotype-are closely associated with a higher burden of SCAS, independent of traditional cardiovascular risk factors. These findings provide a rationale for evaluating early screening strategies in future prospective studies, but prospective cohort studies are needed to establish causal relationships and to determine the clinical implications.",Frontiers in cardiovascular medicine,2026,10.3389/fcvm.2026.1868434,PMC13597245,Journal Article,fasting_glucose,PubMed,core,15,prediabetes; fasting glucose; oral glucose tolerance; screening; body mass index; blood pressure; lipid; cholesterol; carotid; atherosclerosis
42781403,Metabolic Risk Predictors Associated With the Onset of Vascular Complications Among Patients With Type 2 Diabetes in Zambia: A Retrospective Statistical Modeling Study.,"BACKGROUND AND AIMS: Diabetes mellitus contributes significantly to the global disease burden, affecting approximately 537 million adults worldwide, with over 75% residing in low and middle-income countries (LMICs). In Zambia, evidence on metabolic predictors of vascular complications among patients with Type 2 Diabetes Mellitus (T2DM) is limited. This study aimed to estimate the incidence of vascular complications and identify metabolic and clinical factors associated with their occurrence among newly diagnosed T2DM patients. METHODS: A retrospective cohort study was conducted among 315 adults aged ≥ 18 years, randomly selected from the University Teaching Hospital Diabetes Clinic registry in Zambia. Participants diagnosed between January 2013 and December 2016 were followed up until December 2023. Cox proportional hazards regression models estimated hazard ratios (HRs) at 95% confidence intervals, with best-fitting model identified using Akaike Information Criterion. Statistical significance was set at p < 0.05. RESULTS: Of 315 participants, 52.1% were female, with a mean age of 49.6 ± 13.5 years. Increasing age (HR = 1.047, 95% CI: 1.02-1.07, p = 0.001), hypertension (HR = 2.196, 95% CI: 1.58-3.03, p < 0.001), elevated cholesterol (HR = 1.533, 95% CI: 1.00-2.33, p = 0.048), and poor glycaemic control (HR = 10.047, 95% CI: 2.04-49.31, p = 0.004) were predictors. Overweight and obesity increased risk (HR = 2.035, 95% CI: 1.24-3.33, p = 0.005; HR = 1.812, 95% CI: 1.13-2.90, p = 0.005). Age-glycated hemoglobin interaction (HR = 1.006, 95% CI: 0.934-0.989, p = 0.007) indicated amplified poor glycaemic control effect with advancing age. CONCLUSION: Advancing age, hypertension, dyslipidaemia, obesity, and poor glycaemic control were key predictors. Age-HbA1c interaction underscores need for age-sensitive management. Integrating metabolic risk prediction could enhance early detection, risk stratification, and prevention, reducing diabetes burden in Zambia and LMICs.",Health science reports,2026,10.1002/hsr2.73294,PMC13598807,Journal Article,risk_factors,PubMed,core,15,early detection; hba1c; glycated hemoglobin; obesity; overweight; hypertension; lipid; cholesterol; prevention; vascular complication
42793505,Differential Associations of Healthy Lifestyle Latent Classes with Glycemic Transitions in Prediabetes: An Observational Study Based on CHARLS.,"Introduction: Current clinical guidelines recommend comprehensive management of multiple healthy lifestyles as fundamental to prediabetes care; however, the evidence base regarding the status and clustering of these risk factors remains insufficient. We identified distinct latent classes of healthy lifestyle in individuals with prediabetes and examined their impact on glycemic progression. Methods: This study included 2529 baseline prediabetic participants from the China Health and Retirement Longitudinal Study (CHARLS). We performed latent class analysis (LCA) to stratify participants according to healthy lifestyle factors: physical activity, smoking, alcohol consumption, sleep duration, body mass index (BMI), and blood pressure. Multiple imputation was used for missing covariate data. Multinomial logistic regression was used to examine associations with glycemic transition. Results: Three healthy lifestyle classes were identified: Class 1 (27.6%, the smoking and drinking group), Class 2 (28.2%, the high-BMI group), and Class 3 (44.3%, the healthy lifestyle group). Compared with Class 3, Class 1 (OR, 0.736; 95% CI, 0.554 to 0.978) and Class 2 (OR, 0.628; 95% CI, 0.489 to 0.806) had significantly decreased odds of returning to normoglycemia. Conversely, Class 2 (OR, 2.167; 95% CI, 1.626 to 2.887) had higher odds of progressing to diabetes than Class 3. Conclusions: Prediabetic individuals fall into three distinct healthy lifestyle latent classes. The distinct associations between the three lifestyle latent classes and glycemic progression to diabetes and regression to normoglycemia support the potential value of lifestyle-based risk stratification in prediabetes management, pending validation in prospective cohorts.","Healthcare (Basel, Switzerland)",2026,10.3390/healthcare14182966,PMC13606765,Journal Article,lifestyle,PubMed,core,15,prediabetes; progression to diabetes; body mass index; bmi; physical activity; lifestyle; blood pressure; clinical guideline; guideline
42772320,Prevalence of liver fibrosis and steatotic liver disease in community-dwelling adults in China (the CHESS-LiverHealth project): cross-sectional baseline data from a prospective cohort study.,"BACKGROUND: Chronic liver disease is rapidly increasing worldwide, largely driven by the growing epidemics of overweight and obesity, diabetes, and harmful alcohol consumption. China has the world's largest population with these conditions, but has scarce prospective, community-based data to estimate the true burden of chronic liver disease. We aimed to estimate the prevalence of liver fibrosis and steatotic liver disease and identify their associated factors in community-dwelling adults in China. METHODS: The CHESS-LiverHealth project was an investigator-initiated, prospective, community-based cohort study conducted at 18 sites corresponding to county-level units in 13 provincial-level administrative regions in China. Community-dwelling adults aged 18 years or older were enrolled and underwent vibration-controlled transient elastography (VCTE). We report cross-sectional baseline data from this study. The primary outcome was the prevalence of liver fibrosis, as estimated by a liver stiffness measurement (LSM) of 8 kPa or more. Secondary outcomes included the prevalence of liver fibrosis at higher LSM thresholds (≥10 kPa and ≥12 kPa), steatotic liver disease (controlled attenuation parameter ≥248 dB/m) and its severity categories, and steatotic liver disease subtypes-metabolic dysfunction-associated steatotic liver disease (MASLD), metabolic and alcohol-associated liver disease (MetALD), and alcohol-associated liver disease (ALD)-together with factors associated with these outcomes. FINDINGS: Between Sept 23, 2024, and Jan 23, 2026, 38 859 individuals entered the recruitment pathways, of whom 29 023 were enrolled. After exclusion of individuals with previous cirrhosis, liver cancer or other malignancies, those with missing or unreliable VCTE measurements, and those with incomplete baseline information, 25 736 individuals were included in this analysis. These individuals had a median age of 51·0 years (IQR 38·0-60·0); 11 548 (44·9%) were male and 14 188 (55·1%) were female. The prevalence of LSM of 8 kPa or more was 4·4% (95% CI 4·2-4·7; n=1136), LSM 10 kPa or more was 1·6% (1·5-1·8; n=421), and LSM 12 kPa or more was 0·8% (0·7-0·9; n=205). Steatotic liver disease was present in 43·7% (43·1-44·3; n=11 242) of participants, with MASLD in 39·5% (38·9-40·1; n=10 162), MetALD in 2·0% (1·8-2·2; n=516), and ALD in 1·6% (1·5-1·8; n=411) of participants. The highest prevalences of LSM of 8 kPa or more were observed in individuals with obesity (10·7% [9·8-11·6]; n=487 of 4560) and type 2 diabetes (10·7% [9·7-11·8]; n=365 of 3400). In multivariable analyses, male sex, older age, heavy alcohol consumption, an Alcohol Use Disorders Identification Test score of 16 or more, overweight or obesity, central obesity, prediabetes or type 2 diabetes, hypertension, dyslipidaemia, and an increasing number of cardiometabolic risk factors were independently associated with both LSM of 8 kPa or more and steatotic liver disease. Chronic viral hepatitis was also independently associated with LSM of 8 kPa or more. INTERPRETATION: Liver fibrosis and steatotic liver disease are prevalent in community-dwelling Chinese adults, driven by metabolic factors and alcohol consumption. These findings identify chronic liver disease as a major public health challenge in China. Community-based, non-invasive screening integrated with metabolic and alcohol risk assessment might offer a crucial opportunity for early detection and targeted interventions to curb the progression to cirrhosis and hepatocellular carcinoma. FUNDING: Zhongda Hospital, School of Medicine, Southeast University.",The lancet. Gastroenterology & hepatology,2026,10.1016/S2468-1253(26)00224-4,,Journal Article,early_risk,PubMed,core,14,prediabetes; early detection; screening; obesity; overweight; hypertension; lipid; cancer
42771547,[Association between anthropometric clinical predictors and HOMA-IR].,"BACKGROUND: The HOMA-IR index is a test that identifies the early risk of developing type 2 diabetes mellitus (T2DM) by measuring insulin resistance (IR); however, these tests are not readily available in primary care settings. Predictors of IR, such as body mass index (BMI) and waist-to-hip ratio (WHR), are useful for the early detection of this risk. OBJECTIVE: To associate anthropometric parameters with HOMA-IR, considering BMI. MATERIAL AND METHODS: A cross-sectional, comparative study was conducted. Serum glucose and insulin concentrations were determined using non-probability convenience sampling and the difference of proportions formula to calculate the HOMA-IR index in 315 adults without diabetes. Anthropometric parameters and visceral fat were considered, and participants were divided into groups according to BMI: normal weight, overweight, and obesity. Differences between groups were determined by Kruskal-Wallis test and the risk of each variable through multiple logistic regression. RESULTS: Of the 315 participants, 57% showed IR; most of them belonged to the overweight and obesity group. Serum insulin concentrations and IR differed significantly among the 3 BMI groups, primarily in the overweight and obesity groups. WHR is a good predictor of risk for IR. CONCLUSIONS: IR can be early detected by using validated indices such as HOMA-IR. At the primary care level, anthropometric parameters such as WHR can be used, as it has proven to be a better predictor of IR, phenomenon that occurs much earlier than hyperglycemia.",Revista medica del Instituto Mexicano del Seguro Social,2026,10.5281/zenodo.21462675,PMC13600744,Journal Article; Comparative Study; English Abstract,early_risk,PubMed,core,14,early detection; early risk; obesity; overweight; body mass index; bmi; insulin resistance
42766657,Association of a multiple risk factor assessment and intervention program with risk of diabetes: A population-based matched cohort study.,"BACKGROUND: Type 2 diabetes incidence remains high among older adults and contributes substantially to morbidity and healthcare burden. Most evidence supporting diabetes prevention derives from intensive lifestyle interventions targeting high-risk individuals under controlled trial conditions. The effectiveness of low-intensity, population-based prevention programs embedded in routine care remains uncertain. We evaluated whether participation in a comprehensive health assessment and counseling program was associated with reduced incidence of diabetes in older adults. METHODS AND FINDINGS: We conducted a population-based matched cohort study including 70-year-old residents of Umeå municipality, Sweden, enrolled between 2012 and 2022 and followed through December 2022. The intervention consisted of a comprehensive health assessment followed by individualized motivational counseling, without structured long-term follow-up. Participants were matched 1:10 to controls from the general Swedish population by birth year, sex, and educational level. Individuals with prevalent diabetes were excluded. The primary outcome was incident diabetes, defined as a first recorded diagnosis in specialist care and/or first dispensed glucose-lowering medication, identified through nationwide health and prescription registers. In total, 6,018 participants and 57,543 matched controls were included. During a mean follow-up of 4.9 years (standard deviation 2.9) in the intervention cohort and 4.8 years (standard deviation 2.9) in the control cohort, diabetes occurred in 335 (5.6%) participants and 3,919 (6.8%) controls. Participation was associated with a lower risk of incident diabetes (adjusted hazard ratio 0.76; 95% confidence interval [0.68,0.85]; p < 0.001). The association remained stable over time. The absolute risk reduction was 1.46 percentage points (95% confidence interval [0.91,1.98]; p < 0.001) at 5 years and 3.42 percentage points (95% confidence interval [2.13,4.75]; p < 0.001) at 10 years. Results were broadly consistent across the examined subgroups. The observational study design limits certainty regarding the intervention's role in the observed association, and voluntary participation in the program may have introduced selection bias, healthy-volunteer effect, and residual confounding. CONCLUSIONS: In this population-based cohort study, participation in a low-intensity preventive health program delivered in routine care was associated with a lower incidence of diabetes among older adults. However, the observational study design limits evidence on the intervention's role in the observed association, and more robust evidence is needed. Nevertheless, these findings suggest that scalable, population-wide prevention strategies may complement intensive high-risk approaches in addressing diabetes in aging populations.",PLoS medicine,2026,10.1371/journal.pmed.1005043,,Journal Article,early_risk,PubMed,core,14,incident diabetes; diagnosis; diabetes prevention; lifestyle; prevention
42717332,Postpartum GLP-1 receptor agonists and SGLT-2 therapies in women with prior gestational diabetes: current evidence and uncertainties.,"BACKGROUND: Gestational diabetes mellitus (GDM) affects approximately 14% of pregnancies and is associated with adverse pregnancy outcomes and a substantially increased risk of long-term cardiometabolic disease. Although glucose levels often normalise postpartum, women with prior GDM have a ten-fold increased risk of developing type 2 diabetes mellitus (T2DM), particularly when early postpartum prediabetes is present. Current prevention strategies, including lifestyle modification and metformin, have in general shown limited effectiveness in this high-risk population. MAIN BODY: Glucagon-like peptide-1 receptor agonists (GLP-1 RA) improve glycaemic control, promote weight loss, and reduce cardiovascular risk in people with T2DM and/or obesity. Given the central role of insulin resistance and weight retention in progression from GDM to T2DM, these therapies represent a promising strategy for postpartum diabetes prevention. However, available evidence in women with prior GDM is limited and largely derived from small, short-term studies not adequately powered to assess sustained diabetes prevention or long-term outcomes. Whether GLP-1 RA therapy should be considered an early preventive strategy in this high risk population remains therefore uncertain. The evidence base is now evolving, with the first large multicentre randomised controlled trial (RCT) with a potent GLP-1 RA in women with early postpartum prediabetes following GDM currently underway. In parallel, sodium-glucose cotransporter 2 (SGLT-2) inhibitors have demonstrated robust cardiovascular and renal benefits in T2DM, independent of glycaemic status, and may offer additional preventive potential. Their insulin-independent mechanism and favourable cardiovascular profile are particularly attractive in women with prior GDM, who face elevated long-term cardiometabolic risk. However, uncertainties persist regarding safety in women of reproductive age, use during lactation, optimal timing, and patient selection, highlighting the gap between therapeutic promise and dedicated postpartum trial data. CONCLUSION: This Debate examines the emerging role of GLP-1 RA and SGLT-2 inhibitors in preventing T2DM after GDM. Despite their potential, important uncertainties remain regarding long-term efficacy and safety. While these therapies may provide a shift beyond lifestyle intervention and metformin, robust trial data and careful consideration of reproductive factors are required before routine implementation. We discuss how pharmacological prevention strategies could be integrated into postpartum care for this high-risk population.",BMC medicine,2026,10.1186/s12916-026-05182-3,PMC13560376,Journal Article; Review,prediabetes_progression,PubMed,core,14,prediabetes; diabetes prevention; obesity; lifestyle; weight loss; insulin resistance; prevention
42787147,Association of the CUN-BAE index with glycemic outcomes in individuals with impaired fasting glucose: a retrospective multicenter Chinese cohort study.,"BACKGROUND: Diabetes mellitus (DM) poses a significant global public health challenge, with impaired fasting glucose (IFG) representing a critical prediabetic state. The Clínica Universidad de Navarra-Body Adiposity Estimator (CUN-BAE) index, a body fat estimator integrating body mass index (BMI), age, and gender, has shown promise in assessing cardiometabolic risk. However, its longitudinal association with bidirectional glycemic transitions, specifically reversion to normoglycemia and progression to DM, in individuals with IFG remains unclear. This study aimed to evaluate the association between baseline CUN-BAE index and glycemic outcomes in a Chinese IFG population. METHODS: This retrospective multicenter cohort study included 26,247 adults with baseline IFG from a health screening program. The CUN-BAE index was calculated using a standardized formula. Cox proportional hazards regression, restricted cubic spline models, and threshold effect analyses were employed to assess associations between the CUN-BAE index and glycemic outcomes, with adjustments for confounders. Subgroup and sensitivity analyses were conducted to verify robustness. RESULTS: Higher CUN-BAE index levels were independently associated with a reduced probability of reversion to normoglycemia (adjusted HR 0.99 per unit increase; 95% CI 0.98-0.99) and an increased risk of DM progression (adjusted HR 1.04; 95% CI 1.03-1.04). Nonlinear relationships were identified, with threshold effects at CUN-BAE index = 24.53 for reversion and CUN-BAE index = 22.51 for progression. The CUN-BAE index quartile analysis demonstrated a graded association, with the highest CUN-BAE index quartile showing a significantly elevated risk of diabetes and a reduced rate of reversion to normoglycemia. CONCLUSION: Higher CUN-BAE index levels are strongly and independently associated with adverse glycemic transitions in IFG individuals, with higher values indicating poorer outcomes. Its nonlinear associations and threshold effects support its utility for risk stratification and personalized intervention strategies in prediabetes management.",Frontiers in nutrition,2026,10.3389/fnut.2026.1813094,PMC13600847,Journal Article,fasting_glucose,PubMed,core,14,prediabetes; fasting glucose; screening; body mass index; bmi
42781555,A Comparative Evaluation of Dapagliflozin and Sulfonylureas in Patients With Type 2 Diabetes Mellitus.,"Introduction Type 2 diabetes mellitus (T2DM) often requires combination therapy when metformin alone fails to achieve adequate glycemic control. Dapagliflozin, a sodium-glucose cotransporter-2 (SGLT2) inhibitor, and glimepiride, a sulfonylurea, are commonly prescribed as add-on therapies. This study compared their efficacy and safety in patients with inadequately controlled T2DM. Methods A nonrandomized prospective observational comparative study was conducted at a tertiary care teaching hospital between April and November 2024. A total of 170 adults with inadequately controlled T2DM receiving metformin (1000 mg) were allocated to receive either dapagliflozin (10 mg) (n=85) or glimepiride (2 mg) (n=85) and were followed for 24 weeks. Primary outcomes included changes in glycated hemoglobin (HbA1c), fasting blood sugar (FBS), and postprandial blood sugar (PPBS). Secondary outcomes included body weight, blood pressure, and adverse events. Results Both treatment groups demonstrated significant improvements in glycemic control over 24 weeks. At study completion, HbA1c was significantly lower in the dapagliflozin group than in the glimepiride group (7.60±0.64% vs. 8.00±0.68%; p=0.01). Glimepiride produced a greater reduction in FBS (101.82±20.65 vs. 115.98±15.09 mg/dL; p<0.001), while PPBS was comparable between groups (p=0.45). Dapagliflozin resulted in significant weight loss and reductions in systolic and diastolic blood pressure, whereas glimepiride was associated with weight gain. Overall, adverse events were more frequent with dapagliflozin, primarily polyuria and genital infections, while hypoglycemia and tremors occurred more frequently with glimepiride. Conclusions Both dapagliflozin and glimepiride were effective as add-on therapy to metformin in improving glycemic control. Dapagliflozin was associated with greater HbA1c reduction, weight loss, lower blood pressure, and a lower risk of hypoglycemia, whereas glimepiride achieved greater fasting glucose reduction. Treatment selection should be individualized based on patient characteristics, comorbidities, and therapeutic goals.",Cureus,2026,10.7759/cureus.115086,PMC13600097,Journal Article,fasting_glucose,PubMed,core,14,hba1c; glycated hemoglobin; fasting glucose; weight loss; blood pressure
42752803,Beyond Traditional Glycemic Measures: CGM Glycemic Profiles Reveal Associations With Cardiometabolic Risk in Individuals Without Diabetes.,"OBJECTIVE: Fasting plasma glucose (FPG) and hemoglobin A1c (HbA1c) may not fully capture the heterogeneity underlying dysglycemia or its associations with cardiometabolic risk factors (CMRFs). We cross-sectionally investigated whether continuous glucose monitoring (CGM) measures and glycemic profiles could reveal 10-year cardiovascular disease (CVD) risk and individual CMRFs among individuals without diabetes. RESEARCH DESIGN AND METHODS: We included 1,356 participants without prevalent diabetes or CVD from the Framingham Heart Study, who wore a blinded Dexcom G6 Pro CGM for up to 10 days. CGM glycemic profiles were characterized using 1) binary classification of glycemic burden and variability and 2) unsupervised clustering of CGM measures. We performed multivariable-adjusted linear and logistic regression models to examine associations of CGM measures and profiles with 10-year CVD risk estimates (PREVENT equations) and individual CMRFs. RESULTS: Participants' mean was age 59.3 years; 55.8% were women, and 92.6% were non-Hispanic White. CGM measures were positively associated with 10-year CVD risk estimates and CMRFs. For example, 1 SD higher percentage of time spent at glucose levels >140 mg/dL (15.4%) was associated with 2% higher 10-year CVD risk estimates and 21-26% higher odds of hypertension and dyslipidemia, even after adjusting for FPG. Glycemic profiles representing higher CGM dysglycemia revealed discordance with traditionally defined glycemic status (FPG and HbA1c). Although 48.1-84.2% of individuals with traditionally defined prediabetes were included in CGM profiles representing higher dysglycemia, such profiles were associated with 6-7% higher 10-year CVD risk estimates, in addition to worse CMRFs. CONCLUSIONS: Glycemic measures reflective of continuous glucose dynamics may provide additional insights into cardiometabolic risk beyond traditional measures.",Diabetes care,2026,10.2337/dc26-1197,,Journal Article,fasting_glucose,PubMed,core,14,prediabetes; hba1c; fasting plasma glucose; hypertension; lipid
42740899,"Early insulin initiation in type 2 diabetes: efficacy, safety, and clinical implications: a systematic review with narrative synthesis.","AIMS/BACKGROUND: Early insulin initiation in type 2 diabetes mellitus (T2DM) is proposed to improve glycemic control, preserve β-cell function, and potentially reduce long-term complications. Evidence suggests that starting insulin within five years of diagnosis may offer additional metabolic benefits, but its clinical impact remains uncertain. This systematic review aimed to evaluate the efficacy, safety, and challenges of early insulin use in T2DM. METHODS: We systematically searched PubMed, Cochrane Library, Scopus, and Controlled Trials Register for studies published from 2010 to 2024, including adults with T2DM who initiated insulin within five years of diagnosis. Sixteen studies met inclusion criteria (9 RCTs, 7 observational), totaling 44, 045 participants. Two reviewers independently extracted data on glycemic outcomes, adverse events, and long-term complications. Risk of bias was assessed using the Cochrane tool for RCTs and the JBI checklist for observational studies. Due to substantial clinical and methodological heterogeneity, a meta-analysis was not performed, and findings were synthesized narratively. RESULTS: Early insulin therapy significantly reduced HbA1c (by 0.8-2.3%, p<0.05) and fasting glucose (by 1.2-2.4 mmol/L). Hypoglycemia occurred in 8-15% of insulin users compared to 3-10% with oral agents; severe episodes were rare (<2%). Weight gain over 2 kg was reported in nearly half of the studies. CONCLUSION: Early insulin initiation improves glycemic outcomes and may preserve β-cell function. However, increased risks of hypoglycemia and weight gain warrant individualized treatment decisions. Future studies should adopt standardized definitions and assess long-term cardiovascular outcomes. SYSTEMATIC REVIEW REGISTRATION: https://www.crd.york.ac.uk/prospero/, identifier CRD42024508356.",Frontiers in endocrinology,2026,10.3389/fendo.2026.1843227,PMC13572116,Journal Article; Systematic Review,fasting_glucose,PubMed,core,14,hba1c; fasting glucose; diagnosis
42714766,Gestational weight loss relative to prepregnancy weight in women with gestational diabetes: impact on maternal and neonatal outcomes.,"PURPOSE: Gestational weight loss (GWL) of overweight or obese women with gestational diabetes (GDM) during the third trimester has been associated with lower risk of macrosomia, caesarean delivery (CS) or neonatal intensive care unit (NICU) admission but with higher risk of preterm delivery (PTD) and small-for-gestational-age (SGA). We studied the association between GWL during the whole pregnancy and perinatal outcomes. METHODS: We conducted a retrospective study of the Portuguese national GDM database including all women with singleton pregnancies diagnosed by 24-28 week OGTT (oral glucose tolerance test) who delivered a liveborn infant and had recorded perinatal outcomes and gestational weight change. GWL was defined as weight loss between the maternal weight at delivery and pregestational weight. RESULTS: Among 7768 women, 180 (2.3%) had GWL; they had higher BMI, more frequent family history of type 2 diabetes, previous GDM, chronic hypertension, multiparity, higher fasting OGTT glucose and more frequent metformin treatment than women without GWL. GWL was associated with higher odds of PTD (OR 2.35, 95%CI 1.40-3.97, p- value = 0.001) and SGA (2.71, 1.70-4.33, p-value < 0.001) and lower odds of CS (0.62, 0.44-0.88, p-value = 0.006) and LGA (0.40, 0.22-0.70, p-value = 0.002), with non significant associations for HDP, NH, RDS and NICU admission. CONCLUSION: GWL was uncommon among women with GDM and was associated with over 2.3-fold higher risk of PTD, 2.7-fold higher risk of SGA newborns, and a 48% lower risk of CS and 60% lower risk of LGA infants.",Endocrine,2026,10.1007/s12020-026-04768-4,6888512,Journal Article,oral_glucose_tolerance,PubMed,core,14,oral glucose tolerance; ogtt; overweight; bmi; weight loss; hypertension; family history
42666198,Association of one-hour postload plasma glucose combined with metabolic dysfunction-associated steatotic liver disease and FIB-4 screening positivity with elevated LDL cholesterol and cerebrovascular stenosis.,"BACKGROUND: Metabolic dysfunction-associated steatotic liver disease (MASLD) is highly prevalent in type 2 diabetes mellitus (T2DM) and amplifies cardiovascular and metabolic burden. Elevated low-density lipoprotein cholesterol (LDL-C) is a key driver of atherosclerotic cerebrovascular stenosis, and MASLD-mediated hepatic lipid dysregulation is closely linked to LDL-C metabolism. One-hour postload plasma glucose (1h-PG) reflects early beta-cell dysfunction and may synergistically contribute to cerebrovascular injury alongside the MASLD/FIB-4 phenotype. METHODS: This single-center retrospective cross-sectional study enrolled 312 treatment-naïve adults with newly diagnosed T2DM, of whom 278 completed a standardized 75-g oral glucose tolerance test (OGTT; age 24-78 years). The primary outcome was ultrasound-confirmed MASLD combined with age-specific FIB-4 screening positivity (age <65 years: FIB-4 ≥1.30; age ≥65 years: FIB-4 ≥2.00). Secondary outcomes included elevated LDL-C (≥3.4 mmol/L) and cerebrovascular stenosis (≥50% luminal narrowing in major intracranial or extracranial arteries). RESULTS: Overall, 199 participants (71.6%) had MASLD and 64 (23.0%) met the primary outcome. Those meeting the primary outcome had significantly higher 1h-PG (17.7 ± 3.7 vs. 14.9 ± 3.8 mmol/L; P<0.001), with an adjusted OR of 1.15 per 1-mmol/L increment (95% CI 1.05-1.26; P = 0.003). Elevated LDL-C was present in 73 participants (26.3%) and cerebrovascular stenosis in 49 (17.6%). The composite group of high 1h-PG (≥Q3) plus MASLD/FIB-4 positivity had the highest stenosis rate (34.8% vs. 6.0%), with an adjusted OR of 2.61 (95% CI 1.23-5.55; P = 0.012). Adding LDL-C attenuated the OR from 3.42 to 2.61 (~24%), indicating partial mediation. The AUC improved from 0.661 (1h-PG alone) to 0.726 (combined model). CONCLUSIONS: In newly diagnosed T2DM, elevated 1h-PG was associated with MASLD/FIB-4 positivity; their combination was further linked to higher LDL-C and increased cerebrovascular stenosis risk, with LDL-C potentially acting as a partial mediator. The combined model showed improved discriminative ability, though validation in larger multicenter cohorts remains warranted.",Frontiers in endocrinology,2026,10.3389/fendo.2026.1887611,PMC13521856,Journal Article,oral_glucose_tolerance,PubMed,core,14,oral glucose tolerance; ogtt; screening; lipid; cholesterol
42654246,Insulin Resistance: Current State of Knowledge and Clinical Implications-Toward a Better Diagnostic Framework and the Question of Its Disease Status.,"Insulin resistance (IR) represents one of the most pressing problems in contemporary public health. Its estimated global prevalence ranges from approximately 15.5% to over 61%, depending on the population studied, the diagnostic criteria applied, and the method used for its assessment. Despite the scale of the problem, IR remains underrecognized and lacks formal definition as a distinct disease entity, even as a growing number of clinicians and researchers worldwide describe it as such. Its asymptomatic or mildly symptomatic course allows it to remain undetected for years, during which it makes a significant contribution to the development of type 2 diabetes, cardiovascular disease (CVD) and metabolic dysfunction-associated steatotic liver disease (MASLD, formerly NAFLD), and has been increasingly linked to cellular senescence, certain cancers, neuropsychiatric disorders, and other metabolic conditions. The aim of this review was to summarize current knowledge on the pathophysiology, diagnosis, and clinical implications of insulin resistance, to discuss current challenges in its diagnosis, and to evaluate whether available scientific evidence supports its recognition as a distinct disease entity. This narrative review is based on clinical, epidemiological, and mechanistic data retrieved from PubMed and Google Scholar. Meta-analyses, systematic reviews, clinical and observational studies, clinical guidelines, and expert position statements were analyzed. Animal studies were excluded to maintain a focus on human public health implications. The diagnostic gold standard-the hyperinsulinemic-euglycemic clamp-was discussed, along with surrogate methods used in clinical practice (HOMA-IR, OGTT with insulin measurements, the TyG index, and the TG/HDL-C ratio). Factors potentially contributing to the pathogenesis of IR were examined, including hyperinsulinemia (HI), high-carbohydrate diets, inflammation, stress, and sleep disturbances, as well as conditions in which IR occurs physiologically. The findings indicate that current evidence supports the need for a clearer clinical and diagnostic framework for insulin resistance and suggest that its recognition as a distinct disease entity could facilitate earlier diagnosis, improve the standardization of clinical management, and enable earlier metabolic intervention. Given the steadily rising prevalence of metabolic disease, systemic efforts directed at the early identification and treatment of IR may be a key component of strategies aimed at reducing the population-level burden of metabolic disease and its negative consequences.",Nutrients,2026,10.3390/nu18162666,PMC13516739,Journal Article; Review,oral_glucose_tolerance,PubMed,core,14,ogtt; diagnostic criteria; diagnosis; diet; insulin resistance; clinical guideline; guideline; cancer
42620256,Adverse cardio-metabolic risk profile and epicardial adiposity in patients with adrenal adenoma: a cross-sectional study.,"BACKGROUND: Mild autonomous cortisol secretion (MACS) is associated with an increased cardiovascular mortality, but even patients with non-functioning adrenal adenoma (NFA) might be at risk for cardio-metabolic comorbidities compared to a control group with absence of an adrenal tumor (CON). MATERIAL AND METHODS: Seventyfour individuals were included in cross-sectional analysis [MACS: n=25(84% females), age: 63(55-67)years, BMI:27.00(24.20-30.50)kg/m2; NFA: n=25(84%females), age: 61(54-68)years, BMI:28.50(27.50-32.20)kg/m2 and CON: n=24 (75%females), age: 58 (51-64)years, BMI: 27.39(22.03-30.17) kg/m2]. Visceral and ectopic fat stores, as well as heart function were assessed by magnetic resonance imaging and spectroscopy. Blood pressure was measured by standardized protocols. Blood was drawn in the fasting state and during an oral glucose tolerance test to assess glucose and lipid metabolism. RESULTS: The prevalence of hypertension (MACS:84% vs NFA:76% vs CON: 43.5%), dyslipidemia (MACS:96% vs NFA:80% vs CON:62.5%) and prediabetes (MACS:56% vs. NFA:72% vs CON:29.2%) was significantly different between the groups. Markers of glucose metabolism were worse in MACS and best in CON (HbA1c: 5.70 (5.40-5.90)% vs 5.50 (5.40-5.80)% vs 5.40 (5.27-5.60)%, p=0.043); HOMA_IR:2.91(2.19-4.15) vs 2.55 (1.57- 4.97) vs 1.73 (1.00-2.61), p=0.007). epicardial adipose tissue area was highest in MACS patients, followed by NFA, with lowest values in CON (MACS:1159.68 (930.38-1454.11) mm2 vs NFA: 873.23 (638.03-1195.33) mm2 vs CON:672.37 (549.44-890.30) mm2, p<0.001). No relevant between-group-differences in cardiac morphology, intramyocardial fat or intrahepatic fat were observed. CONCLUSIONS: In this exploratory study, MACS was associated with epicardial adiposity and an adverse cardio-metabolic risk profile.",Frontiers in endocrinology,2026,10.3389/fendo.2026.1898271,PMC13485594,Journal Article,oral_glucose_tolerance,PubMed,core,14,prediabetes; hba1c; oral glucose tolerance; bmi; hypertension; blood pressure; lipid; tumor
42758599,Longitudinal HbA1c trajectories and clinical prognosis in type 2 diabetes: a population-based cohort study.,"OBJECTIVE: To characterize longitudinal glycated haemoglobin (HbA1c) trajectories before and after the diagnosis of type 2 diabetes and to evaluate their association with major cardiovascular events and all-cause mortality. DESIGN: Retrospective population-based cohort study using Spanish electronic health records. Adults with incident type 2 diabetes diagnosed between 2005 and 2019 were included. Longitudinal HbA1c trajectories were modelled using functional principal component analysis and classified using Gaussian mixture modelling. The primary outcome was a composite of hospital admission for ischaemic heart disease, cerebrovascular disease, and all-cause mortality. Associations were assessed using adjusted Cox proportional hazards models. RESULTS: A total of 264 634 individuals with incident type 2 diabetes and 1 719 720 HbA1c measurements were included. Three distinct HbA1c trajectory classes were identified. Mean HbA1c values remained within the prediabetes range until ~10 years before diabetes diagnosis. The highest risk of the composite outcome was observed in the trajectory class with intermediate, rather than the highest, HbA1c levels. Compared with trajectory class 2, trajectory class 1 was associated with a substantially increased risk of the composite outcome in women (HR: 3.34, 95% CI: 3.18-3.50) and men (HR: 2.93, 95% CI: 2.81-3.05). CONCLUSIONS: The trajectory associated with the greatest risk was not the one with the highest HbA1c levels, but the one characterized by greater baseline clinical vulnerability. The greatest impact of the associations falls on total mortality. These findings highlight the importance of considering long-term glycaemic patterns alongside clinical context when stratifying cardiovascular risk in people with type 2 diabetes.",Postgraduate medical journal,2026,10.1093/postmj/qgag124,,Journal Article,prediabetes_progression,PubMed,core,13,prediabetes; incident type 2 diabetes; hba1c; diagnosis; falls
42743331,Temporal patterns of tuberculosis-associated hyperglycaemia and its effect on treatment outcomes in individuals not previously diabetic: A prospective cohort study.,"BACKGROUND: Active tuberculosis (TB) infection can induce hyperglycaemia and insulin resistance, increasing the risk of type 2 diabetes mellitus and worsening TB disease severity. However, data on the dynamics of TB-associated hyperglycaemia and its effect on TB treatment outcomes among individuals not previously diabetic remain limited, particularly in high TB-burden settings. In this study, we aimed to investigate the prevalence and temporal patterns of TB-associated hyperglycaemia and its impact on disease presentation and TB treatment outcomes among a cohort of individuals not previously diabetic. METHODS: This was a five-month longitudinal prospective cohort study conducted at two urban specialized TB healthcare facilities in Kenya among adults aged >18 years with bacteriologically confirmed pulmonary TB (PTB). Known diabetes mellitus (DM) or prediabetic individuals were excluded during enrolment. Glycaemic status was assessed at baseline and months two and five using glycated haemoglobin (HbA1c) according to the American Diabetes Association guideline. Hyperglycaemia was defined as HbA1c ≥5.7% and categorized as normoglycaemia, persistent, transient, or incident hyperglycaemia based on longitudinal measurements. Socio-demographic and clinical data were collected using a structured questionnaire and analysed using SPSS version 26.0 and GraphPad Prism version 9.0. Longitudinal trends in HbA1c levels and the association of hyperglycaemia with DM-related symptoms, as well as TB treatment outcomes, were assessed using the Friedman test and the Generalized Estimating Equations (GEE), respectively. RESULTS: We enrolled and followed 87 individuals newly diagnosed with PTB. Of these, 66 were tested for hyperglycaemia in month two after 7 died and 14 were lost to follow-up/transferred out (LTFU/TO), and 70 in month 5, after an additional death, 7 re-engagements, and 2 LTFU/TO were reported. At enrolment, the cohort was predominantly male (76%), not married (53%), and HIV-negative (84%), with a median age of 37 years (IQR 29-44). Prevalence of hyperglycaemia at baseline was 75% (95% Confidence Interval [CI] 65-83), with 45% of the individuals presenting as prediabetic and 30% as diabetic. At the month-two and month-five time points, the proportion of participants with prediabetes (pre-DM) increased from 24% (16/66) to 30% (21/70), while the prevalence of DM declined from 21% (14/66) to 9% (6/70). Across the time points, HbA1c levels varied significantly (p < 0.001). In GEE analysis, hyperglycaemic participants were more likely to experience classic symptoms of DM such as frequent micturition (adjusted Relative Risk [aRR] 1.76, 95% CI 1.12-2.77), increased thirst (aRR 2.37, 95% CI 1.38-4.05), unintentional weight loss (aRR 1.84, 95% CI 1.24-2.75), and blurred vision (aRR 1.95, 95% CI 1.20-3.18). After adjusting for age, BMI, HIV, alcohol use, and smoking, hyperglycaemia was independently associated with an increased risk of sputum positivity (aRR 4.22, 95% CI 2.09-8.52). Glycaemic variability was significantly associated with unfavourable TB treatment outcomes (p < 0.001). CONCLUSIONS: New-onset hyperglycaemia was highly prevalent in adults newly diagnosed with TB and persisted through the fifth month of TB treatment. Hyperglycaemia was associated with classic diabetic symptoms and persisting sputum positivity, highlighting the need to integrate glycaemic monitoring and management into routine TB follow-up care.",PloS one,2026,10.1371/journal.pone.0358593,PMC13577521,Journal Article,prediabetes_progression,PubMed,core,13,prediabetes; hba1c; bmi; weight loss; insulin resistance; guideline
42729417,Whole wheat bread improves postprandial glucose tolerance in adults with prediabetes: a controlled-feeding randomized crossover trial with microbiome-associated variation in response.,"BACKGROUND/HYPOTHESIS: Whole grain intake is associated with reduced risk of type 2 diabetes, yet inconsistent findings from randomized trials and substantial interindividual variability suggest that gut microbiota may influence glycemic responses. We hypothesized that whole wheat bread would improve glucose tolerance compared with refined white bread under controlled feeding conditions in adults with prediabetes, and that gut microbial features would be associated with variability in glycemic response. METHODS: In this randomized, controlled crossover trial, adults with prediabetes (n = 39; 34.7 ± 0.9 kg/m2) consumed fully controlled diets differing only in whole wheat (WHEAT) or refined white bread (WHITE) for 2-weeks each, separated by a 2-week washout. Fasting blood and stool samples were collected at baseline and post-intervention, and a 75 g oral glucose tolerance test was performed after each phase. RESULTS: Compared with WHITE, WHEAT reduced postprandial glucose excursion by 27% (p = 0.04), independent of body weight, inflammation, carbonyl stress, and fecal short-chain fatty acids (SCFAs). Fasting glucose and insulin improved over time irrespective of treatment (PTime < 0.05), whereas inflammatory biomarkers, plasma methylglyoxal, and fecal SCFAs did not differ between interventions. Gut microbial α- and β-diversity were unchanged. However, compositional analyses identified directional shifts in selected taxa during WHEAT, including higher relative abundances of Agathobacter, Agathobaculum, and Lachnospiraceae NK4A136 group and lower Streptococcus, Lachnoclostridium, and Mediterraneibacter (nominal p < 0.05). Moderation analysis revealed that baseline abundances of Lachnoclostridium and Lachnospiraceae NK4A136 group predicted postprandial glycemic responses in a diet-dependent manner, identifying distinct microbial profiles associated with greater metabolic benefit from WHEAT relative to WHITE (PInteraction < 0.05). CONCLUSION: Whole wheat bread improves postprandial glucose tolerance in adults with prediabetes while exhibiting microbiome-associated variation in glycemic response. These findings support whole wheat as an effective dietary strategy and highlight baseline gut microbial features as key contributors to inter-individual responses, advancing precision nutrition approaches to whole grain consumption. CLINICAL TRIALS REGISTRATION: ClinicalTrials.gov: NCT05318183.",Frontiers in nutrition,2026,10.3389/fnut.2026.1907908,PMC13562025,Journal Article,prediabetes_progression,PubMed,core,13,prediabetes; fasting glucose; oral glucose tolerance; diet
42763671,Metabolic Predictors and Diagnostic Performance of Fundus Autofluorescence for Diabetic Macular Edema: A Cross-Sectional Diagnostic Accuracy Study Using Swept-Source Optical Coherence Tomography as Reference Standard.,"PURPOSE: To evaluate the diagnostic performance of fundus autofluorescence (FAF) imaging for detecting diabetic macular edema (DME) using swept-source optical coherence tomography (SS-OCT) as the reference standard, and to identify metabolic factors associated with FAF detection accuracy in patients with type 2 diabetes mellitus. PATIENTS AND METHODS: This cross-sectional diagnostic accuracy study enrolled 120 eyes from 68 patients with type 2 diabetes mellitus at the Vitreoretina Subdivision, Department of Ophthalmology, RSUP Dr. Mohammad Hoesin, Palembang, Indonesia, between January 2024 and June 2025. All participants underwent comprehensive ophthalmic examination including FAF imaging and en face SS-OCT (DRI OCT Triton Plus, Topcon). Metabolic parameters including glycated hemoglobin (HbA1c), fasting lipid profile, body mass index (BMI), estimated glomerular filtration rate (eGFR), and diabetes duration were recorded. Diagnostic accuracy indices were calculated using 2×2 contingency tables. Multivariate logistic regression identified metabolic predictors of FAF detection concordance with SS-OCT. RESULTS: DME was present in 78 eyes (65.0%) by SS-OCT. FAF demonstrated sensitivity of 73.1% (95% CI: 61.8-82.5%), specificity of 76.2% (95% CI: 61.5-87.2%), positive predictive value of 85.1%, negative predictive value of 60.4%, positive likelihood ratio of 3.07, negative likelihood ratio of 0.35, and diagnostic odds ratio of 8.68. HbA1c ≥8.5% (OR 3.42, 95% CI: 1.28-9.14, p=0.014), diabetes duration ≥10 years (OR 2.87, 95% CI: 1.15-7.16, p=0.024), and BMI ≥30 kg/m2 (OR 2.31, 95% CI: 0.94-5.68, p=0.068) were independently associated with FAF-OCT concordance. Center-involved DME showed higher FAF sensitivity (82.4%) compared to non-center-involved DME (55.6%, p=0.012). CONCLUSION: FAF imaging demonstrates moderate diagnostic accuracy for DME detection, with performance significantly influenced by metabolic status and DME subtype. Integration of metabolic risk stratification may optimize FAF-based screening in diabetic populations.","Diabetes, metabolic syndrome and obesity : targets and therapy",2026,10.2147/DMSO.S626077,PMC13589541,Journal Article,screening,PubMed,core,13,hba1c; glycated hemoglobin; screening; body mass index; bmi; lipid; egfr
42758305,Menopause hormone therapy and type 2 diabetes risk and prognosis: systematic review and meta-analyses.,"AIMS/HYPOTHESIS: Menopause hormone therapy (MHT) may have effects on metabolic conditions. This study was conducted to systematically review the literature, to summarise and quantify the effect of MHT on glucose or insulin levels and on new-onset type 2 diabetes among women without type 2 diabetes and to summarise and quantify the effect of MHT on glucose, insulin, lipid and blood pressure levels among women with type 2 diabetes. METHODS: Data from six electronic databases (PubMed, Embase, Cochrane, CINAHL, PsyclNFO and MEDLINE) from inception to 29 July 2025 were searched for randomised controlled trials (RCTs) and cohort studies comparing MHT users with non-users among postmenopausal women or women undergoing the menopausal transition. Eligible studies reported the effects of MHT on glucose metabolism, lipid levels or blood pressure in women with or without type 2 diabetes. The risk of bias in RCTs and cohort studies was assessed with version 2 of the Cochrane risk-of-bias for randomised trials (RoB 2) tool and the Risk of Bias in Non-randomised Studies of Interventions (ROBINS-I) tool, respectively. Certainty of evidence (CoE) was assessed with the Grading of Recommendations Assessment, Development and Evaluation (GRADE) approach. Random-effects models were used to estimate the pooled effects. RESULTS: In total, 49 articles (33 reporting on RCTs and 16 on cohort studies) from 15 countries were identified, involving 1,472,277 participants. The study durations ranged from 1 week to 13.2 years for RCTs and from 6 months to 17 years for cohort studies. Seven of these were assessed as having a low risk of bias. Among women without type 2 diabetes, MHT use was associated with small reductions in fasting insulin (11 studies: N=4262, mean difference [MD] -5.90 pmol/l [95% confidence interval (CI) -8.03, -3.77 pmol/l]; high CoE) and in homeostasis model assessment of insulin resistance score (four studies: N=2883, MD -0.21 [95% CI -0.32, -0.09]; moderate CoE), as well as a lower risk of new-onset type 2 diabetes (14 studies: N=1,450,134, risk ratio 0.83 [95% CI 0.75, 0.92]; very low CoE], compared with non-MHT users. Among women with type 2 diabetes, MHT was associated with small reductions in fasting plasma glucose (16 studies: N=1379, MD -1.07 mmol/l [95% CI -1.86, -0.28 mmol/l]; very low CoE), haemoglobin A1c (17 studies: N=15,720, MD -5.47 mmol/mol [-0.50%] [95% CI -8.32, -2.62 mmol/mol (-0.76, -0.24%)]; very low CoE), cholesterol (15 studies: N=907, MD -0.37 mmol/l [95% CI -0.50, -0.24 mmol/l]; low CoE), low-density lipoprotein cholesterol (16 studies: N=961, MD -0.33 mmol/l [95% CI -0.54, -0.13 mmol/l]; low CoE) and systolic blood pressure (nine studies: N=630, MD -3.43 mmHg (-0.46 kPa) [95% CI -4.88, -1.98 mmHg]; low CoE), compared with non-MHT users. CONCLUSIONS/INTERPRETATION: MHT showed small beneficial associations with glucose metabolism among women with and without type 2 diabetes, while the effect size was generally too small to be clinically significant. Future studies are needed to shed more light on the effect of MHT by initiation age. Study limitations include the predominantly single-reviewer screening and assessment, the high risk of bias of the included studies and restricted geographical representation. REGISTRATION: The study protocol was registered with the International Prospective Register of Systematic Reviews (PROSPERO; CRD420251230387). FUNDING: This work was supported by a National Health and Medical Research Council investigator grant (APP2009577).",Diabetologia,2026,10.1007/s00125-026-06856-6,5898980,Journal Article; Review,screening,PubMed,core,13,fasting plasma glucose; screening; blood pressure; insulin resistance; lipid; cholesterol
42792737,Association Between the Triglyceride-to-HDL Cholesterol Ratio and Glycemic Control in Patients with Type 2 Diabetes Mellitus: A Real-World Retrospective Study.,"Background and Objectives: The triglyceride-to-high-density lipoprotein cholesterol ratio (TG/HDL-C) is a simple lipid index associated with insulin resistance and atherogenic dyslipidemia. Previous evidence has supported the TG/HDL-C ratio as a simple surrogate marker of insulin resistance and an adverse metabolic profile. However, its relationship with glycemic control in real-world patients with type 2 diabetes mellitus (T2DM) remains uncertain. This study evaluated the association between the TG/HDL-C ratio and poor glycemic control in patients with T2DM. Materials and Methods: This retrospective observational study included patients with T2DM followed in outpatient clinics. Poor glycemic control was defined as glycated hemoglobin A1c (HbA1c) ≥ 7%. The association between the TG/HDL-C ratio and glycemic control was assessed using group comparisons, Spearman correlation, tertile analysis, and multivariable logistic regression adjusted for age, sex, LDL-C, total cholesterol, insulin use, statin use, and fenofibrate use. Receiver operating characteristic (ROC) analysis was used to evaluate the discriminatory performance of the TG/HDL-C ratio for identifying poor glycemic control. A sensitivity analysis was performed after excluding patients receiving fenofibrate. Results: A total of 1001 patients with T2DM were included, of whom 568 (56.7%) had poor glycemic control. The mean age was 60.9 ± 11.4 years, and 57.1% of participants were women. The poor- and adequate-glycemic-control groups were comparable with respect to age and sex. The TG/HDL-C ratio was higher in patients with HbA1c ≥7% than in those with HbA1c < 7% [3.35 (2.35-5.00) vs. 2.74 (1.87-3.82), p < 0.001] and increased progressively across tertiles. In multivariable analysis, the TG/HDL-C ratio remained associated with poor glycemic control after adjustment for available covariates (OR: 1.201, 95% CI: 1.125-1.282, p < 0.001). The association remained significant after excluding fenofibrate users. ROC analysis showed modest discrimination (AUC: 0.601, 95% CI: 0.566-0.636). Conclusions: The TG/HDL-C ratio was associated with poor glycemic control in patients with T2DM, showing a graded association across tertiles. However, its standalone discriminatory performance is modest. Given its modest discriminatory performance, the TG/HDL-C ratio should not be considered a standalone diagnostic or predictive tool for poor glycemic control; rather, it may serve as an accessible adjunctive metabolic marker associated with an adverse glycemic and lipid profile.",Biomedicines,2026,10.3390/biomedicines14091995,PMC13604466,Journal Article,diagnosis,PubMed,core,13,hba1c; glycated hemoglobin; insulin resistance; lipid; triglyceride; cholesterol
42739203,Ferritin and Soluble Transferrin Receptor Beyond Inflammation: Independent Associations with Fasting Glucose and Metabolic Syndrome in a Central Asian Cohort.,"Background/Objectives: Metabolic syndrome (MetS) is a major global public health concern associated with an increased risk of cardiovascular disease and type 2 diabetes mellitus. Iron metabolism has been implicated, but the storage (ferritin) and functional (soluble transferrin receptor, sTfR) axes are rarely assessed within a single model. We aimed to determine whether both axes are independently associated with glycaemia and MetS and to evaluate their diagnostic value. Materials and Methods: A cross-sectional study was conducted in 297 adults (72.8% women) from Turkestan, Kazakhstan. Hierarchical regression models with sequential adjustment were applied for age, sex, body mass index (BMI), high-sensitivity C-reactive protein (hs-CRP), dietary inflammatory index (DII), HFE H63D genotype, and gamma-glutamyl transferase (GGT). Path analysis and receiver operating characteristic (ROC) analysis were also performed. Results: Ferritin and sTfR were independently associated with fasting glucose (β = 0.27 and 0.73, respectively) and metabolic syndrome (OR = 1.52 and 4.53, respectively). When analyzed separately, neither biomarker reached statistical significance for MetS (ferritin: OR = 1.20, p = 0.140; sTfR: OR = 1.93, p = 0.072). Ferritin demonstrated no discriminatory ability in men (AUC = 0.500, 95% CI 0.370-0.630) and modest discrimination in women (AUC = 0.652, 95% CI 0.571-0.732). GGT accounted for approximately 28% of the ferritin-glucose association in a path-analytic model. Ferritin, GGT, and HbA1c levels increased progressively even among individuals with 0-2 MetS components. Conclusions: Both the storage and functional axes of iron metabolism provide independent information on glycaemic status, but their associations become apparent only when assessed simultaneously. Ferritin alone is not suitable as a diagnostic marker for metabolic syndrome.","Diagnostics (Basel, Switzerland)",2026,10.3390/diagnostics16172773,PMC13565190,Journal Article,fasting_glucose,PubMed,core,13,hba1c; fasting glucose; body mass index; bmi; diet; metabolic syndrome
42764073,Risk prediction models for incident type 2 diabetes: A scoping review and an update to a systematic review.,"Early identification of high-risk individuals is key for type 2 diabetes prevention. This study combines a scoping review of historical risk prediction models with a systematic review update of recent models (2019-2026) to map methodological evolution, geographical trends, and reporting quality. PubMed was searched for existing systematic reviews (1993-January 2026) for the scoping review, and for new primary studies (November 2019-January 2026) to update prior evidence. Original English-language regression-based prediction models for incident type 2 diabetes in adults were included; validation studies, machine-learning models, and non-original publications were excluded. Data were synthesised narratively and descriptively, with quality assessed using CHARMS, TRIPOD, and PROBAST. The scoping review synthesised 50 primary studies (median n = 5,217; follow-up 7 years); internal validation was reported in 84.0% versus 16.0% external, and AUC in 90.0%. The systematic update identified 20 new studies (median n = 8,879; follow-up 8.7 years); internal and external validation were respectively reported in 55.0% and 50.0%, calibration in 75.0%, and AUC in 75.0%. Risk of bias remained high in 85.0% of updated studies. Discrimination reporting is now standard, but external validation, calibration, and risk-of-bias reporting remain inconsistent. Future models should prioritise external validation and evaluation in diverse populations before clinical implementation.",Diabetes research and clinical practice,2026,10.1016/j.diabres.2026.113576,,Journal Article; Review,risk_prediction,PubMed,core,13,incident type 2 diabetes; risk prediction model; diabetes prevention; prevention
42722448,Diabetes related genetics and outcomes after total pancreatectomy with islet autotransplantation.,"CONTEXT: Approximately 20% of patients with chronic pancreatitis achieve insulin independence one year after total pancreatectomy with islet autotransplantation (TPIAT), an outcome associated with younger age and lower pre-transplant HbA1c. The contribution of diabetes-related genetics to TPIAT outcomes is unknown. Genetic risk scores (GRS) are associated with C-peptide levels in type 1 (T1D) and type 2 (T2D) diabetes. OBJECTIVE: To evaluate whether T1D and T2D GRS and partitioned metabolic polygenic scores (PGS) are associated with diabetes before TPIAT and metabolic outcomes one year after transplant. METHODS: We genotyped 318 patients with chronic pancreatitis undergoing TPIAT in the multicenter ""Advancing Treatment for Pancreatitis: A Prospective Observational Study of TPIAT"" using a global screening array. Regression models assessed associations of T1D- and T2D-GRS and metabolic PGS with diabetes outcomes one year after TPIAT. RESULTS: Participants were 29±17 years old, 61% female, 84% non-Hispanic White, and 13% had diabetes prior to transplant. T2D-GRS was higher among those with pre-TPIAT diabetes (-0.6±0.3 versus -0.8±0.2, p=0.003) and was associated with higher pre-transplant HbA1c (β=0.19 % per 1-SD [95% CI:0.04, 0.33], p = 0.011). Adjusted for genotype-derived ancestry and islet equivalents/kg, the beta-cell PGS was associated with higher insulin dose (β=0.05 units/kg/day per 1-SD, [95%CI:0.01, 0.09], p=0.016) and higher insulin dose adjusted A1c (IDAA1c) (β=0.34[95%CI:0.03, 0.67], p=0.029) 1-year post-transplant. The lipodystrophy PGS was associated with higher IDAA1c (β=0.38 [95%CI:0.06, 0.69], p=0.019) and lower fasting C-peptide (β=-0.09 [95%CI:-0.18, 0], p=0.041) at 1 year. CONCLUSIONS: T2D genetic risk is associated with diabetes prior to TPIAT, and beta cell and lipodystrophy PGS are associated with post-TPIAT diabetes outcomes. Diabetes-related genetics may influence transplantation outcomes and inform metabolic heterogeneity.",The Journal of clinical endocrinology and metabolism,2026,10.1210/clinem/dgag355,,Journal Article,risk_prediction,PubMed,core,13,risk score; hba1c; screening; genetic
42713515,"Routine biochemical indices for hepatometabolic stratification across the dysglycaemia spectrum: insulin resistance, fibrosis scores, and machine-learning integration.","OBJECTIVES: To evaluate the behaviour of insulin resistance indices and non-invasive liver fibrosis scores across the dysglycaemia spectrum using routine laboratory data. METHODS: This retrospective observational study included 1,949 outpatients with complete biochemical profiles. Patients were classified into five groups according to fasting plasma glucose and HbA1c: group A (normoglycaemia), group B (isolated impaired fasting glucose), group C (isolated elevated HbA1c), group D (combined impairment), and group E (type 2 diabetes mellitus, T2DM). Insulin resistance indices (HOMA-IR, HOMA-β, QUICKI, TyG), liver fibrosis scores (FIB-4, APRI, m-APRI, Forns), and inflammatory markers (CRP, ferritin) were compared across groups. Discriminative performance was assessed using ROC analysis for the identification of T2DM (group E vs. groups A-D) and early dysglycaemic impairment (group D vs. group A). Support vector machine (SVM) models integrating the best-performing indices were constructed with adjustment for age and sex. RESULTS: Insulin resistance indices, fibrosis scores, and CRP showed progressive deterioration across worsening glycaemic stages (p<0.001). TyG showed the highest individual discriminative performance for identifying T2DM (AUC=0.90), whereas QUICKI performed best for detecting combined early glycaemic impairment (AUC=0.78). Among fibrosis scores, the Forns index showed the strongest discriminative capacity (AUC=0.67-0.74) and the broadest correlations with metabolic and inflammatory parameters. SVM models integrating insulin resistance and fibrosis indices improved classification performance compared with individual markers alone (AUC=0.87-0.93). CONCLUSIONS: TyG and the Forns index support laboratory-based hepatometabolic stratification across the dysglycaemia spectrum using routine analytical data.",Advances in laboratory medicine,2026,10.1515/almed-2026-0066,PMC13552813,Journal Article,risk_prediction,PubMed,core,13,hba1c; fasting plasma glucose; fasting glucose; insulin resistance
42760714,Age- and sex-specific associations between thyroid function and diabetes in Korean adults: A nationwide cross-sectional study.,"Thyroid dysfunction and diabetes mellitus (DM) are two common endocrine disorders that share overlapping metabolic pathways. While several studies have explored the association between thyroid function and DM, findings have been inconsistent. Specifically, both elevated and suppressed thyroid-stimulating hormone (TSH) have been variably reported as risk or protective factors for diabetes, and the contribution of thyroid autoimmunity (thyroid peroxides antibody, TPOAb) to diabetes risk remains particularly contested across study populations. This study aimed to evaluate the relationship between thyroid function markers-TSH, free thyroxine (free T4), and TPOAb - and the presence of diabetes in Korean adults. This cross-sectional study analyzed data from 4910 adults aged 19 years or older who participated in the Korea National Health and Nutrition Examination Survey (KNHANES VI) from 2013 to 2015. Serum levels of TSH, free T4, and TPOAb were measured, and DM was defined based on fasting glucose levels, use of antidiabetic medication, or self-reported diagnosis. As KNHANES does not classify diabetes by etiological subtype, the DM group predominantly reflects type 2 diabetes, consistent with its overwhelming predominance among Korean adults; type 1 diabetes could not be separately identified. Multivariable logistic regression was used to estimate odds ratios (ORs) and 95% confidence intervals (CIs) for diabetes across thyroid function categories, with subgroup analyses by age and sex. High TSH levels were significantly associated with an increased risk of diabetes (OR = 2.82; 95% CI: 1.26-6.32), especially in men under 65 years (OR = 5.10; 95% CI: 1.65-15.77). Low TSH levels were inversely associated with diabetes risk (OR = 0.35; 95% CI: 0.15-0.86). Low free T4 levels were also linked to an increased risk (OR = 2.08; 95% CI: 1.16-3.75), particularly in younger men. TPOAb positivity showed no significant overall association with diabetes, although a potential protective trend was observed in older men. Altered thyroid function, especially high TSH and low free T4 levels, is associated with increased diabetes risk in Korean adults. These findings suggest the clinical utility of thyroid function screening in diabetes risk assessment and highlight the need for further longitudinal research.",Medicine,2026,10.1097/MD.0000000000050697,PMC13593317,Journal Article,early_risk,PubMed,core,12,fasting glucose; diagnosis; screening
42750540,Predicting the Long-Term Risk of Type 2 Diabetes and Cardiovascular Disease With Orforglipron in People With Overweight or Obesity: A Post Hoc Analysis of the ATTAIN-1 Trial.,"OBJECTIVE: To assess change in long-term predicted 10-year cardiometabolic risk (Type 2 diabetes [T2D] and cardiovascular disease [CVD]) in adults with overweight or obesity without T2D. METHODS: This post hoc analysis used data from ATTAIN-1, a Phase 3 trial in adults (≥ 18 years) with obesity (BMI ≥ 30 kg/m2) or overweight (BMI ≥ 27 kg/m2 with ≥ 1 obesity-related complication) without T2D. Participants received orforglipron 5.5 mg, 9 mg, or 17.2 mg, or placebo for 72 weeks. Changes in predicted risk from baseline to 72 weeks were assessed using three validated risk prediction engines: Cardiometabolic Disease Staging (T2D risk), Framingham (total CVD risk), and PREVENT (total CVD, ASCVD, and HF risk). Mixed models for repeated measures compared change from baseline risk scores between groups. RESULTS: At week 72, mean relative reduction from baseline (median baseline scores: 16.0%-17.3%) in T2D risk score was significantly greater with orforglipron than placebo (-48.6% to -59.4% vs. -10.5%; p < 0.0001; HR-range 0.43-0.55). Using Framingham, at week 72, orforglipron was associated with a significant decrease in mean absolute change in total CVD risk vs placebo (-0.6% to -1.00% vs. +0.6%; p < 0.0001; HR range: 0.82-0.87). Similarly, at week 72, orforglipron was associated with reduced predicted ASCVD, HF, and total CVD risks compared to placebo, assessed using PREVENT (p < 0.0001). CONCLUSIONS: In this post hoc analysis, once-daily oral orforglipron was associated with statistically significant improvements in predicted 10-year risk of incident T2D and CVD compared with placebo over 72 weeks using three validated risk prediction models. TRIAL REGISTRATION: ATTAIN-1: NCT05869903.","Diabetes, obesity & metabolism",2026,10.1111/dom.71322,,Journal Article,early_risk,PubMed,core,12,risk prediction model; risk score; obesity; overweight; bmi
42763677,Effectiveness of Structured Education Programmes on Diet and Exercise for Preventing Type 2 Diabetes in Adults With Prediabetes: A Systematic Review.,"Diet and exercise can prevent or delay progression from prediabetes to type 2 diabetes mellitus, but lifestyle advice in routine care may be brief, inconsistent, or unstructured. This systematic review assessed whether structured education programmes on diet and exercise are more effective than usual care, standard advice or less intensive lifestyle intervention in preventing or delaying type 2 diabetes among adults with prediabetes. The review was conducted in accordance with Preferred Reporting Items for Systematic Reviews and Meta-Analyses (PRISMA) guidance and registered in PROSPERO (CRD42023484038). CINAHL (Cumulative Index to Nursing and Allied Health Literature), Embase, Ovid MEDLINE, Web of Science and Google Scholar were searched for English-language studies from database inception to July 2026. Randomised and cluster-randomised controlled trials involving adults with prediabetes, impaired glucose tolerance, or impaired fasting glucose were included if they compared structured education focused on diet, exercise or both with usual care, standard advice or a less intensive intervention. Data were synthesised narratively. Eighteen randomised or cluster-randomised controlled trials met the inclusion criteria. Most studies reported favourable effects of structured education on diabetes incidence, glycaemic indices and weight-related outcomes compared with usual care or less intensive lifestyle advice, while effects on cardiovascular risk markers were less consistent. Structured education on diet and exercise appears more effective than usual care or less intensive lifestyle advice in preventing or delaying type 2 diabetes among adults with prediabetes.",Cureus,2026,10.7759/cureus.114859,PMC13589475,Journal Article; Review,prediabetes_progression,PubMed,core,12,prediabetes; fasting glucose; exercise; diet; lifestyle
42798681,Necrotizing Oesophagitis Associated with Ketoacidosis: A Case Series Exploring the Diagnostic Dilemma of Metabolic Overlap Syndromes.,"BACKGROUND: Necrotizing esophagitis, or acute esophageal necrosis (AEN), is a rare but serious cause of upper gastrointestinal bleeding, typically associated with critical illness. While traditionally linked to hypoperfusion states, its occurrence in metabolic emergencies-particularly where diabetic ketoacidosis (DKA), alcoholic ketoacidosis (AKA), and starvation ketosis overlap-remains underrecognized. MATERIALS AND METHODS: We present a case series of four patients admitted to a rural Indian hospital with upper gastrointestinal bleeding in the setting of severe metabolic derangement, all diagnosed with AEN on upper gastrointestinal endoscopy. RESULTS: Case 1 involved a patient with type 2 diabetes and chronic alcohol use presenting an ""overlap syndrome"" with extreme lactate elevation (11.6 mmol/L), biochemical pancreatitis (lipase 534 IU/L), and normal ultrasound. Case 2 demonstrated ""pseudo-DKA"" with normal glycated hemoglobin (HbA1c) (5.9%) and acute pancreatitis [lipase 1,946 IU/L, computed tomography (CT)-confirmed]. Case 3 represented a ""cytokine tsunami"" with thyroid storm, DKA, and multi-drug resistant (MDR) sepsis culminating in grade D necrotizing esophagitis. Case 4 illustrated ""two hits from the same bottle""-AKA with portal hypertensive gastropathy (PHG). All patients improved with conservative management. No deaths occurred. CONCLUSION: Acute esophageal necrosis should be considered when upper GI bleeding complicates ketoacidosis. The underlying etiology is often multifactorial, requiring clinicians to look beyond simple diagnostic labels. Recognizing distinct clinical patterns-overlap syndromes, pseudo-DKA, cytokine storms, and dual alcohol-related pathologies-may aid in early diagnosis and severity assessment in resource-limited settings.",Euroasian journal of hepato-gastroenterology,2026,10.5005/jp-journals-10018-1507,PMC13612712,Journal Article,diagnosis,PubMed,core,12,hba1c; glycated hemoglobin; diagnosis
42740863,"Risk factors for incident type 2 diabetes among adults with impaired fasting glucose: a comparison of three regression models accounting for competing mortality in Liuzhou, Guangxi, China.","OBJECTIVES: Impaired fasting glucose (IFG) is a prediabetic precursor of type 2 diabetes (T2DM). Few long-term cohorts with substantial competing mortality compare risk estimates from logistic, Cox and Fine-Gray regression. This study aimed to examine cross-model discrepancies and demonstrate model-dependent bias in IFG risk inference. METHODS: We followed 913 Chinese IFG adults recruited in Liuzhou, Guangxi (2004-2008) for up to 20 years until 31 December 2024 (median 17.83 years). Three regression models were used to identify fully adjusted T2DM predictors. RESULTS: Fasting glucose, body fat percentage and older age were consistent positive predictors; female sex was persistently protective. Body mass index (BMI) ≥28 kg/m2 and waist-to-hip ratio showed divergent results across models. Hypertension lacked independent effects in all models, and enrollment year was significant only in Cox regression. CONCLUSIONS: Statistical model choice alters risk factor conclusions in IFG cohorts with high competing mortality. Joint interpretation of complementary regression methods is recommended.",Preventive medicine reports,2026,10.1016/j.pmedr.2026.103616,PMC13572089,Journal Article,fasting_glucose,PubMed,core,12,incident type 2 diabetes; fasting glucose; body mass index; bmi; hypertension
42738624,Phytochemical Characterization of Freeze-Dried Stenocereus stellatus Seeds and Their Antihyperglycemic Activity in Experimental Prediabetes and Type 2 Diabetes.,"BACKGROUND: Prediabetes and type 2 diabetes (T2D) are characterized by progressive impairment of glucose homeostasis. This study aimed to expand the phytochemical profile of freeze-dried Stenocereus stellatus (red tunillo) seeds and evaluate their antihyperglycemic activity in experimental models of prediabetes (PDB) and T2D. RESULTS: Phytochemical screening and UPLC-QTOF-MSE revealed a chemically diverse profile. Six chromatographic features were putatively annotated on the basis of accurate mass, elemental composition, isotopic pattern, and high-energy data; the confidence of these annotations varied among features because authentic standards were not analyzed. Fourteen-day oral administration of freeze-dried seeds reduced blood glucose and improved glucose tolerance in prediabetic rats. In T2D rats, treatment reduced hyperglycemia and enhanced the glucose-lowering response to exogenous insulin, although the overall glucose excursion during the OGTT was not significantly improved. METHODS: Female rats with PDB and male rats with T2D were fed freeze-dried S. stellatus seeds at 100 and 200 mg kg-1, respectively, for 14 consecutive days. CONCLUSIONS: Freeze-dried S. stellatus seeds showed antihyperglycemic activity in both experimental models. Further quantitative, mechanistic, and long-term studies are required to define the contribution of individual metabolites and assess translational relevance.","Molecules (Basel, Switzerland)",2026,10.3390/molecules31172964,PMC13567401,Journal Article,oral_glucose_tolerance,PubMed,core,12,prediabetes; ogtt; screening
42699490,Big Data and Diabetes: Seven-Year Data from Pakistan's Nation-Wide Laboratory Network.,"INTRODUCTION: Diabetes has become a prominent worldwide public health issue, with its prevalence notably higher in lower middle-income countries. Pakistan ranks third globally in terms of number of individuals diagnosed with Type 2 Diabetes Mellitus and have highest prevalence of diabetes throughout the world. The objective of current study was to assess the frequency of diabetes in relation to demographics utilizing laboratory data of individuals residing in Pakistan. METHODS: Biochemical data of HbA1c, fasting and random plasma glucose, and oral glucose tolerance test were retrieved from Laboratory Information System analyzed in Pathology and Laboratory Medicine department from Jan 2016 to Dec 2022. Specimens were received from Aga Khan University laboratories' network, which is spread over the country. For interpretation of biochemical tests' values American Diabetes Association (ADA) criteria was applied. RESULTS: After removal of duplicates and missing data, the final sample included 4,260,171 unique individuals. Diabetes was present in 35.9% of the overall population, with the highest incidence (55.6%) recorded in males aged 35 to 59 years. Diabetes was significantly associated with advancing age and gender (p<0.001). Individuals who had the fasting blood glucose ≥ 126 mg/dl were (n=372,050), HbA1c exceeding 6.5% were (n=762,940) the random blood glucose ≥ 200 mg/dl were (n=128,820), OGTT level ≥ 200 mg/dl were (n=487) and diabetes confirmed with more than one diagnostic test were (n=505,609). CONCLUSION: The study, based on dataset of around 4.2 million individuals, revealed an overall diabetes frequency of 35.9%, with highest prevalence in middle-aged group (55.6%), and significant associations with both advancing age and gender.",EJIFCC,2026,,PMC13543477,Journal Article,oral_glucose_tolerance,PubMed,core,12,hba1c; oral glucose tolerance; ogtt
