pmid,title,abstract,journal,year,doi,pmcid,publication_types,topic,source,triage_category,triage_score,matched_terms
42754851,Nutrigenomics in the prevention and management of type 2 diabetes and obesity: A systematic review of clinical trials.,"BackgroundThe increasing global burden of obesity and type 2 diabetes mellitus (T2DM) poses a major public health challenge. Nutrigenomics has emerged as a promising approach for managing these metabolic diseases through specific gene-diet interactions.AimThis systematic review aimed to synthesize evidence on the effects of nutrigenomics in the prevention and management of obesity and T2DM in human populations.MethodsAn extensive search was performed across four databases from inception to June 2025. Eligibility criteria were: randomized controlled trials (RCTs), participants with obesity (body mass index (BMI): 25-40 kg/m2), prediabetes, and/or diagnosed with T2DM, nutrigenomics-based dietary intervention studies, and reporting obesity or diabetes management as the primary outcome. Risk of bias (RoB) was assessed using the RoB visualization tool. Narrative evidence synthesis was done owing to heterogeneity in study populations, genotypes, diet-gene associations, and outcome measures.SummaryOf 1278 articles screened, six RCTs met the eligibility criteria. The included studies demonstrated that nutrigenomics-based dietary interventions and related molecular responses may influence obesity and T2DM-related outcomes. Specific genetic variants, including APOA2, Melatonin receptor 1B (MTNR1B), Circadian locomotor output cycles kaput (CLOCK), and PP2C domain-containing protein phosphatase 1K (PPM1K), as well as molecular response markers such as RIPK3 and RNF216, were associated with changes in weight, BMI, waist circumference, and insulin sensitivity following dietary interventions. RoB analysis revealed that only one study (16.7%) demonstrated low RoB. The findings suggest a potential role for nutrigenomics in the prevention and management of obesity and T2DM; however, more robust and standardized RCTs are needed.",Nutrition and health,2026,10.1177/02601060261487857,,Journal Article; Review,prediabetes_progression,PubMed,supporting,13,prediabetes; obesity; body mass index; bmi; diet; genetic; waist circumference; prevention
42758219,Adolescent Obesity: A Stepwise Clinical Approach.,"Adolescent obesity is one of the most pressing pediatric public health challenges of this generation, with a near tripling of prevalence over three decades. Most adolescents with obesity have an exogenous cause, but a small proportion harbor pathological causes that warrant timely recognition. The Indian context is distinctive as complications develop at lower BMI thresholds, low birth weight and a family history of type 2 diabetes are key predictors of metabolic risk, and metabolically healthy obesity is observed in around 40% of obese children. Stepwise evaluation distinguishing exogenous from pathological causes, followed by screening for metabolic and mechanical complications, provides cost-effective assessment. Management combines structured lifestyle change with judicious pharmacotherapy and bariatric surgery in carefully selected adolescents. Prevention strategies anchored in early-life nutrition, physical activity, sleep, and screen-time regulation remain the cornerstone of long-term control.",Indian journal of pediatrics,2026,10.1007/s12098-026-06466-5,4481652,Journal Article; Review,screening,PubMed,supporting,12,screening; obesity; bmi; physical activity; lifestyle; family history; prevention
42776469,Associations between intuitive eating and health behaviors and physical health in U.S. adults.,"Intuitive eating is a non-diet approach that emphasizes eating in response to hunger and fullness cues that has potential as a sustainable health promotion framework. Although research demonstrates that intuitive eating is strongly associated with psychological health, less is known about its associations with health behaviors and physical health. We examined how intuitive eating related to lifestyle behaviors and chronic disease diagnosis in a large, diverse U.S. adult sample. Adults aged ≥ 18 years residing in the U.S. were recruited from CloudResearch's Connect platform to complete a cross-sectional online survey on self-reported stress, health behaviors, and current or previous chronic health conditions. Regression models adjusting for age, sex, and race/ethnicity were conducted. Our sample (N = 1057; Mage = 36 ± 11 years) was 52% female and diverse across race/ethnicity (13% Asian/Hawaiian/Pacific Islander, 21% Black, 18% Latine, 58% White) and socioeconomic status (e.g., 30% food insecure). Higher intuitive eating scores were associated with greater physical activity (p = .01), more sleep (p < .001), and self-reported health (p < .001) and lower self-reported stress (p < .001). Intuitive eating was not significantly associated with fruit/vegetable intake or substance use. However, it was associated with lower odds of current or previous hypertension (p < .001), hyperlipidemia (p < .001), and type 2 diabetes (p = .01), with small to moderate effects. Findings suggest that intuitive eating is not only associated with psychological health, but also health-promoting behaviors and reduced odds of cardiometabolic conditions. Although longitudinal and intervention studies are needed, results highlight intuitive eating as a promising framework for chronic disease prevention and health promotion.",Journal of behavioral medicine,2026,10.1007/s10865-026-00712-z,8338737,Journal Article,prevention,PubMed,supporting,12,diagnosis; physical activity; diet; lifestyle; hypertension; lipid; prevention
42796297,"Type 2 Diabetes, Visceral Adiposity, and Carotid Intima-Media Thickness in Hospitalized Adults: A Retrospective Cross-Sectional Analysis.","Background and Objectives: Type 2 diabetes mellitus (T2DM), visceral adiposity, and hypertension frequently coexist, but their independent associations with carotid intima-media thickness (cIMT) remain uncertain. We compared cardiometabolic profiles by diabetes status and evaluated adjusted associations with cIMT. Materials and Methods: This retrospective cross-sectional study included 147 adults admitted to Clinical CF Hospital Timișoara between 1 July 2025 and 30 June 2026. Bilateral cIMT was available in 141 patients. Group comparisons, Spearman correlation, and heteroscedasticity-robust multivariable linear regression were performed. Results: T2DM was present in 39 patients (26.5%), hypertension in 125 (85.0%), and obesity in 120 (81.6%). Compared with participants without diabetes, those with T2DM had higher homeostasis model assessment of insulin resistance (HOMA-IR; 4.11 vs. 3.08; p = 0.005) and fasting glucose (6.60 vs. 5.06 mmol/L; p < 0.001), but lower total cholesterol (205.2 vs. 225.9 mg/dL; p = 0.009) and non-high-density lipoprotein cholesterol (156.5 vs. 176.6 mg/dL; p = 0.006). These lower lipid values may reflect treatment or other residual confounding and should not be interpreted as an intrinsic T2DM phenotype. Mean cIMT was numerically higher in T2DM (0.619 vs. 0.592 mm; p = 0.284). Visceral fat area correlated with cIMT before adjustment (ρ = 0.237; p = 0.005), but not after adjustment. Age (β = 0.057 mm/decade; p < 0.001) and hypertension (β = 0.046 mm; p = 0.042) retained adjusted associations with cIMT. Conclusions: T2DM identified metabolic dysregulation, whereas age and hypertension showed the strongest adjusted associations with cIMT. Visceral adiposity showed an unadjusted but not independent association, supporting comprehensive cardiovascular risk assessment and rigorous blood pressure management.","Medicina (Kaunas, Lithuania)",2026,10.3390/medicina62091690,PMC13609201,Journal Article,early_risk,PubMed,supporting,11,fasting glucose; obesity; hypertension; blood pressure; insulin resistance; visceral adiposity; lipid; cholesterol; carotid
42769838,Triglyceride-glucose index as a biochemical predictor of hypertension in patients with type 2 diabetes and prediabetes: Evidence from the NHANES database.,"BACKGROUND: The triglyceride-glucose (TyG) index, derived from fasting triglyceride and glucose levels, has emerged as a reliable biochemical marker of insulin resistance. However, its relationship with hypertension (HTN) in diabetic and prediabetic populations remains insufficiently studied. METHODS: Using data from 2,440 adults in the U.S. National Health and Nutrition Examination Survey (NHANES, 2011-2018), we investigated the association between the TyG index and HTN. Biochemical assays included enzymatic measurement of serum triglycerides (Beckman Coulter DxC800) and plasma glucose (hexokinase-based methods on Roche Cobas systems), from which the TyG index and related indices (TyG-BMI, TyG-WC, TyG-WHtR) were calculated. Logistic regression models adjusted for demographic, anthropometric, and biochemical covariates were used to estimate odds ratios (OR) for HTN risk. RESULTS: Participants with HTN exhibited significantly higher TyG index levels compared with non-hypertensives (8.44 vs. 8.38, P&lt; 0.01). In fully adjusted models, each unit increase in TyG was associated with a 31% higher risk of HTN (OR = 1.31, 95% CI: 1.02-1.69). Stratified analyses revealed significant associations among Mexican Americans and individuals without prior cardiovascular or hepatic disease. TyG-WC and TyG-WHtR indices also correlated positively with HTN risk, whereas TyG-BMI did not. CONCLUSIONS: Elevated TyG index and related biochemical indices are independently associated with increased HTN risk among individuals with diabetes or prediabetes. As a simple and reproducible biochemical parameter, the TyG index may serve as a valuable tool in laboratory medicine for early HTN risk identification and prevention strategies.",Journal of medical biochemistry,2026,10.5937/jomb0-61307,PMC13592863,Journal Article,prediabetes_progression,PubMed,supporting,11,prediabetes; bmi; hypertension; insulin resistance; triglyceride; prevention
42795278,Feasibility of Multi-Wavelength LED Irradiation on the Skull and Preliminary Glycemic Outcomes in Individuals with Type 2 Diabetes: A Prospective Pilot Study.,"BACKGROUND: Type 2 diabetes mellitus (T2DM) is a chronic metabolic disorder characterized by impaired glucose homeostasis, insulin resistance, and progressive β-cell dysfunction. Increasing evidence suggests that glucose homeostasis is regulated not only by peripheral metabolic organs but also by central nervous system and autonomic pathways. Photobiomodulation (PBM) has been reported to modulate mitochondrial function, oxidative stress, vascular responses, and neural activity; however, its potential influence on glycemic outcomes remains largely unexplored. OBJECTIVE: This prospective pilot study aimed to evaluate the feasibility of applying multi-wavelength LED irradiation to a predefined cranial region and to explore preliminary glycemic outcomes in individuals with T2DM. METHODS: Seven participants with physician-diagnosed T2DM receiving stable antidiabetic medication regimens were enrolled. Multi-wavelength LED irradiation (660, 850, and 940 nm) was applied bilaterally to the predefined S3 region of the skull. Irradiation parameters included an irradiance of 5 mW/cm2 (0.005 W/cm2), an energy density of 4.5 J/cm2, and an exposure duration of 900 s per session. Treatments were administered three times weekly for four weeks (12 sessions). Primary outcome measures included fasting blood glucose (Glucose AC) and glycated hemoglobin (HbA1c). Secondary outcomes included mean blood glucose, fasting insulin, C-peptide, homeostasis model assessment of insulin resistance (HOMA-IR), lipid profile, and C-reactive protein (CRP). Exploratory paired statistical analyses were performed following assessment of data normality using the Shapiro-Wilk test. RESULTS: Following the four-week intervention, fasting blood glucose and mean blood glucose were significantly reduced (p = 0.026 and p = 0.044, respectively), whereas HbA1c demonstrated a borderline reduction (p = 0.051). Changes in fasting insulin, C-peptide, HOMA-IR, lipid profile, and CRP were variable and did not reach statistical significance. No intervention-related adverse events were observed, and all participants completed the study protocol. CONCLUSIONS: Multi-wavelength LED irradiation applied to the predefined S3 region of the skull was feasible, safe, and well tolerated in individuals with T2DM. The observed preliminary glycemic outcomes support the feasibility of further investigation in larger randomized controlled trials. However, because of the small sample size, absence of a control group, and exploratory study design, the present findings should be interpreted cautiously and should not be considered evidence of clinical efficacy or causal effects.","Life (Basel, Switzerland)",2026,10.3390/life16091411,PMC13608685,Journal Article,diagnosis,PubMed,supporting,11,hba1c; glycated hemoglobin; insulin resistance; lipid
42760071,"Diabetes status, fasting glucose and HbA1c, and outcomes after myocardial infarction: a retrospective registry-based Swedish cohort study.","OBJECTIVES: This study aimed to assess cardiovascular (CV) risk across the full spectrum of dysglycaemia levels following myocardial infarction (MI). DESIGN: Retrospective registry-based cohort study. SETTING: All patients with MI in Sweden registered in the cardiac rehabilitation registry within the Swedish Web-system for Enhancement and Development of Evidence-based care in Heart disease Evaluated According to Recommended Therapies (SWEDEHEART) between 2006 and 2017. PARTICIPANTS: In total, 47 558 patients over the age of 18 attending cardiac rehabilitation post-MI, with available information on glycaemic levels. PRIMARY AND SECONDARY OUTCOME MEASURES: The primary outcome was major adverse CV events (MACE), a composite of all-cause mortality, MI and ischaemic stroke until the end of follow-up (30 June 2018). Secondary outcomes included all the components of MACE, CV mortality and hospitalisation for heart failure. RESULTS: Pre-diabetes and possible diabetes were present in 20.6%, new-onset diabetes in 3.2% and known diabetes in 21.1%. During a median follow-up of 4.7 years, 9321 patients experienced MACE. A stepwise increase across glycaemic categories was observed, with HRs of 1.07 (95% CI 1.00 to 1.14) for pre-diabetes, 1.22 (95% CI 1.11 to 1.34) for possible diabetes, 1.22 (95% CI 1.08 to 1.37) for new-onset diabetes and 1.73 (95% CI 1.64 to 1.82) for known diabetes, compared with normoglycaemia. A near-linear association between fasting glucose and outcomes was observed across all patients, while glycated haemoglobin appears predictive mainly in those with established diabetes. CONCLUSIONS: Glycaemic disturbances early after MI, including hyperglycaemia below the diagnostic threshold for diabetes, are associated with a progressively higher risk of adverse outcomes. Beyond routine screening, these findings support close follow-up of at-risk patients, irrespective of diabetes status.",BMJ open,2026,10.1136/bmjopen-2026-121970,PMC13599995,Journal Article,fasting_glucose,PubMed,supporting,11,pre-diabetes; hba1c; fasting glucose; screening; stroke; heart failure
42788129,Insulin Resistance and Beta Cell Function in Hepatogenous Diabetes.,"INTRODUCTION: The present study aimed to examine the change in beta cell function and insulin resistance (IR) over 6 months in patients with liver cirrhosis (LC) and hepatogenous diabetes (HD) and to assess their correlation with liver disease severity. METHODS: One hundred and seventy-three patients with LC without a prior history/risk factors of type 2 diabetes mellitus and with non-diabetic fasting blood glucose and glycated haemoglobin were subjected to a 75-g oral glucose tolerance test (OGTT). Those with 2-h plasma glucose ≥140 mg/dl were categorised as having HD. Plasma insulin and glucose were analysed during OGTT. Indices for IR and beta cell function, such as Homeostatic Model Assessment for Insulin Resistance (HOMA-IR), oral glucose sensitivity index - 3 h (OGIS-3h) and insulinogenic index (IGI) were examined at baseline and repeated after a 6-month follow-up. RESULTS: HD was detected in 65.8% (114/173) of the study cohort. Eighty-nine patients were recruited to the study, and 40 were available for follow-up. The majority (89.8%) were males with a mean body mass index of 23 ± 4.1 kg/m2. Alcohol was the most common cause of LC (76.4%), and most (84.3%) belonged to Child-Turcot-Pugh (CTP) classes B and C. Plasma fasting insulin and HOMA-IR values were significantly higher in higher CTP classes and worsened at the 6-month follow-up. Peripheral insulin sensitivity measured by OGIS-3h was significantly worse in patients with a worse Model for End-Stage Liver Disease value at baseline but did not change during follow-up. Beta cell function measured by IGI was neither different across CTP classes at baseline nor changed during follow-up. CONCLUSION: Peripheral hyperinsulinaemia and IR, rather than beta cell dysfunction, predominate in patients with LC and glucose abnormalities on OGTT and worsen with worsening liver dysfunction.",Indian journal of endocrinology and metabolism,2026,10.4103/ijem.ijem_863_25,PMC13609918,Journal Article,oral_glucose_tolerance,PubMed,supporting,11,oral glucose tolerance; ogtt; body mass index; insulin resistance
42728572,Epigenetic and genetic factors modifying the association between diet quality and incident type 2 diabetes: the EPIC-Potsdam cohort.,"BACKGROUND: Benefits of healthy diets for type 2 diabetes (T2D) prevention are established. It remains unclear whether such recommendations should be tailored to specific subgroups according to their susceptibility to the disease. This study aimed to assess whether the association of diet quality with T2D risk differs across subgroups with different genetic or epigenetic susceptibility. METHODS: We used data from a case-cohort within the European Prospective Investigation into Cancer and Nutrition (EPIC)-Potsdam cohort (random subsample with genetic data of 2204 participants, 750 verified incident T2D cases; random subsample with epigenetic data of 1065 participants, 676 verified incident T2D cases). The Alternative Healthy Eating Index (AHEI-2010), Dietary Approaches to Stop Hypertension (DASH), Dietary Inflammatory Index (DII) and the Mediterranean Diet Pyramid score (MedPyr) were used to assess diet quality. A blood DNA methylation risk score (MRS) was used to reflect epigenetic risk. Genetic risk was characterized using global polygenic risk scores (PRS) and pathway-specific polygenic risk scores (pPRS). Cox proportional hazards models were used to assess the modification of the diet quality-diabetes risk association by the risk scores. RESULTS: Higher adherence to the AHEI-2010 was associated with a lower risk of T2D, while higher MRS, PRS and pPRS predictably indicated higher risk in this population. We detected significant modification of the diet quality-T2D association by the MRS for AHEI-2010 (p = 0.008) and MedPyr (p < 0.0001) and DII (p = 0.010) but only the AHEI-2010 × MRS interaction was robust across all sensitivity analyses. However, we did not find evidence of interaction between diet quality and genetic risk. CONCLUSIONS: The associations of healthy diets with T2D could depend on the diabetes risk captured by blood DNA methylation profiles, but they do not seem to depend on the genetic predisposition for T2D. Confirmation of the effect modification by the MRS in independent populations is further required before considering clinical application.",Cardiovascular diabetology,2026,10.1186/s12933-026-03356-0,PMC13563862,"Journal Article; Research Support, Non-U.S. Gov't",risk_prediction,PubMed,supporting,11,incident type 2 diabetes; risk score; diet; hypertension; genetic; prevention; cancer
42769387,Prediction of acute metabolic complications in hospitalized elderly patients with type 2 diabetes using admission HbA1c and hypertension: a retrospective cohort study.,"OBJECTIVE: To identify admission-based predictive indicators for in-hospital acute metabolic complications in elderly patients with type 2 diabetes mellitus (T2DM), and to develop and internally validate a simple predictive model for early risk stratification. METHODS: A total of 203 elderly inpatients with T2DM were included in this retrospective cohort study. According to the occurrence of acute metabolic complications during hospitalization, patients were divided into a complication group (n = 40) and a non-complication group (n = 163). All candidate predictive indicators were collected from admission medical records and laboratory test results obtained within 24 to 48 hours after admission. Univariate and multivariate logistic regression analyses were performed to screen for independent predictive factors. The model's discriminatory power was evaluated using the area under the receiver operating characteristic curve (AUC), and 1000 bootstrap resamplings were adopted for internal validation. RESULTS: The complication group had significantly higher admission HbA1c levels than the non-complication group (P<0.001), as well as a higher prevalence of hypertension (P = 0.002). Multivariate regression analysis verified that HbA1c (OR = 1.761, 95% CI: 1.44-2.15, P<0.001) and hypertension (OR = 3.904, 95% CI: 1.60-9.53, P = 0.003) were independent risk factors for in-hospital acute metabolic complications. The predictive model based on these two indicators exhibited good discriminatory performance, with an original AUC of 0.836. After bootstrap internal validation, the optimism-corrected AUC was 0.726, indicating acceptable stability of the model. CONCLUSION: Elevated admission HbA1c and comorbid hypertension are independent predictive factors for in-hospital acute metabolic complications in elderly T2DM patients. This novel simple model has favorable predictive efficacy and stability, and it can serve as a feasible clinical tool for early risk stratification in elderly T2DM inpatients.",American journal of translational research,2026,10.62347/QQCR9025,PMC13590721,Journal Article,early_risk,PubMed,supporting,10,early risk; hba1c; hypertension
42760994,The association between the triglyceride-glucose index and diabetic peripheral neuropathy: a systematic review and meta-analysis.,"BACKGROUND: Diabetic peripheral neuropathy (DPN) is a prevalent and severe microvascular complication of type 2 diabetes mellitus (T2DM). Early risk screening and warning are critical for slowing disease progression. The triglyceride-glucose (TyG) index, a simple and efficient surrogate marker for assessing insulin resistance (IR), has been proven to be closely associated with various diabetic complications. However, existing studies on the association between the TyG index and the risk of DPN have yielded inconsistent findings, and relevant evidence still lacks systematic synthesis. METHODS: A systematic review and meta-analysis were conducted. We systematically searched databases including PubMed, Embase, Web of Science, CNKI, Wanfang, and CQVIP to enroll observational studies exploring the association between the TyG index and the risk of DPN in patients with T2DM. Two investigators independently performed literature screening, data extraction, and quality assessment. The random-effects and fixed-effects models were applied to pool effect sizes, and subgroup analyses were carried out to explore potential sources of heterogeneity. RESULTS: A total of 14 studies involving 32,281 participants were included. The results showed that a higher TyG index was associated with an increased risk of DPN, with a pooled odds ratio (OR) of 2.614 (95% CI: 1.788-3.821, P < 0.0001) and a pooled hazard ratio (HR) of 1.248 (95% CI: 1.003-1.553, P = 0.0471). This positive correlation remained consistent across most subgroups stratified by age, sample size, BMI, and adjustment for confounding factors. However, the association did not reach statistical significance in the non-China subgroup. CONCLUSION: Elevated TyG levels are associated with an increased risk of DPN in patients with T2DM. However, the causal relationship requires further validation. These findings may serve as a reference for clinical screening of DPN risk. SYSTEMATIC REVIEW REGISTRATION: https://www.crd.york.ac.uk/prospero, identifier CRD420261373476.",Frontiers in endocrinology,2026,10.3389/fendo.2026.1901899,PMC13585577,Journal Article; Systematic Review; Meta-Analysis,early_risk,PubMed,supporting,10,early risk; screening; bmi; insulin resistance; triglyceride; neuropathy; vascular complication
42786573,"Glycemic Status, Cardiac Structure, and Function by Magnetic Resonance Imaging: The Jackson Heart Study.","BACKGROUND: Type 2 diabetes is associated with a high risk of heart failure. Hence, precise cardiac imaging can help early detection of subclinical myocardial dysfunction. We investigated the associations of glycemic status and markers with left ventricular (LV) remodeling assessed by cardiac magnetic resonance imaging among Black adults. METHODS: Peak systolic circumferential strain (Eulerian circumferential systolic strain), LV mass, end-diastolic volume, end-systolic volume, LV ejection fraction, and LV remodeling index were measured by cardiac magnetic resonance imaging in JHS (Jackson Heart Study) participants between 2008 and 2012. We evaluated the associations of glycemic markers (fasting plasma glucose and hemoglobin A1C) and glycemic status (diabetes, prediabetes, and normoglycemia) with cardiac magnetic resonance imaging measures of LV structure and function. RESULTS: A total of 1609 Black participants (mean age, 59 years; 63% women; 27.4% with diabetes and 46.8% with prediabetes) were included. Participants with diabetes had higher LV mass (adjusted β, 4.94 [95% CI, 0.51-9.37]), higher LV remodeling index (β, 0.05 [95% CI: 0.01- 0.09]), impaired global circumferential systolic strain (β, 0.44 [95% CI, 0.04-0.84]), and a higher odds of abnormal strain compared with those with normoglycemia (adjusted odds ratio, 1.43 [95% CI, 1.01-2.04]). Each SD increase in hemoglobin A1C was associated with higher LV mass (β, 2.48 [95% CI, 0.76-4.21]), LV remodeling index (β, 0.02 [95% CI, 0.01-0.04]), and impaired global circumferential systolic strain (β, 0.21 [95% CI, 0.06-0.37]). CONCLUSIONS: In a large community-based cohort of Black individuals, diabetes was associated with differences in LV structure and myocardial strain measured by cardiac magnetic resonance imaging.",Journal of the American Heart Association,2026,10.1161/JAHA.125.048360,,Journal Article,prediabetes_progression,PubMed,supporting,10,prediabetes; early detection; fasting plasma glucose; heart failure
42769672,Obstructive sleep apnoea and glucose dysregulation in type 2 diabetes: a systematic review of the literature.,"BACKGROUND: Obstructive sleep apnoea (OSA) and type 2 diabetes mellitus (T2DM) are common chronic conditions with a potentially bidirectional relationship mediated by insulin resistance, intermittent hypoxia, and systemic inflammation. However, evidence linking OSA with glucose dysregulation remains inconsistent. OBJECTIVE: To evaluate the association between OSA and glucose dysregulation, including prediabetes and T2DM, and related metabolic and cardiovascular outcomes. Methods: A PRISMA-based systematic review was conducted using major databases. RESULTS: In total, eleven studies from Asia, Europe, Africa, and South America were included in this review. The results show that OSA was consistently associated with poorer glycemic control, increased insulin resistance, and adverse metabolic profiles, with several studies demonstrating severity-dependent effects. In addition, poor sleep quality and short sleep duration were also linked to adverse metabolic outcomes, although findings were less consistent. Finally, limited evidence suggested that continuous positive airway pressure (CPAP) therapy may improve some metabolic and renal outcomes. CONCLUSION: OSA is consistently associated with impaired glucose metabolism and increased cardiometabolic risk in individuals with T2DM. Further longitudinal and interventional studies are needed to clarify causal pathways and the metabolic effects of OSA treatment. SYSTEMATIC REVIEW REGISTRATION: PROSPERO (CRD420261402284).",Frontiers in medicine,2026,10.3389/fmed.2026.1915032,PMC13592258,Journal Article; Systematic Review,prediabetes_progression,PubMed,supporting,10,prediabetes; insulin resistance; sleep apnoea
42751742,"Nutritional Deficiencies, Complications, and Nutrition Therapy/Counseling in Pediatric Patients Using GLP-1 Receptor Agonists.","BACKGROUND: Glucagon-like peptide-1 receptor agonists (GLP-1RAs) are increasingly used to treat childhood obesity, prediabetes, and type 2 diabetes. We examined nutritional deficiency incidence and nutrition therapy/counseling (NT/C) utilization among pediatric GLP-1RA users. METHODS: We analyzed Inovalon administrative claims data from 2017 to 2022 covering over 100 million patients to identify 2,031 GLP-1RA users aged 10-17 years who met continuous enrollment criteria and had no prior diagnosis of nutritional deficiency. Nutritional deficiencies were identified using the International Classification of Diseases, 10th edition codes for up to 1 year following GLP-1RA initiation. NT/C visits, time to first NT/C visit, and differences in nutritional deficiency diagnoses by NT/C consultation were assessed. Results are reported as proportions and means, with group comparisons using chi-square tests. RESULTS: The mean age was 15 (±1.8) years, 61.5% were female, and 62.6% had obesity. Liraglutide (78.6%), dulaglutide (10.4%), and semaglutide (9.1%) were the most prescribed GLP-1RA drugs. Within 1 year, 16.88% of patients were diagnosed with at least one nutritional deficiency or deficiency-related complication, most frequently vitamin D deficiency (12.4%), followed by nutritional anemia (1.55%), and iron-deficiency anemia (1.44%). Only 23.3% had NT/C visit within 180 days (mean time to first visit: 149 days). Patients with NT/C consultations had higher rates of nutritional deficiencies and deficiency-related complications than those without (23.2% vs. 14.8%, p < 0.01). CONCLUSIONS: Nutritional deficiencies are a meaningful and under-recognized risk among pediatric patients receiving GLP-1RA therapy. Current care patterns suggest missed opportunities for proactive and preventative nutrition support. Integration of NT/C care into pediatric GLP-1RA treatment may support healthy growth and long-term outcomes.",Childhood obesity (Print),2026,10.1177/21532176261486979,,Journal Article,prediabetes_progression,PubMed,supporting,10,prediabetes; diagnosis; obesity
42738932,Whole-Grain Staple Replacement and Cardiometabolic Phenotypes in Adults at High Risk of Type 2 Diabetes: An Extended Randomized-Trial Analysis with NHANES and Country-Level Context.,"BACKGROUND/OBJECTIVES: Adults at high risk of type 2 diabetes frequently show concurrent dyslipidemia, insulin resistance, and central adiposity before overt diabetes develops. We evaluated cardiometabolic responses to standardized whole-grain staple replacement and examined grain-quality patterns in free-living and country-level settings. METHODS: This secondary exploratory analysis included 144 participants (48 per group) from a 12-week, three-arm randomized dietary trial. Participants were analyzed according to their randomized assignments to 100 g/day, 50 g/day, or control. Lipid, anthropometric, body composition, and composite cardiometabolic phenotypes were evaluated. Longitudinal and time-weighted cumulative effects were estimated using linear mixed-effects and regression models, with Benjamini-Hochberg false discovery rate (FDR) correction applied within the corresponding multiplicity domains. Complementary analyses included 30,769 NHANES adults without diabetes, including 12,169 with prediabetes, and descriptive country-level data on whole-grain intake, high-FPG-attributable diabetes burden, and cereal supply. RESULTS: Within the extended phenotype panel, HWG versus control time-weighted cumulative effects included triglycerides (β = -0.220, 95% CI -0.397 to -0.043; FDR-adjusted p = 0.047), the atherogenic index of plasma (β = -0.125, -0.191 to -0.060; FDR-adjusted p = 0.002), and the triglyceride-glucose index (β = -0.301, -0.429 to -0.173; FDR-adjusted p < 0.001). Conventional lipid components showed distinct temporal responses. In NHANES, higher whole-grain exposure and more favorable grain-quality ratios were associated with lower adiposity- and insulin resistance-related phenotypes, whereas refined-grain exposure generally showed the opposite pattern. Country-level analyses showed marked heterogeneity in whole-grain intake, diabetes burden, and cereal supply context. CONCLUSIONS: Standardized whole-grain staple replacement was associated with short-term changes across several cardiometabolic dimensions in adults at high risk of type 2 diabetes, with the clearest extended-phenotype signals involving triglyceride-related and glucose-triglyceride coupling measures. NHANES identified cross-sectional grain-quality associations in free-living adults; country-level analyses described heterogeneity in whole-grain intake, diabetes burden, and cereal supply context.",Nutrients,2026,10.3390/nu18172758,PMC13567143,Journal Article; Randomized Controlled Trial,prediabetes_progression,PubMed,supporting,10,prediabetes; diet; insulin resistance; lipid; triglyceride
42764545,Dolutegravir Is Associated With Lower Odds of Gestational Diabetes Compared to Other Antiretroviral Therapy Regimens Among Pregnant Women in India: A Cross-Sectional Analysis.,"INTRODUCTION: In non-pregnant adults living with HIV, dolutegravir is associated with weight gain and increased type 2 diabetes risk. In pregnancy, data on the effect of dolutegravir on gestational diabetes (GDM) risk is inconclusive. Data are particularly limited in Asian populations, where diabetes risk is especially high and not always associated with weight gain. We examined the association of dolutegravir with GDM among women living with HIV in India. METHODS: We combined data from two cohorts of pregnant women living with HIV conducted at BJ Government Medical College in Pune, India-the PRACHITi study (2016-2019) and the PRAGATHi study (2023-present). Women were screened for GDM with the fasting 2-h 75 g oral glucose tolerance test and diagnosed by World Health Organization criteria. Demographics, anthropometrics, antiretroviral therapy (ART), CD4 count and HIV viral load were collected at screening. Multivariate logistic regression was used to determine the association between current dolutegravir use and GDM. RESULTS: Of 254 women living with HIV, 99.2% (n = 252) were on ART, of whom 66.3% (n = 167) were on dolutegravir-, 22.6% (n = 57) were on efavirenz- and 6.3% (n = 16) were on protease inhibitor (PI)-based ART. Overall, median CD4 count was 549.5 cells/mm3 (IQR 401-753), and 82.2% (n = 198) had undetectable viral load. Median body-mass index (BMI) was 21.3 kg/m2 (IQR 19.4-23.8). The prevalence of GDM was 11.8% (N = 30). Among women on dolutegravir-based ART, the prevalence was 10.8% (N = 18); among women on efavirenz-based ART, the prevalence was 12.3% (N = 7), and the prevalence was 25% (N = 4) among women on PI-based ART. Compared to women not taking dolutegravir, women taking dolutegravir had similar age and BMI but greater weight gain from the second to the third trimester (3.7 vs. 2.9 kg, p <0.01) and infant birthweight percentile (14.2 vs. 6.9, p <0.01). On multivariate logistic regression, dolutegravir use was associated with lower odds of GDM than other ART (aOR 0.2, 95% CI 0.1-1.0) irrespective of viral load and time on ART. Older age (aOR 1.1, 95% CI 1.1-1.2) and second-trimester BMI (aOR 1.2 per kg/m2, 95% CI 1.1-1.3) were also associated with GDM. CONCLUSIONS: Women on dolutegravir had lower odds of GDM compared to women taking other ART, despite greater weight gain. Ongoing studies are investigating the possible anti-inflammatory mechanisms.",Journal of the International AIDS Society,2026,10.1002/jia2.70200,PMC13591013,Journal Article,screening,PubMed,supporting,10,oral glucose tolerance; screening; bmi
42798329,The effectiveness of self-care interventions in working-age adults with type 2 diabetes mellitus: a systematic review and meta-analysis.,"BACKGROUND: The prevalence of type 2 diabetes mellitus (T2DM) is rapidly increasing among working-age adults. This group faces unique challenges in sustaining effective self-care due to social and occupational demands. We conducted a systematic review and meta-analysis to evaluate the effectiveness of self-care interventions on glycemic control and self-care behaviors among working-age adults with T2DM. METHODS: We searched nine databases (PubMed, Embase, CINAHL, Cochrane Library, Web of Science, CBM, CNKI, CQVIP, and Wan Fang) to identify randomized controlled trials (RCTs) published from January 2020 to April 2025. Eligible studies included 18-60-year-old adults with T2DM receiving self-care interventions. Review Manager 5.4 was employed to calculate pooled mean differences (MD) with 95% confidence intervals (CI). Risk of bias was assessed using the Cochrane RoB2 tool. RESULTS: Forty-seven RCTs with 6,464 participants met the inclusion criteria. Compared to controls, self-care interventions significantly reduced HbA1c (MD -0.26, 95% CI -0.43 to -0.09), total cholesterol (MD -0.15, 95% CI -0.28 to -0.02), body mass index (MD -0.52, 95% CI -1.01 to -0.03), and increased high-density lipoproteins levels (MD 0.19, 95% CI 0.06 to 0.33). Improvements were also observed in self-care behaviors (SMD 0.74, 95% CI 0.62 to 0.86) and self-efficacy (SMD 1.14, 95% CI 0.51 to 1.76). No significant effects were found for fasting blood glucose or 2-hour plasma glucose. Substantial heterogeneity existed across studies. CONCLUSIONS: Self-care interventions improved glycemic control and related outcomes in working-age adults with T2DM, although high heterogeneity and variable study quality limited interpretation and generalizability. Future trials should adopt standardized reporting systems for interventions, robust design, and longer follow-up to better inform clinical practice and public health policy. SYSTEMATIC REVIEW REGISTRATION: https://www.crd.york.ac.uk/PROSPERO/view/CRD420251037017, identifier CRD420251037017.",Frontiers in endocrinology,2026,10.3389/fendo.2026.1941060,PMC13612269,Journal Article; Systematic Review; Meta-Analysis,hba1c,PubMed,supporting,10,hba1c; body mass index; cholesterol
42783806,Association Between Obesity Severity and Bioelectrical Impedance Analysis-Derived Metabolic Age in Individuals with Type 2 Diabetes Mellitus.,"BACKGROUND: Metabolic age (Met-Age), a bioelectrical impedance analysis (BIA)-derived index based on basal metabolic rate (BMR) and body composition, has been associated with cardiometabolic risk. However, its relationship with body mass index (BMI)-defined obesity severity in individuals with type 2 diabetes mellitus (T2DM) remains unclear. This study investigated the association between obesity severity and Met-Age and identified factors associated with Met-Age. METHODS: In this retrospective observational study, 683 adults with T2DM were classified into five BMI categories: normal weight, overweight, and class I, II, and III obesity. Anthropometric, laboratory, and BIA-derived body composition data were analyzed using correlation and sex-stratified multivariable linear regression analyses. RESULTS: Although chronological age did not differ significantly across groups, Met-Age increased progressively with increasing obesity severity (p < 0.001). The Jonckheere-Terpstra test confirmed a significant ordered increase in Met-Age across BMI categories. BMI, fat mass, and waist-to-height ratio (WHtR) also increased progressively with increasing obesity severity. In the multivariable regression analyses, chronological age and WHtR were positively associated with Met-Age in both sexes, whereas muscle mass showed a weak inverse association with Met-Age only in female participants. No significant correlations were found between Met-Age and fasting blood glucose (FBG) or hemoglobin A1c (HbA1c) levels (all p > 0.05). CONCLUSIONS: In individuals with T2DM, greater obesity severity was associated with higher BIA-derived Met-Age. WHtR was positively associated with Met-Age in both sexes, whereas muscle mass showed a weak inverse association among female participants. Met-Age may serve as a descriptive index reflecting body composition and metabolic characteristics; however, its incremental clinical value beyond BMI and WHtR remains unproven.",Metabolites,2026,10.3390/metabo16090681,PMC13609596,Journal Article,hba1c,PubMed,supporting,10,hba1c; obesity; overweight; body mass index; bmi
42786582,Alcohol consumption and colorectal cancer risk in prediabetes and diabetes: a nationwide cohort study.,"BACKGROUND: The impact of light-to-moderate alcohol consumption on colorectal cancer (CRC) risk remains uncertain. We examined whether a dose-response association exists between alcohol consumption and CRC risk and whether it differs by glycemic status. METHODS: A nationwide cohort of 4,475,492 adults undergoing health screening provided by Korean National Health Insurance Service in 2012 was analyzed. Participants were followed until CRC development, death, or December 31, 2022 (median follow-up, 9.33 years). Alcohol intake was categorized as none, light-to-moderate (male, <30 g/day; female, <20 g/day), or heavy. Incident CRC identified using ICD-10-CM and cancer-specific reimbursement codes served as the primary outcome. RESULTS: During follow-up, 51,592 participants developed CRC. Worse glycemic status was significantly associated with increased risk of CRC (hazard ratio [HR], 1.11 [95% CI, 1.09-1.13] for impaired fasting glucose (IFG); HR, 1.26 [95% CI, 1.23-1.29] for diabetes). Light-to-moderate alcohol consumption significantly and synergistically increased CRC risk in individuals with IFG (HR, 1.23 [95% CI, 1.19-1.27]; synergy index, 1.72 [95% CI, 1.40-2.04]) and in those with diabetes (HR, 1.48 [95% CI, 1.42-1.54]; synergy index, 2.04 [95% CI, 1.84-2.25]). Greater alcohol intake amount and frequency showed a linear dose-response association with increased risk of all subsites of colorectal cancer across all glycemic categories (except normoglycemia for proximal colon cancer), with the steepest gradient for diabetes. CONCLUSIONS: Even light-to-moderate alcohol consumption was associated with increased CRC risk; therefore, strict restriction of alcohol intake may help reduce this risk, particularly among individuals with IFG or diabetes.",Journal of the National Cancer Institute,2026,10.1093/jnci/djag340,,Journal Article,fasting_glucose,PubMed,supporting,10,prediabetes; fasting glucose; screening; cancer
42749905,Maternal metformin treatment in obese pregnant dams normalizes neonatal sensory-motor reflexes.,"BACKGROUND: Maternal overweight and obesity have reached epidemic proportions over recent decades, with detrimental effects on offspring metabolism and neurodevelopment. Metformin, commonly used to treat type 2 diabetes mellitus and gestational diabetes, is being investigated for use in maternal obesity due to its weight-loss-promoting, glucose-lowering, and insulin-sensitizing effects. Metformin may improve maternal metabolic state and support early sensory-motor development in offspring. METHODS: Three-week-old female C57BL/6NCrl mice were fed either a standard diet (SD, 9 kJ% fat, low sucrose content; CO group) or a Western-style diet (WSD, 45 kJ% fat, high sucrose content; OB group) from weaning through mating, gestation, and lactation. A subgroup of pregnant WSD-fed mice received metformin hydrochloride (target dose 380 mg/kg/d; OB + M group), dissolved in drinking water during gestation. At mid-gestation, a small cohort of pregnant dams was assessed for their metabolic profile. After delivery, pups were culled to six per litter at postnatal day (P) 2, and reflex ontogeny - such as righting, negative geotactic, and cliff-avoidance responses - was evaluated until P9 as a measure of early neurodevelopment. RESULTS: Feeding a WSD resulted in approximately 20% heavier dams in the OB group by the time of mating. Metformin administration led to gestational weight gain of about 56%, compared to OB weight gain of approximately 64%. Plasma leptin levels, perigonadal white adipose tissue, fasting glucose, and HbA1c in OB + M dams were numerically intermediate between OB and CO at mid-gestation, without reaching statistical significance, while glucose tolerance remained impaired to a similar extent as in OB dams. Metformin reduced placental weight in female fetuses and increased the fetal-to-placental weight ratio compared with the CO group. Metformin had no effect on neonatal survival but accelerated postnatal weight gain in both sexes and improved sensory-motor reflex maturation compared to OB neonates, most consistently for the geotactic reflex in both sexes and the cliff avoidance reflex in females. CONCLUSIONS: Metformin did not restore maternal metabolic parameters at mid-gestation, despite the numerically intermediate phenotype across several markers, but it significantly attenuated gestational weight gain. Although neonatal survival was not improved, gestational metformin was associated with accelerated postnatal weight gain and improved sensory-motor reflex maturation in offspring, though effects varied across reflex types. Accelerated postnatal weight gain warrants cautious interpretation and long-term follow-up, as it is a risk factor for childhood obesity and metabolic disorders in later life.",Molecular and cellular pediatrics,2026,10.1186/s40348-026-00259-8,PMC13582716,Journal Article,fasting_glucose,PubMed,supporting,10,hba1c; fasting glucose; obesity; overweight; diet
42781339,Machine learning-based risk prediction models for type 2 diabetes in primary care: a scoping review.,"BACKGROUND: Type 2 diabetes mellitus (T2DM) is a major global public health challenge, with many individuals remaining undiagnosed until complications develop. Machine learning (ML)-based risk prediction models have the potential to support early identification of individuals at increased risk using primary care data. However, the characteristics and applicability of these models within primary care settings have not been comprehensively mapped. OBJECTIVE: To systematically map the available evidence on machine learning (ML)-based models for risk prediction, early detection, and case-finding of type 2 diabetes in primary care, and to summarize their characteristics, including predictors, modeling approaches, validation strategies, and model performance. METHODS: A scoping review was conducted following the Joanna Briggs Institute methodology and reported according to the Preferred Reporting Items for Systematic Reviews and Meta-Analyses extension for Scoping Reviews (PRISMA-ScR). PubMed/MEDLINE, Scopus, and Ovid MEDLINE were searched for English-language studies published between January 2011 and December 2025. Primary research describing ML-based risk prediction models developed, validated, evaluated, or intended for implementation in primary care was eligible. Data were extracted using a structured charting form and synthesized descriptively. RESULTS: The search identified 186 records, of which four studies met the inclusion criteria. The included studies were conducted in Sweden, Canada, Saudi Arabia, and Hong Kong between 2024 and 2025. Three studies focused on model development and internal validation, while one externally validated previously developed non-laboratory prediction models. A range of ML approaches was identified, including stochastic gradient boosting, federated learning, multilayer perceptron, random forest, support vector classification, naïve Bayes, and decision tree algorithms, with logistic regression commonly used as a comparator. Models primarily utilized routinely collected demographic, anthropometric, lifestyle, and electronic health record-derived variables. Most studies reported moderate-to-good predictive performance; however, evidence regarding external validation, calibration, and prospective implementation within routine primary care remained limited. CONCLUSION: Evidence on ML-based risk prediction models for T2DM applicable to primary care remains limited despite growing interest in AI for diabetes prediction. Existing models demonstrate promising predictive performance using routinely available clinical information, but greater emphasis is needed on external validation, calibration, prospective implementation, and evaluation across diverse primary care populations before widespread clinical adoption. REVIEW REGISTRATION: Open Science Framework https://osf.io/mbfrz.",Frontiers in public health,2026,10.3389/fpubh.2026.1946070,PMC13598751,Journal Article; Scoping Review; Review,risk_prediction,PubMed,supporting,10,risk prediction model; early detection; lifestyle
42794786,CRISPR Technologies in Type 2 Diabetes: From Mechanistic Insights to Therapeutic Discovery.,"Type 2 diabetes (T2D) is a complex metabolic disorder driven by the interplay of genetic susceptibility, β-cell dysfunction, and insulin resistance. Although genome-wide association studies (GWAS) have identified numerous T2D risk loci, translating these genetic findings into biological mechanisms and therapeutic strategies remains challenging. The emergence of CRISPR (Clustered Regularly Interspaced Short Palindromic Repeats)-based technologies has provided powerful tools for precise genome manipulation and functional interrogation of disease-associated genes and genetic variations. This review summarizes the development of CRISPR technologies and highlights their applications in T2D research. We review the application of CRISPR technologies in T2D genetic factor analysis and high-throughput phenotypic screening, with a focus on three key areas: glucose metabolism, lipid metabolism, and pancreatic functionality. We further examine the role of CRISPR in therapeutics that target pancreatic β-cells via gene correction, stress protection, and epigenetic reprogramming. Finally, we briefly discuss the major challenges encountered in the applications of CRISPR technology, including delivery efficiency, off-target effects, safety concerns and ethical considerations.",International journal of molecular sciences,2026,10.3390/ijms27188360,PMC13607165,Journal Article; Review,screening,PubMed,supporting,9,screening; genetic; insulin resistance; lipid
42783419,Lifestyle and Psychosocial Determinants of Type 2 Diabetes Risk Across Adulthood: The Role of Burnout in a Large Occupational Cohort.,"BACKGROUND: Lifestyle behaviors and psychosocial factors are key determinants of cardiometabolic health across the life course. Beyond traditional risk factors, emerging evidence suggests that chronic stress and burnout may influence metabolic risk through behavioral pathways such as physical inactivity and poor diet. However, their joint contribution to type 2 diabetes risk in working populations remains insufficiently understood. OBJECTIVES: Our objectives were to examine the joint contribution of lifestyle habits, sociodemographic factors, and burnout to type 2 diabetes risk, and to explore potential behavioral pathways linking psychosocial stress to metabolic risk in a large adult population. METHODS: A cross-sectional study was conducted in 92,480 Spanish workers undergoing routine occupational health assessments between 2021 and 2023. Type 2 diabetes risk was assessed using validated tools (FINDRISC, QDScore, CANRISK). Lifestyle indicators included adherence to the Mediterranean diet and physical activity levels; burnout was assessed using the Burnout Assessment Tool (BAT). Multivariable logistic regression models were used to evaluate associations between determinants and diabetes risk. Mediation analyses were performed to assess the contribution of lifestyle behaviors to the association between burnout and diabetes risk, and predictive performance analyses evaluated the incremental value of burnout. RESULTS: Burnout was independently associated with a higher probability of moderate-to-high diabetes risk across all screening tools. Exploratory cross-sectional mediation analyses indicated that lifestyle behaviors, particularly physical inactivity and low adherence to the Mediterranean diet, statistically accounted for approximately 45% of the observed association. Adding burnout to the models significantly improved discrimination and reclassification of moderate-to-high diabetes-risk classification. In addition, higher diabetes risk was consistently observed among individuals from lower socioeconomic groups and those with unhealthy lifestyle profiles. CONCLUSIONS: Lifestyle behaviors and psychosocial stress were associated with estimated diabetes risk across adulthood. Burnout was independently associated with a higher probability of moderate-to-high diabetes-risk classification, with exploratory analyses suggesting that lifestyle behaviors may statistically account for part of this association. These cross-sectional findings highlight the potential relevance of considering both behavioral and psychosocial factors when studying cardiometabolic risk in working populations, while prospective studies are needed to establish temporal and causal relationships.","Medical sciences (Basel, Switzerland)",2026,10.3390/medsci14050546,PMC13609176,Journal Article,screening,PubMed,supporting,9,screening; physical activity; diet; lifestyle
42783225,Demographic Vulnerability and Mental Health in Older Adults with Type 2 Diabetes: A Lifespan-Informed Analysis of Diabetes Distress.,"BACKGROUND: Diabetes distress is a key mental health dimension of type 2 diabetes (T2D) and a growing concern as populations age, yet its determinants in older adults remain insufficiently characterized. The independent contributions of demographic and metabolic factors to severe distress and their implications for multidisciplinary screening across the lifespan remain unclear. METHODS: In this cross-sectional study, we assessed 453 adults with T2D using the 17-item Diabetes Distress Scale (DDS-17). We categorized participants as experiencing low (<2), moderate (2-2.9), or severe (≥3) distress. We compared categories using the Kruskal-Wallis H test and chi-square tests. Logistic regression models were constructed with severe distress (DDS ≥ 3) as the outcome, adjusting for sex, educational level, and HbA1c. RESULTS: Severe distress was identified in 19 participants (4.2%). Age differed significantly across DDS categories (Kruskal-Wallis H test, p = 0.003), with the severe group being significantly older (72.95 ± 4.38 years). Emotional burden was the dominant subscale across all groups. In multivariable logistic regression, increasing age (aOR = 1.163 per year; 95% CI: 1.055-1.282; p = 0.002) and lower educational level (high school vs. basic: aOR = 0.187; p = 0.020) were independently associated with severe distress, whereas metabolic variables were not independently associated with severe distress. ROC analysis identified age ≥ 70 years as an exploratory, sample-derived cut-off (AUC = 0.726, 95% CI 0.602-0.827; sensitivity 84%, specificity 55%). Results were robust in sensitivity analyses that excluded patients with diabetes duration < 5 years. CONCLUSIONS: Severe diabetes distress is more strongly associated with demographic vulnerability than with metabolic burden. Age ≥ 70 years and lower educational attainment may help identify older adults at increased risk of diabetes-related distress, supporting targeted psychological screening strategies in this lifespan stage.","Diseases (Basel, Switzerland)",2026,10.3390/diseases14090332,PMC13605092,Journal Article,screening,PubMed,supporting,9,hba1c; screening
42793738,Establishment of Serum Cholesterol Sulfate Reference Intervals and Evaluation of Its Diagnostic and Metabolic Associations in Chinese Adults.,"Background/Objectives: Cholesterol sulfate (CS) is a multifunctional signaling molecule implicated in diverse physiological and pathological processes. Its clinical translation as a biomarker is hindered by the lack of established reference intervals, unclear disease-specific alterations, and undefined relationships with routine laboratory parameters. This study aimed to establish a serum CS reference range for Chinese populations, evaluate its associations with various diseases and clinical laboratory parameters, and define its clinical diagnostic utility. Methods: A total of 642 subjects were enrolled, comprising 372 healthy controls and 270 patients with one of six diseases: Alzheimer's disease, osteoporosis, obesity, type 2 diabetes mellitus (T2DM), non-alcoholic fatty liver disease (NAFLD), or Crohn's disease. Serum CS concentrations were quantified using LC-MS/MS. Reference intervals were established using non-parametric methods. Univariate analyses included Spearman's rank correlation, Mann-Whitney U test, and receiver operating characteristic (ROC) curve analysis; multivariate analysis employed a gamma-family generalized linear model (GLM) with a log-link function, incorporating age, sex, clinical laboratory parameters, and disease status as covariates. The age-by-sex interaction was examined to assess synergistic effects. Incremental diagnostic value of CS was evaluated using the DeLong test and likelihood ratio test. Results: The serum CS reference interval for healthy individuals was 0.55-2.24 mg/L (males: 0.60-2.25 mg/L; females: 0.54-2.20 mg/L), with a significant sex difference. The age-by-sex interaction effect was significant (two-way ANOVA interaction p = 0.005; GLM interaction β = 0.102, p = 0.002). Stratified analysis revealed a significant positive correlation between age and CS in males, but no such association in females. In univariate analysis, CS correlated significantly with total cholesterol (TC), non-HDL-C, hemoglobin A1c (HbA1c), and other biomarkers; CS levels were elevated in Alzheimer's disease and reduced in Crohn's disease. In the multivariate GLM, only TC and male sex emerged as independent significant determinants of CS, whereas HbA1c and NAFLD showed borderline effects; no disease group retained independent significance. After adjustment for TC and sex, the residual area under the curves (AUCs) of CS for all diseases were close to 0.50, and DeLong's test indicated no incremental diagnostic value beyond the baseline model (all p > 0.70). Conclusions: This study is the first to establish a serum CS reference range for the Chinese population. Serum CS levels are independently regulated by TC and sex, with a significant age-by-sex interaction. The associations between CS and disease status were largely mediated by confounding from lipid profiles and age. CS is not suitable as an independent disease biomarker but may serve as a supplementary indicator for assessing lipid metabolism-particularly in male populations, where it may indirectly reflect age-related changes in cholesterol metabolism.","Diagnostics (Basel, Switzerland)",2026,10.3390/diagnostics16182953,PMC13605642,Journal Article,diagnosis,PubMed,supporting,9,hba1c; obesity; lipid; cholesterol
42798476,Dose-response and time-course effects of ecnoglutide in type 2 diabetes: a systematic review and meta-analysis of efficacy.,"BACKGROUND: Ecnoglutide, a novel long-acting GLP-1 receptor agonist, is considered a promising therapeutic option for the treatment of diabetes. This study aims to evaluate the efficacy and safety of ecnoglutide in adults with type 2 diabetes and to further investigate its dose-time relationship. METHODS: This study followed the PRISMA guidelines and systematically searched PubMed, Web of Science, Embase, and Cochrane Library, with the search updated through February 2026. Randomized controlled trials comparing ecnoglutide with placebo or the active control, dulaglutide, were included. The primary outcome was the change in HbA1c (%). Secondary outcomes included FPG, PPG, 7-point SMBG, body weight, adverse events, and serious adverse events. Risk of bias was assessed using the Cochrane RoB-2 tool. Meta-analyses employed a random-effects model, and mean differences and risk ratios were calculated with 95% confidence intervals. RESULTS: Three randomized controlled trials involving 977 participants were included. Compared with placebo, ecnoglutide significantly reduced HbA1c (MD = -1.40, 95% CI -1.65, -1.14, p < 0.00001), FPG (MD = -1.98, 95% CI -2.34, -1.63, p < 0.00001), PPG (MD = -4.88, 95% CI -6.32, -3.44, p < 0.00001), and body weight (MD = -2.16, 95% CI -2.62, -1.71, p < 0.00001). Additionally, compared with the placebo group, the incidence of adverse events was higher in the ecnoglutide group (OR = 2.03, 95% CI 1.24-3.32, p = 0.005), while there was no significant difference in the incidence of serious adverse events. Dose-response analysis showed that ecnoglutide exhibited a clear dose-dependent relationship for HbA1c, FPG, and body weight at doses ranging from 0.4 to 1.2 mg, while PPG was less affected by dose. Time-response analysis indicated that the hypoglycemic efficacy of ecnoglutide peaked around week 35 and subsequently plateaued, whereas body weight exhibited a sustained linear downward trend. CONCLUSION: Ecnoglutide significantly improved glycemic control and reduced body weight, although it was associated with a higher incidence of adverse events without increasing serious adverse events. Despite these promising findings, the evidence remains limited and requires confirmation in larger, multicenter randomized controlled trials. SYSTEMATIC REVIEW REGISTRATION: https://www.crd.york.ac.uk/PROSPERO/view/CRD420261327235, identifier CRD420261327235.",Frontiers in endocrinology,2026,10.3389/fendo.2026.1934027,PMC13612292,Journal Article; Systematic Review; Meta-Analysis,hba1c,PubMed,supporting,9,hba1c; guideline
42798338,Effects of short-bout accumulated physical activity and sedentary-break interventions on continuous glucose monitoring metrics in adults with type 2 diabetes: A systematic review and meta-analysis.,"OBJECTIVE: Glycated hemoglobin does not fully capture postprandial hyperglycemia or intraday glycemic fluctuation, whereas continuous glucose monitoring (CGM) characterizes mean glucose, hyperglycemic exposure, and glycemic variability. Short-bout accumulated physical activity and sedentary-break interventions are low-burden strategies that can be integrated into daily routines, but their overall effects on CGM-derived outcomes in adults with type 2 diabetes remain uncertain. We systematically reviewed and quantitatively synthesized these effects. METHODS: We searched 11 bibliographic and registry sources from inception to 29 July 2026, after an initial eight-database search through 4 June 2026. Randomized and controlled crossover trials were eligible. We retained the original broad eligibility criteria and examined a narrower post-hoc intervention definition in sensitivity analysis. Paired mean differences and standard errors were extracted or reconstructed. Random-effects meta-analysis used restricted maximum likelihood with Hartung-Knapp-Sidik-Jonkman inference. When paired covariance was unavailable, r = 0.50 was used, with r = 0.25 and r = 0.75 sensitivity analyses. Risk of bias was assessed for specific results with crossover RoB 2 and certainty was assessed with GRADE. RESULTS: Thirteen studies were included; 10 studies (175 participants) contributed to the overall mean-glucose synthesis. Short-bout activity reduced mean glucose (MD = -0.71 mmol/L, 95% CI -1.28 to -0.13; p = 0.021), with considerable heterogeneity (I² = 91%; tau² = 0.55) and a prediction interval that included the null value (no effect) (-2.48 to 1.06). Intervention category did not explain heterogeneity (p = 0.628). All leave-one-out estimates remained significant; omitting Dempsey (2017) reduced I² to 5.8% and yielded MD = -0.33 mmol/L (95% CI -0.50 to -0.16). Mean amplitude of glycemic excursions (MAGE) favored activity, whereas glucose standard deviation (SD), coefficient of variation (CV), and time in range (TIR) were inconclusive. Hyperglycemia time was pooled only for compatible thresholds and windows. Certainty ranged from moderate to very low and was low for mean glucose. CONCLUSION: Short-bout accumulated physical activity may reduce CGM-derived mean glucose in adults with type 2 diabetes. Although effects remained favorable across correlation, model, arm-selection, and leave-one-out analyses, considerable heterogeneity and a prediction interval that included the null value (no effect) limit confidence in the effect expected in a new setting. Evidence for other glycemic outcomes and safety remains uncertain. SYSTEMATIC REVIEW REGISTRATION: www.crd.york.ac.uk/prospero, identifier CRD420261415265.",Frontiers in endocrinology,2026,10.3389/fendo.2026.1901259,PMC13612268,Journal Article; Systematic Review; Meta-Analysis,hba1c,PubMed,supporting,9,glycated hemoglobin; physical activity
42786007,"Current antiretrovirals, hyperglycemia, and type 2 diabetes in people with HIV.","People with HIV (PWH) are now effectively treated with antiretroviral therapy, including integrase strand transfer inhibitors (INSTIs) and nucleoside reverse transcriptase inhibitors (NRTIs). In the context of the global obesity epidemic, cardiometabolic complications, including type 2 diabetes, are increasingly common in PWH. In this article, we address the potential diabetogenic role of some current antiretrovirals. Beyond classical risk factors, INSTIs could promote diabetes through weight gain and drug-specific effects. They can also, rarely, induce severe acute ketosis-prone hyperglycemia. Because INSTIs and some NRTIs could alter insulin and lipid levels, standard indices of insulin resistance may be unreliable. Diabetes management generally follows recommendations for the general population, with the use of glucagon-like peptide-1 receptor agonists and sodium glucose cotransporter 2 inhibitors to reduce glycated hemoglobin A1c, weight, and cardiometabolic risk.",Trends in endocrinology and metabolism: TEM,2026,10.1016/j.tem.2026.09.001,,Journal Article; Review,hba1c,PubMed,supporting,9,glycated hemoglobin; obesity; insulin resistance; lipid
42783241,Clinical Correlates of Type 2 Diabetes Self-Management in Adults: A Cross-Sectional Study.,"BACKGROUND: Diabetes self-management is essential for type 2 diabetes care, but cross-sectional associations may be distorted when questionnaire scores are incorrectly derived or converted into arbitrary categories. We evaluated clinical and sociodemographic correlates of the continuous Diabetes Self-Management Questionnaire (DSMQ) total score in a secondary analysis of an outpatient clinical database. METHODS: The analysis included 262 adults with type 2 diabetes recruited between 1 November 2025 and 1 May 2026. DSMQ total and subscale scores were independently recalculated from the 16 item-level responses using the published scoring algorithm. The primary analysis retained the DSMQ score as a continuous outcome. The database provided a participant-level count of documented glucose measurements > 250 mg/dL. This operational count was not treated as a standardized clinical event or severity category; individual measurement timestamps, participant-specific observation duration, and the total number of glucose measurements were unavailable. RESULTS: The recalculated DSMQ score was 5.26 ± 2.35 (median 5.10; interquartile range 3.12-7.08). Among 261 participants with an interpretable sex code, 144 (55.2%) were women. In univariable analyses, lower DSMQ scores were concurrently associated with longer diabetes duration, a higher recorded severe-hyperglycemia count, higher HbA1c, and higher fasting glucose. In the adjusted model (n = 261), the recorded severe-hyperglycemia count remained negatively associated with DSMQ score (adjusted coefficient -0.412 points per recorded episode; 95% confidence interval -0.621 to -0.203; p < 0.001). Individualized versus hospital-based education was not independently associated with the corrected score. A beta-regression sensitivity analysis produced a concordant direction of association (coefficient -0.152 on the logit mean scale; p < 0.001). The linear model explained 17.2% of observed variance (adjusted R2 = 0.136), with an optimism-corrected R2 of 0.099. CONCLUSIONS: The recorded severe-hyperglycemia count was a concurrent correlate of lower DSMQ score. Because the study is cross-sectional and glucose-measurement counts were preaggregated without observation-time or monitoring-frequency data, the findings do not establish temporal direction, causality, or individual-level clinical prediction. Item-level score verification and continuous-outcome analysis materially changed the interpretation of the dataset.","Diseases (Basel, Switzerland)",2026,10.3390/diseases14090348,PMC13605858,Journal Article,hba1c,PubMed,supporting,9,hba1c; fasting glucose
42764571,Evaluating Imeglimin as a Novel Therapeutic Action Type 2 Diabetes Mellitus: A Systematic Review and Meta-Analysis.,"INTRODUCTION/OBJECTIVE: Imeglimin is the first agent of the novel glimin class that targets mitochondrial dysfunction, a key pathophysiological mechanism underlying type 2 diabetes mellitus (T2DM). This systematic review and meta-analysis aimed to evaluate the efficacy and safety of imeglimin in patients with T2DM. METHODS: A systematic literature search was conducted in PubMed, Scopus, Embase, and the Cochrane Central Register of Controlled Trials (CENTRAL) from database inception to December 2025. Randomized controlled trials (RCTs) and prospective observational studies evaluating imeglimin as monotherapy or combination therapy were included. Risk of bias was assessed using the Cochrane RoB 2.0 and ROBINS-I tools. Continuous outcomes were pooled as mean differences (MDs) and dichotomous outcomes as risk ratios (RRs) with 95% confidence intervals (CIs). RESULTS: Twenty-four studies were included in the qualitative synthesis, comprising 13 experimental studies and 11 observational studies. Thirteen RCTs involving 1,925 participants were eligible for quantitative meta-analysis. Imeglimin significantly reduced glycated haemoglobin (HbA1c) compared with control therapy (MD -0.21%; 95% CI: -0.25 to -0.17), although substantial heterogeneity was observed (I2 = 96.1%). Fasting plasma glucose (FPG) was also significantly reduced (MD -0.97 mmol/L; 95% CI: -1.08 to -0.86; I2 = 92.3%). No statistically significant increase in serious adverse events was identified. Gastrointestinal adverse events were primarily dose-related and generally mild. Although the pooled analysis showed an increased risk of hypoglycaemia, subgroup analyses were limited by low event rates and wide confidence intervals. DISCUSSION: Imeglimin demonstrated consistent improvements in glycaemic control, particularly when used in combination with other antidiabetic therapies. Variations in study design, treatment duration, baseline glycaemic status, and comparator regimens likely contributed to the observed heterogeneity. CONCLUSION: Imeglimin is an effective glucose-lowering therapy with an acceptable safety profile in patients with T2DM. Optimal efficacy appears to be achieved at doses of 1000-1500 mg twice daily, particularly as add-on therapy. Further large-scale, long-term studies are required to evaluate cardiovascular and renal outcomes and establish its role in routine clinical practice.",Current diabetes reviews,2026,10.2174/0115733998495947260828082811,,Journal Article,fasting_glucose,PubMed,supporting,9,hba1c; fasting plasma glucose
42748597,"Effect of eating vegetables before carbohydrates on glucose, insulin and glycemic control - A systematic review and meta-analysis of randomized controlled trials.","BACKGROUND AND AIMS: It is discussed that eating vegetables before carbohydrates may reduce the increase of postprandial glucose and improve insulin secretion. However, findings of studies investigating the effectiveness are inconclusive. Therefore, the aim of this systematic review and meta-analysis was to assess the effects on glycemic control in adults with and without health conditions. METHODS: PubMed and the Cochrane Library were searched until September 2025. Randomized controlled trials (RCTs) examining the effect of a vegetable preload before carbohydrate consumption on postprandial and fasting glucose, insulin and HbA1c levels in adults were selected. RESULTS: In total, we included 18 RCTs. Using risk of bias tool RoB 2 ten trials were rated with moderate risk of bias and eight with a high risk. With very low certainty of evidence the intervention reduced postprandial glucose and insulin concentration after 30 min (MD (95% CI): -1.21 mmol/L [-1.75, -0.68] and -13.14 μU/mL [-18.63, -7.65]) and 60 min (-0.52 mmol/L [-0.67, -0.37]; and -12.03 μU/mL [-18.27, -5.78]) compared to their controls without vegetable preloads. After 120 min, postprandial glucose and insulin values were higher compared to the controls (0.24 mmol/L [0.06, 0.42] and 7.10 μU/mL [1.94, 12.26]). In people with type 2 diabetes, the intervention reduced HbA1c (baseline: 8.3 ± 1.7%, after 24 months: 6.8 ± 0.8%). CONCLUSION: Although this meta-analysis shows short-term improvements in glucose and insulin concentrations and individual studies indicate beneficial effects on HbA1c, the interpretability of these results is severely restricted due to methodological limitations. PROSPERO registration number: CRD42024529101.","Clinical nutrition (Edinburgh, Scotland)",2026,10.1016/j.clnu.2026.106775,,Journal Article,fasting_glucose,PubMed,supporting,9,hba1c; fasting glucose
42778404,Rapid progression of β-cell dysfunction in a patient with glycogen storage disease type 1a complicated by diabetes: longitudinal assessment by serial OGTTs with a review of the literature.,"Glycogen storage disease type 1a (GSD1a) is characterized by hypoglycemia in childhood; however, cases complicated by diabetes in adulthood have increasingly been reported. The clinical phenotype of GSD1a appears heterogeneous, and insulin secretory capacity in the patients has not been fully characterized. Herein, we report the case of a 20-year-old woman with GSD1a who was initially diagnosed with type 2 diabetes in early adulthood. The patient's glycemic control gradually deteriorated despite administration of oral antidiabetic agents. Longitudinal evaluation using 75-g oral glucose tolerance tests demonstrated a marked decline in insulin secretion within 10 months. Based on these findings, insulin therapy was initiated, resulting in stable glycemic control. This case suggests that rapid β-cell decompensation occurs during the clinical course of early-onset diabetes in young patients with GSD1a.",Endocrine journal,2026,10.1507/endocrj.EJ26-0310,,Journal Article,oral_glucose_tolerance,PubMed,supporting,9,oral glucose tolerance; ogtt
42749367,Association of hyperglycaemia during pregnancy with future risk of type 2 diabetes among women: a nested case-control study using a US health administrative database.,"OBJECTIVE: To quantify the risk of type 2 diabetes mellitus (T2DM) among women based on the number of abnormal values on 100-gram oral glucose tolerance test (OGTT). DESIGN: A 1:5 matched case-control study nested to a cohort of pregnant women was conducted. Conditional logistic regression was employed to estimate the independent association between glucose levels and future risk of T2DM. SETTING: This study used a large multicentre electronic health records (EHRs) database-Cerner Real-World Data (CRWD) between 2000 and 2016, covering approximately 21.6% of US inpatient EHRs. PARTICIPANTS: We identified a cohort of 130 172 pregnant women registered in the CRWD between 2000 and 2016 and were followed up until the end of 2016. A nested case-control study was conducted within this cohort, comprising 1 390 cases and 6 950 matched controls. RESULTS: Adjusted Odds Ratios for the risk of T2DM among women with one abnormal value and at least two abnormal values on OGTT diagnosed by the National Diabetes Data Group criteria, as compared with those women with normal OGTT values, were 5.69 (95% CI 4.34 to 7.47) and 13.20 (95% CI 10.52 to 16.57), respectively. CONCLUSION: Women with one abnormal value on the 100-gram OGTT had a significantly higher risk of developing T2DM compared with women with normal glucose value.",BMJ open,2026,10.1136/bmjopen-2026-119313,PMC13583701,Journal Article; Multicenter Study,oral_glucose_tolerance,PubMed,supporting,9,oral glucose tolerance; ogtt
42677460,Blood Metabolomic Signatures of 1-Hour Glucose Predict Cardiometabolic Risk.,"BACKGROUND: Elevated 1-hour glucose levels during an oral glucose tolerance test strongly predict type 2 diabetes (T2D) and cardiovascular disease. We investigated whether the fasting blood metabolome predicting 1-hour glucose could be a target for improving β-cell function, long-term glycemic trajectories, and reducing the risks of T2D and coronary heart disease. We also investigated whether plasma microRNAs derived from key metabolic organs regulate changes in a metabolomic risk score (MRS) for predicting 1-hour glucose. METHODS: Untargeted blood metabolomics and a frequently sampled 75-g oral glucose tolerance test were performed in participants from the OmniCarb trial (n=162). In an independent weight-loss dietary intervention trial (POUNDS Lost [Preventing Overweight Using Novel Dietary Strategies]), temporal changes in MRS and plasma microRNAs measured by genome-wide sequencing were analyzed. In addition, associations of MRS at baseline and its 10-year changes with long-term risk of incident T2D and coronary heart disease were prospectively investigated in the NHS (Nurses' Health Study). RESULTS: We created a fasting blood MRS for predicting 1-hour glucose (Pearson r=0.8) and found significant associations with half-day (diurnal) postprandial glucose excursions and insulin secretion after 5-week controlled feeding interventions varying in carbohydrate amount and glycemic index. In the POUNDS Lost trial, diet-induced changes in MRSs were related to 2-year trajectories of glucose metabolism; circulating microRNAs regulating cardiometabolic abnormalities were pivotal factors influencing these changes. In the NHS, women in the top 20% of MRS had a multivariate-adjusted relative risk of 3.80 (95% CI, 2.22-6.51) for T2D and 1.48 (95% CI, 1.04-2.12) for coronary heart disease compared with those in the lowest 20%. In addition, 10-year increases in plasma metabolites related to 1-hour glucose were linearly associated with a higher risk of T2D. CONCLUSIONS: Our findings indicate that fasting blood metabolomic signatures predicting elevated 1-hour glucose reflect disease pathophysiology and could be targets for preventing T2D and coronary heart disease.",Circulation research,2026,10.1161/CIRCRESAHA.125.327816,,Journal Article,oral_glucose_tolerance,PubMed,supporting,9,risk score; oral glucose tolerance; overweight; diet
42792622,Association of the Pan-Immune-Inflammation Value-to-Albumin Ratio as a Novel Cardiovascular Disease Predictor in Type 2 Diabetes: A Prospective Cohort Study.,"Objectives: Individuals with type 2 diabetes (T2D) remain at high cardiovascular disease (CVD) risk. The pan-immune-inflammation value (PIV) integrates circulating neutrophils, monocytes, platelets, and lymphocytes but does not capture albumin-related nutritional and inflammatory reserve. We investigated associations between the PIV-to-albumin ratio (PIVA) and incident CVD, cardiovascular mortality, and disease progression in individuals with T2D. Methods: This prospective study included 15,355 UK Biobank participants with T2D and no baseline CVD. PIVA was calculated from peripheral blood cell counts and serum albumin and was natural log-transformed. Fine-Gray competing-risk and cause-specific Cox models were used to evaluate incident CVD and cardiovascular mortality. Multi-state models characterized transitions from T2D to CVD and death. We also examined nonlinear associations, renal biomarker mediation, joint associations with the CVD polygenic risk score and triglyceride-glucose index, sensitivity analyses, and external validation of cardiovascular mortality in the National Health and Nutrition Examination Survey. Results: During median follow-ups of 12.94 years for incident CVD and 14.49 years for cardiovascular mortality, 4829 incident CVD events and 514 cardiovascular deaths occurred. Each 1-unit increase in lnPIVA was associated with higher risks of incident CVD (subdistribution hazard ratio [sHR], 1.140; 95% confidence interval [CI], 1.088-1.194) and cardiovascular mortality (sHR, 1.449; 95% CI, 1.247-1.684). Associations were nonlinear. Higher lnPIVA was also associated with transitions from T2D to CVD, from T2D directly to cardiovascular death, and from incident CVD to cardiovascular death. Cystatin C explained a larger proportion of these associations than creatinine. Elevated lnPIVA identified excess cardiovascular risk across strata of genetic susceptibility and insulin resistance, and the findings were generally supported by sensitivity and external validation analyses. Conclusions: lnPIVA was associated with incident CVD, cardiovascular mortality, and adverse cardiovascular transitions in individuals with T2D. As an immune-inflammatory and albumin-based index, PIVA may help identify high-risk individuals beyond conventional cardiometabolic and genetic risk profiles.",Biomedicines,2026,10.3390/biomedicines14091878,PMC13604361,Journal Article,risk_prediction,PubMed,supporting,9,risk score; genetic; insulin resistance; triglyceride
42749101,Risk Factors and Definition of Younger-Onset Metabolic Dysfunction-Associated Steatotic Liver Disease (MASLD) Cirrhosis.,"BACKGROUND & AIMS: Cirrhosis from metabolic dysfunction-associated steatotic liver disease (MASLD) usually develops with advancing age, yet a subset of patients presents at younger ages. We examined genetic and metabolic factors associated with younger-onset MASLD cirrhosis. APPROACH AND RESULTS: Adults with biopsy-proven MASLD enrolled in the NASH CRN were included. DNA was genotyped, and a genetic risk score (GRS) was calculated as the sum of risk alleles in PNPLA3 and TM6SF2 plus the wild-type HSD17B13 allele, dichotomized at the median (low vs high), in addition to evaluation of previously published weighted GRSs. Younger-onset cirrhosis was defined as the youngest quartile among participants with cirrhosis. Multivariable logistic regression evaluated factors associated with younger-onset cirrhosis. Among 2,395 participants, 234 (9.8%) had MASLD cirrhosis (median age 58.4 years, body mass index (BMI) 34.9 kg/m2, 66% with type 2 diabetes mellitus [T2DM]). Younger-onset cirrhosis was defined as the lowest quartile, which was <50 years and was associated with a lower prevalence of the protective HSD17B13 variant (24% vs 34%, p=0.004). Compared with non-cirrhotic MASLD participants under 50 years (n=999), those with cirrhosis more often had T2DM, BMI ≥35kg/m2, higher alkaline phosphatase, and lower ALT. In multivariable models adjusting for demographic and metabolic factors, high GRS (OR 2.33, 95%CI: 1.26-4.23; p=0.006) and T2DM (OR 3.74, 95%CI: 2.08-6.82; p<0.001) remained independently associated with cirrhosis under age 50. CONCLUSIONS: One-quarter of participants with MASLD cirrhosis present before age 50 years and have distinct features, including higher genetic risk and a greater prevalence of T2DM.",Clinical gastroenterology and hepatology : the official clinical practice journal of the American Gastroenterological Association,2026,10.1016/j.cgh.2026.08.033,,Journal Article,risk_prediction,PubMed,supporting,9,risk score; body mass index; bmi; genetic
42723363,Diagnostic Value of Gastrocnemius Shear Wave Elastography Combined With BMI in Different Stages of Sarcopenia in Elderly Patients With Type 2 Diabetes Mellitus and Sex Differences: A Cross-Sectional Study.,"OBJECTIVE: To investigate the diagnostic and differential value of gastrocnemius shear wave elastography (SWE) combined with body mass index (BMI) in different stages of Type 2 diabetes mellitus (T2DM) related sarcopenia in elderly patients and to analyze sex differences. METHODS: A total of 269 participants were classified into four groups according to the AWGS 2019: healthy controls (n = 62), those with T2DM without sarcopenia (n = 68), those with T2DM with possible sarcopenia (n = 64), and those with T2DM with sarcopenia (n = 75). SWE was used to measure the elastic modulus of the dominant-side gastrocnemius under relaxed (E-rest) and contracted (E-cont) conditions. Logistic regression was used to construct prediction models for total and sex-stratified populations, which were evaluated in three scenarios: core diagnosis, early risk identification, and differential factor analysis. RESULTS: The patients with T2DM in the sarcopenia group were the oldest, had the longest diabetes duration, and had the lowest BMI, ASMI, handgrip strength, and E-cont; conversely, E-rest did not show significant intergroup differences. Lower E-cont and lower BMI were independent risk factors. The combined model showed excellent performance in the core diagnosis scenario (AUC 0.988; sensitivity 92.0%; specificity 95.4%), and the sex-stratified models also demonstrated strong performance (AUC 0.984 for males and 0.991 for females). The protective effect of E-cont was stronger in females (OR 0.710) than in males (OR 0.806), whereas the protective effect of BMI was stronger in males (OR 0.358) than in females (OR 0.388). The AUCs were 0.954 for early risk identification and 0.966 for differential factor analysis. The T2DM with possible sarcopenia group exhibited a low E-cont/high BMI pattern, whereas the T2DM with sarcopenia group exhibited a low E-cont/low BMI pattern. CONCLUSION: E-cont is an early indicator of T2DM-related muscle decline. The combined model showed good diagnostic and differential performance across sarcopenia stages, with sex differences. The model serves as a noninvasive tool for risk stratification.",Geriatrics & gerontology international,2026,10.1111/ggi.70829,PMC13562983,Journal Article,risk_prediction,PubMed,supporting,9,early risk; diagnosis; body mass index; bmi; sarcopenia
42784469,South Asian Women's Perspectives and Recommendations on Gestational Diabetes Care and Postpartum Type 2 Diabetes Prevention in Aotearoa New Zealand: A Qualitative Study.,"South Asian (SA) women in New Zealand face a disproportionately high risk of developing gestational diabetes mellitus (GDM) and subsequent Type 2 diabetes (T2D). Despite this elevated risk, significant gaps exist in culturally appropriate care for GDM and long-term postpartum follow-up. This qualitative study explored the experiences of SA women to identify the gaps and barriers encountered during and after GDM in transitioning from antenatal GDM care to postpartum primary healthcare and seek suggestions for improvement. To inform culturally responsive care strategies that can reduce the risk of progression to T2D after GDM, 30 semi-structured in-depth interviews were conducted with SA women diagnosed with GDM within the past 5 years. Participants were recruited through purposive sampling across New Zealand. Interviews were transcribed verbatim and analysed using an inductive thematic approach. Six key themes with sub-themes were developed: (1) awareness and education; (2) culturally tailored resources; (3) community support; (4) moving backwards to an unhealthy lifestyle; (5) preventing T2D; and (6) improving GDM and postpartum care. Participants advocated for prepregnancy or early counselling, community-based education to reduce stigma, culturally relevant dietary guidance, subsidised follow-up healthcare providers and structured long-term postpartum follow-up. The emotional burden of GDM and inconsistent healthcare communication were also prominent concerns. The findings highlight the need for integrated, culturally congruent and continuous care models for SA and ethnicities at high risk during and after GDM. Incorporating women's suggestions based on their lived experiences into service design may improve postpartum health outcomes and reduce future risk of GDM and T2D.",Journal of diabetes research,2026,10.1155/jdr/8712576,PMC13606028,Journal Article,prevention,PubMed,supporting,9,diabetes prevention; diet; lifestyle; prevention
42771802,Stakeholder Perspectives on the Integration of AI in Diabetes Care: Systematic Review of Qualitative Studies.,"BACKGROUND: AI is increasingly being integrated into diabetes care, with growing evidence supporting its potential to improve clinical decision-making, risk prediction, and self-management. However, the lived experiences, expectations, and concerns of those involved in its implementation have not been adequately synthesized. OBJECTIVE: This study aims to synthesize qualitative evidence on the perspectives of patients, caregivers, health care professionals (HCPs), and other stakeholders regarding the integration of AI in diabetes management. METHODS: We searched MEDLINE via PubMed, Web of Science, Scopus, CINAHL, and PsycINFO from inception to February 17, 2026. Eligible studies examined the perspectives of adult patients, caregivers, health care professionals, or administrators on AI-enabled tools for diabetes management, self-management, clinical decision support, or the prevention of complications, and used qualitative methods or reported a separately analyzable qualitative component. Tools required an identifiable data-driven function for prediction, classification, recommendation, personalization, or decision support. Studies focused exclusively on image-based diagnosis, technical validation, or digital tools without an identifiable AI component were excluded. Two reviewers (HM-M and JM-A) independently screened studies and extracted data. Methodological limitations were assessed using the Joanna Briggs Institute (JBI) checklist and the Cochrane Qualitative Methodological Limitations Tool (CAMELOT). Findings were synthesized using thematic synthesis. Confidence was assessed using GRADE-CERQual. A sensitivity analysis excluded questionnaire-based qualitative evidence. RESULTS: Fourteen studies published between 2023 and 2025 were included, representing at least 738 participants across 9 countries. Participants included individuals with type 1 or type 2 diabetes, family caregivers, doctors, nurses, specialists, administrators, and other health care staff. Studies evaluated large language models, AI-enabled mobile applications and wearables, glucose-prediction systems, and clinical decision-support tools. Exposure ranged from direct use of functioning systems to evaluation of prototypes, wireframes, and hypothetical applications. Four analytical themes and 13 subthemes were identified. Stakeholders perceived that AI could support preventive and individualized care, education, self-management, and decision-making. Concerns included accuracy, bias, privacy, accountability, increased workload, caregiver burden, loss of professional autonomy, and erosion of human-centered care. Participants emphasized explainability, intuitive design, integration with existing systems, tailored training, and continued access to human support. Eleven findings were rated as high confidence and 2 as moderate confidence. CONCLUSIONS: Although stakeholders perceived AI to be useful for diabetes care, these qualitative findings do not demonstrate clinical effectiveness, safety, or improved patient outcomes. Evidence was limited by heterogeneity in AI modalities, stakeholder groups, diabetes contexts, and technology exposure, as well as demographic imbalance, restricted reporting of researcher reflexivity, and reliance on prototype or hypothetical systems. Implementation should prioritize transparent design, clinical validation, data governance, human oversight, and tailored support, while preserving professional judgment and person-centered relationships.",Journal of medical Internet research,2026,10.2196/105329,PMC13596760,Journal Article; Systematic Review; Review,prevention,PubMed,supporting,9,diagnosis; prevention
42766389,Hemoglobin A1c and Weight Changes Associated With Grocery Delivery and Low-Carbohydrate Education in Adults With Type 2 Diabetes and Food Insecurity: Observational Quality Improvement Cohort Study.,"BACKGROUND: Type 2 diabetes mellitus (T2D) is one of the most significant chronic health challenges in Michigan, especially for individuals with food insecurity. Improving nutrition, including lowering carbohydrate intake, is foundational to T2D prevention and management. Grocery delivery paired with low-carbohydrate education has the potential to reduce logistical barriers to dietary change but is not well understood in individuals with food insecurity. OBJECTIVE: The objective of our study was to evaluate changes in clinical metrics of hemoglobin A1c (HbA1c), weight, and diabetes medication use after a paired grocery delivery and low-carbohydrate education program. METHODS: The Healthy Eating Jumpstart Program (hereafter, Jumpstart) enrolled adult Michiganders with T2D and low income or food insecurity from 21 Michigan primary care practices between October 2022 and May 2023. Jumpstart was a 3-month, nonrandomized grocery delivery and low-carbohydrate education quality improvement program without a control group. Participants received US $80 every month through Shipt to purchase eligible healthy foods, along with low-carbohydrate educational materials. Clinical metrics of HbA1c, weight, and diabetes medication use were collected from medical records from 6 months before enrollment through 12 months after enrollment. Changes in HbA1c and weight from baseline were evaluated at 3, 6, 9, and 12 months, with stratification by baseline glycemic control and glucagon-like peptide-1 receptor agonist (GLP-1 RA) medication use, respectively. Overall change was assessed with paired t tests comparing baseline values to each participant's latest value for HbA1c and weight. Medication changes were assessed by comparing baseline and 12-month dosing to categorize changes as increased, decreased, eliminated, or unchanged. RESULTS: A total of 83 patients participated in Jumpstart. Participants were primarily female (57/79, 72%), White (70/79, 89%), and had a high school degree or less (35/79, 44%). At baseline, the average HbA1c was 7.6% (SD 2%), average weight was 105 (SD 25.8) kg, and average BMI was 38.2 (SD 8.8) kg/m2. The overall reduction in HbA1c from baseline was 0.4% (SD 1.4%; P=.02; n=68), and this reduction was greater when limited to individuals with uncontrolled HbA1c at baseline (mean 0.7%, SD 1.8; P=.02; n=38). The overall percent reduction in weight from baseline was 1.7% (SD 4.4%; P=.002; n=66), but this change was not significant when limited to non-GLP-1 RA users. Most medications had no change in dosing (77/166, 46%), and slightly more medications were increased or added (n=52, 31%) than decreased or discontinued (n=37, 22%). CONCLUSIONS: The results from this clinical evaluation suggest that the Jumpstart quality improvement program was associated with improvements in HbA1c that persisted beyond 6 months and small reductions in weight among participants. A low-burden program such as Jumpstart may be a feasible approach to support long-term dietary change in patients with T2D and food insecurity or low income.",JMIR formative research,2026,10.2196/89459,PMC13592385,Journal Article; Observational Study,prevention,PubMed,supporting,9,hba1c; bmi; diet; prevention
42760378,"Nutrition transitions, obesity and T2DM in the Middle East and North Africa.","Obesity and type 2 diabetes mellitus (T2DM) are global epidemics, but their burden is particularly pronounced in the Middle East and North Africa (MENA) region. This Review provides a comprehensive overview of their epidemiological landscape among adults in the MENA region, encompassing disease burden, temporal trends, intersecting risk factors and key gaps in research, policy and practice, while highlighting regional heterogeneity. Despite worsening trends, the broader landscape, including disease burden and its drivers, remains insufficiently addressed. Contributing risk factors include poor diet quality, physical inactivity, genetic predisposition, obesogenic food environments and socioeconomic and cultural influences. While high-income places in the Gulf region have undergone earlier and more advanced nutrition transitions, with some of the highest prevalences of obesity and T2DM globally, places in North Africa are experiencing rapid shifts, with some of the steepest increases in high BMI and elevated fasting plasma levels of glucose. Although places share common drivers such as urbanization and sedentary lifestyles, the magnitude and distribution of risk vary widely owing to differences in economic development, healthcare infrastructure, cultural norms and public health nutrition policies. These epidemics impose a substantial and under-recognized economic burden. Prevention and management efforts remain fragmented, highlighting the need for stronger regional collaboration, improved evidence generation and culturally tailored interventions.",Nature reviews. Endocrinology,2026,10.1038/s41574-026-01301-5,11462227,Journal Article; Review,prevention,PubMed,supporting,9,obesity; bmi; diet; lifestyle; genetic; prevention
42771209,Durability of Type 2 Diabetes Remission After Bariatric Surgery: Predictors of Sustained Remission and Glycemic Relapse at Five Years in a Retrospective Single-Center Study.,"BACKGROUND: Metabolic bariatric surgery (MBS) is one of the most effective treatments for obesity and type 2 diabetes mellitus (T2DM). Although high rates of diabetes remission have been reported, the durability of remission and the factors associated with glycemic relapse remain incompletely understood. OBJECTIVE: To evaluate the rates of sustained T2DM remission and glycemic relapse after metabolic bariatric surgery and to identify factors associated with both outcomes. METHODS: A retrospective cohort study was conducted including 151 patients with obesity and T2DM who underwent bariatric surgery. Partial, complete, and prolonged remission were defined according to established consensus criteria. Sustained remission was defined as the presence of remission at 5 years after surgery. Glycemic relapse was evaluated among patients who achieved remission during follow-up. Bivariate analyses and multivariable logistic regression for sustained remission and Cox proportional hazards regression for glycemic relapse were performed to identify factors associated with these outcomes. RESULTS: During follow-up, 120 patients (79.5%) achieved diabetes remission. At 5 years, 91 patients (60.3%) maintained remission, including 60 cases of complete remission and 31 cases of partial remission; prolonged remission was observed in 50 patients. In multivariable analysis, shorter diabetes duration (aOR 0.980 per month, 95% CI 0.969-0.992; p < 0.001), lower preoperative HbA1c (aOR 0.671 per 1% increase, 95% CI 0.520-0.866; p = 0.002), and higher preoperative BMI (aOR 1.120 per kg/m2, 95% CI 1.030-1.218; p = 0.008) were independently associated with sustained remission. Among patients who achieved remission, 27 (22.5%) experienced glycemic relapse. Most relapses occurred between the fourth and fifth postoperative years. Longer diabetes duration (aHR 1.015 per month, 95% CI 1.006-1.024; p = 0.001) and higher preoperative HbA1c levels (aHR 1.283 per 1% increase, 95% CI 1.050-1.567; p = 0.015) were independently associated with increased relapse risk, whereas greater %EWL at 1 year was independently associated with a lower risk of relapse (aHR 0.754 per 10-percentage-point increase, 95% CI 0.621-0.917; p = 0.005). CONCLUSIONS: Metabolic bariatric surgery achieved high rates of sustained T2DM remission in this cohort. Shorter diabetes duration and better preoperative glycemic control were associated with both a greater likelihood of sustained remission and a lower risk of glycemic relapse. These findings underscore the relevance of diabetes duration and preoperative glycemic status in long-term metabolic outcomes and the need for continued postoperative metabolic follow-up in patients with T2DM undergoing bariatric surgery.",Obesity surgery,2026,10.1007/s11695-026-08926-5,8740746,Journal Article,clinical_guidelines,PubMed,supporting,9,hba1c; obesity; bmi; consensus
42750677,How to improve uptake and adherence to dietary trials in gestational diabetes amongst South Asian women: insights from patient and public involvement and engagement.,"BACKGROUND: Gestational diabetes mellitus (GDM) is associated with adverse maternal and neonatal outcomes and affects approximately 10-20% of pregnancies in the UK. The prevalence of GDM among South Asian women is around twice that of White British women, and they are also twice as likely to develop type 2 diabetes following diagnosis. Although multiple dietary interventions have been explored to improve glycaemic control in GDM, no single dietary approach has proven consistently effective in improving health outcomes.We conducted a patient and public involvement and engagement (PPIE) activity with South Asian women to inform a trial evaluating the acceptability, feasibility, and safety of an intermittent low-energy diet (ILED) in GDM. PPIE input was particularly valuable in addressing lower-than-anticipated recruitment and retention, especially among South Asian women, and provided insights into sociocultural barriers and facilitators to improve trial design and participation. METHODS: Six South Asian women with lived experience of overweight or obesity in pregnancy, either personally affected by gestational diabetes or with close family experience, participated in one-to-one discussions lasting up to 60 minutes to provide feedback on trial procedures, methods, and design. Based on these insights, a follow-up discussion group was conducted with eleven South Asian women who had been pregnant in the last five years, were currently pregnant, or planning pregnancy, and who had experience of overweight/obesity or GDM. Key priorities were identified and translated into practical action points to inform ongoing research. CONCLUSIONS: Three key priorities emerged as a potential means of enhancing engagement with South Asian women: addressing vulnerability (including trust and loss of control), improving accessibility, and reducing mental load (including competing priorities, emotional wellbeing, and family influence).",NIHR open research,2026,10.3310/nihropenres.14303.2,PMC13575402,Journal Article,clinical_guidelines,PubMed,supporting,9,diagnosis; obesity; overweight; diet
42767595,Personalized obesity hypoventilation syndrome risk assessment among bariatric surgery candidates through explainable machine learning: A multicenter cross-sectional study.,"BACKGROUND: Obesity hypoventilation syndrome (OHS) is frequently underdiagnosed, which substantially increases risk of perioperative complications. Limited provider awareness and the need for cumbersome diagnostic testing may hinder timely diagnosis. Machine learning (ML) may facilitate individualized OHS risk assessment by integrating multiple clinical and laboratory variables. RESEARCH QUESTION: Can an explainable ML model using readily available clinical and laboratory variables accurately identify bariatric surgery candidates at risk for OHS. STUDY DESIGN AND METHODS: This retrospective cross-sectional cohort study included 673 bariatric surgery candidates from the Chinese Obesity and Metabolic Surgery Database, randomly divided into training (70%, n = 471) and internal testing (30%, n = 202) cohorts. An independent cohort of 175 patients from another tertiary hospital was collected for external validation. Feature selection was performed using LASSO regression and Boruta, with bootstrap resampling used to assess selection stability. Ten ML models were constructed and evaluated using discrimination, calibration, and clinical utility measures. SHAP analysis was performed to enhance model interpretability, and a publicly accessible web-based calculator was deployed clinical application. RESULTS: The final logistic regression model included 7 predictors: serum bicarbonate, type 2 diabetes, mean corpuscular hemoglobin concentration, tiredness, body mass index, observed apnea, and neck circumference. The model demonstrated good discrimination in the training, internal testing, and external validation cohorts, with AUCs of 0.884 (95%CI:0.844-0.917), 0.863 (95%:0.784-0.935) and 0.870 (95%:0.806-0.926). SHAP analysis identified serum bicarbonate as the most important predictor. The model showed favorable calibration and clinical utility as well as was implemented as an online calculator. INTERPRETATION: Our explainable ML model integrating 7 readily available clinical variables demonstrated good predictive performance for OHS in bariatric surgery candidates. This model may facilitate earlier risk stratification and targeted diagnostic evaluation.",Chest,2026,10.1016/j.chest.2026.09.013,,Journal Article,early_risk,PubMed,supporting,8,diagnosis; obesity; body mass index
42796988,Enhanced Metabolic Risks in Patients with Obesity and Nutritional Deficiencies in the U.S.: A TriNetX Study.,"BACKGROUND/OBJECTIVES: Nutrient deficiencies associated with progression from obesity to metabolic dysfunction are poorly characterized. Using electronic health records (TriNetX Research Network), we evaluated the association between key nutritional deficiencies and metabolic outcomes among patients with obesity. METHODS: Deficiencies assessed included protein-energy malnutrition, deficiencies in vitamin D, calcium, magnesium, and vitamin B12, and prior underweight status. Outcomes included severe obesity, prediabetes, type 2 diabetes, metabolic syndrome, metabolic dysfunction-associated steatotic liver disease (MASLD), and metabolic dysfunction-associated steatohepatitis (MASH). After matching propensity scores, cohorts with the double burden of malnutrition (DBM) were compared with a reference cohort of patients with obesity but no history of nutritional deficiencies. RESULTS: The most prevalent types of DBM were vitamin D deficiency (10.6%), protein deficiency (8.9%) and calcium deficiency (7.5%). Incidence rates of obesity and all types of DBM increased from 2023 to 2025. Although middle-aged White and Black/African American patients represented the largest demographic groups, adults aged >70 years exhibited higher incidence rates of protein, calcium, magnesium, and B12 deficiencies. Vitamin D deficiency (median hazard ratio [HR] 3.09; IQR 2.32-5.66), vitamin B12 deficiency (median HR 2.49; IQR 2.16-6.08), and prior underweight (median HR 2.23; IQR 1.76-3.98) were associated with the highest burden of metabolic diseases. CONCLUSIONS: These findings underscore the interplay between nutritional deficiencies and metabolic disease risk in obesity and support targeted interventions for populations affected by DBM, especially older adults, and in the context of racial and socioeconomic disparities.",Nutrients,2026,10.3390/nu18183005,PMC13610809,Journal Article,prediabetes_progression,PubMed,supporting,8,prediabetes; obesity; metabolic syndrome
42798566,The association between maternal diabetes and the risk of epilepsy in offspring: a systematic review and meta-analysis.,"BACKGROUND: Epilepsy is among the most prevalent neurological disorders in children, with nearly half of all cases remaining idiopathic. The global prevalence of maternal diabetes-encompassing both pregestational types (type 1 diabetes mellitus (T1DM) and type 2 diabetes mellitus (T2DM)) and gestational diabetes mellitus (GDM)-has been steadily increasing, raising growing concerns regarding its impact on offspring neurodevelopment. While accumulating evidence suggests that maternal diabetes is associated with an elevated risk of various neurodevelopmental disorders in children, its specific relationship with the risk of epilepsy remains unclear, with available data being both limited and conflicting. To address this gap, we conducted a meta-analysis to comprehensively evaluate the association between distinct types of maternal diabetes (pregestational and gestational) and the subsequent risk of epilepsy in offspring. METHODS: We systematically searched the PubMed, Embase, Web of Science, and the Cochrane Library for observational studies examining the association between maternal diabetes and offspring epilepsy risk, covering the period from database inception to July 2026. Two independent reviewers performed literature screening, data extraction, and risk-of-bias assessment. Statistical analyses were performed using Stata version 14.0. RESULTS: A total of three studies, encompassing 5,287,837 participants, met the inclusion criteria. Pregestational diabetes-both T1DM and T2DM-was significantly associated with an increased risk of epilepsy in offspring (T1DM: HR = 1.33, 95% CI [1.17, 1.52], P < 0.001; T2DM: HR = 1.38, 95% CI [1.25, 1.51], P < 0.001). Nevertheless, owing to the observational design of the included studies, these associations should not be interpreted as causal. Regarding GDM, the pooled estimate did not reach conventional statistical significance (HR = 1.04, 95% CI [0.93, 1.16], P = 0.469). Furthermore, sensitivity analyses revealed that this null finding lacked robustness, with the pooled estimate being substantially influenced by individual studies. Consequently, the current evidence is insufficient to either support or refute a conclusive association between GDM and offspring epilepsy, and any positive findings must be interpreted with considerable caution. CONCLUSIONS: This meta-analysis suggests that pregestational T1DM and T2DM may increase the risk of epilepsy in offspring. In contrast, for GDM, the available analytical evidence remains inconclusive and displays notable between-study heterogeneity; although the summary effect was not statistically significant, it proved highly unstable under sensitivity testing. Given the limited number of included studies and the inability to fully exclude residual confounding, the above findings-particularly those pertaining to GDM-should be regarded as exploratory rather than definitive causal inferences. Interpretation of these results warrants prudence. Future large-scale, high-quality prospective cohort studies are urgently needed to validate these observations, with special emphasis on stringent glycemic management in pregnant women with diabetes and long-term neurodevelopmental surveillance of their offspring. SYSTEMATIC REVIEW REGISTRATION: https://www.crd.york.ac.uk/PROSPERO/view/CRD420261465624, identifier CRD420261465624.",Frontiers in endocrinology,2026,10.3389/fendo.2026.1960502,PMC13612357,Journal Article; Systematic Review; Meta-Analysis,screening,PubMed,supporting,8,screening
42799518,Diabetic Autonomic Neuropathy Among Patients With Diabetes in Rural Warangal in India: A Cross-Sectional Study.,"Background Diabetic autonomic neuropathy (DAN) is a common but frequently underdiagnosed complication of diabetes mellitus that affects multiple organ systems and contributes to increased morbidity and mortality. Early identification using simple screening tools is essential, particularly in resource-limited primary care settings. However, community-based data on DAN from rural India remain limited. Objectives The objective of this study is to estimate the proportion of screen-positive DAN and identify factors associated with its occurrence among individuals with type 2 diabetes mellitus in rural Warangal, Telangana. Methods A community-based cross-sectional study was conducted among 400 adults aged ≥30 years with previously diagnosed type 2 diabetes mellitus residing in the rural field practice area of Kakatiya Medical College, Warangal, during 2020-2021. Participants were selected through simple random sampling from the Non-Communicable Disease (NCD) register. Data were collected using a pre-tested semi-structured questionnaire. DAN was screened using the validated Composite Autonomic Symptom Score (COMPASS-31), with a score ≥17 indicating DAN. Descriptive statistics, binary logistic regression, and multivariable logistic regression analyses were performed to identify independent predictors. A p-value <0.05 was considered statistically significant. Results The prevalence of diabetic autonomic neuropathy was 21.0% (84/400). On multivariable logistic regression analysis, younger age (≤44 years) (adjusted odds ratio (AOR): 3.10), female sex (AOR: 1.72), illiteracy (AOR: 1.85), unemployment (AOR: 1.67), smoking (AOR: 7.95), alcohol consumption (AOR: 5.21), inadequate daily vegetable intake (AOR: 1.64), physical inactivity (AOR: 1.72), and poor glycaemic control (random blood glucose ≥200 mg/dL; AOR: 6.03) were identified as significant independent factors associated with DAN (p<0.05). Conclusion Approximately one in five individuals with type 2 diabetes in this rural population had DAN. Lifestyle-related factors, poor glycaemic control, and adverse socioeconomic characteristics were independently associated with DAN. Community-based screening using validated symptom-based tools such as COMPASS-31, along with interventions promoting glycaemic control and healthy lifestyle practices, may facilitate early detection and reduce the burden of diabetic complications in rural settings.",Cureus,2026,10.7759/cureus.115194,PMC13614469,Journal Article,diagnosis,PubMed,supporting,8,early detection; screening; lifestyle; neuropathy
42798080,Quantitative evaluation of the effect of hyperlipidemia on carotid artery stiffness in patients with type 2 diabetes mellitus using shear wave elastography.,"Type 2 diabetes mellitus (T2DM) is a major risk factor for atherosclerotic cardiovascular disease (CVD), and hyperlipidemia (HLD) frequently coexists. Shear wave elastography (SWE) quantifies carotid stiffness and may improve CVD risk stratification. To evaluate the impact of HLD on carotid stiffness in T2DM using SWE. We conducted a cross-sectional study of 112 adults with T2DM: simple diabetes (Group B, n = 52) and T2DM with HLD (Group C, n = 60): and 55 healthy controls (Group A). Demographic, clinical, and biochemical data were collected. Conventional ultrasound measured carotid intima-media thickness, diastolic diameter, systolic diameter, and peak systolic velocity. Arterial distensibility and the stiffness coefficient were calculated. SWE provided maximum, mean, and minimum elastic moduli. Pearson correlation tested associations between SWE parameters and risk factors; multivariable linear regression identified independent determinants of SWE values. Compared with controls, Groups B and C had higher fasting glucose, glycated hemoglobin, total cholesterol (TC), triglycerides (TG), and LDL-C (all P < .05); TC, TG, and LDL-C were higher in Group C than Group B (all P < .05). high-density lipoprotein cholesterol (HDL-C) were lower in both Group B and Group C compared to Group A (both P < .05), and were also lower in Group C than in Group B (P < .05). Mean elastic modulus, maximum elastic modulus, and minimum elastic modulus were greater in Groups B and C than in controls and were highest in Group C (all P < .05). SWE parameters correlated positively with carotid intima-media thickness, TC, TG, and LDL-C, and negatively correlated with HDL-C (all P < .05). In multivariable models, hyperlipidemia: driven primarily by elevated TC, TG, and LDL-C and reduced HDL-C: was independently associated with increased SWE values in T2DM (all P < .05). HLD exacerbates carotid atherosclerosis in T2DM. SWE is a noninvasive, quantitative, and efficient method for assessing carotid stiffness and cardiovascular risk in T2DM, particularly among patients with concurrent HLD.",Medicine,2026,10.1097/MD.0000000000050829,,Journal Article,hba1c,PubMed,supporting,8,glycated hemoglobin; fasting glucose; lipid; triglyceride; cholesterol; carotid; atherosclerosis
42784530,The dose-response association between wearables-quantified incidental physical activity and type 2 diabetes: a prospective cohort study.,"AIM: This prospective cohort study aimed to quantify dose-response associations between intensity-specific incidental physical activity (IPA) and the incidence of type 2 diabetes (T2D) in a large cohort of UK adults. A secondary aim was to estimate the T2D-specific equivalence of 1 minute of vigorous-intensity IPA relative to moderate- and light-intensity IPA. METHODS: Participants were adults from the UK Biobank accelerometry sub-study who self-reported as nonexercisers. Individuals were excluded if they had T2D at baseline, were using insulin therapy, or received a T2D diagnosis within 12 months of follow-up. T2D status was primarily derived from primary care records. Device-measured IPA was categorized into light (LIPA; 1.5 to <3 METs), moderate (MIPA; 3 to <6 METs), and vigorous (VIPA; ≥6 METs) intensities. Additional analyses examined the T2D-specific equivalence of 1 minute of VIPA to MIPA and LIPA. The reference group comprised participants accumulating neither MIPA nor VIPA. RESULTS: The primary analysis included 22 857 nonexercisers (mean age 62.1 ± 7.7 years, 42.8% male). Over a 7.8-year follow-up period, 721 (3.2%) participants developed T2D. MIPA and VIPA, but not LIPA, exhibited near-linear inverse associations with T2D risk. Median VIPA (4.75 minutes/day) was associated with a hazard ratio (HR) 0.62 [95% confidence interval (CI) 0.53-0.73], and median MIPA (23.70 minutes/day) showed a HR of 0.67 (95% CI: 0.52-0.86). One minute of VIPA/day was associated with an equivalent T2D risk reduction of 5.9 minutes MIPA/day and 46.6 minutes LIPA/day. CONCLUSION: MIPA and VIPA were associated with lower T2D risk in a dose-dependent manner. Although median LIPA was linked to reduced risk, it did not demonstrate a consistent dose-response relationship.",The Journal of clinical endocrinology and metabolism,2026,10.1210/clinem/dgag316,,Journal Article,prevention,PubMed,supporting,8,diagnosis; physical activity; exercise
42755236,"Facilitators and barriers to implementing a digital health-supported, community pharmacy-based prediabetes management program (PRIME program) in Malaysia: a qualitative study of participants' and pharmacists' perspectives.","AIM: This study aims to evaluate the facilitators and barriers to the implementation, adoption, and participation of these programs. BACKGROUND: The Prediabetes Intervention, Management, and Evaluation (PRIME) program is an initiative that integrates digital health tools with community pharmacy services to encourage lifestyle behaviour changes among participants with prediabetes. While PRIME demonstrates effectiveness in clinical outcomes, the integration of such programs into community pharmacy services remains limited. METHODS: In-depth focus group discussions and one-on-one interviews were conducted with participants and pharmacists who were involved in PRIME. The semi-structured interviews focused on the experiences and perceptions of the implementation of PRIME and its influence on behaviour change. All audio-recorded interviews were transcribed, coded, and analysed using thematic analysis techniques, leading to the development of major themes. FINDINGS: Seven focus groups and twenty interviews were conducted among 37 participants and 10 pharmacists. Five themes were developed: 1) Intrinsic motivations towards better health; 2) Influence of rapport building; 3) Improved convenience to healthcare access; 4) Resource and support; and 5) Innovation with digital health. Key barriers were related to the use of digital health tools (technical difficulties, lacking engaging functionalities) and resources (workload management, availability of prediabetes-specific guidelines). The participants perceived the blended approach of in-person support with technology-assisted interventions in PRIME as an effective way to build healthier lifestyles. While community pharmacy-based prediabetes management programs like PRIME can be effective in driving healthier lifestyles, several barriers hinder their broader adoption. Addressing these barriers could enhance the implementation and uptake of these programs.",Primary health care research & development,2026,10.1017/S1463423626101765,,Journal Article,prevention,PubMed,supporting,8,prediabetes; lifestyle; guideline
42755829,Factors associated with poor cardiometabolic control in patients with type 2 diabetes: a Lasso-Firth penalized regression analysis.,"OBJECTIVE: To assess cardiometabolic control among patients with type 2 diabetes mellitus (T2DM) in Shanxi Province and identify variables associated with poor cardiometabolic control. METHODS: Data on demographic characteristics, medical history, Knowledge-Attitude-Practice (KAP) questionnaire scores, and clinical measurements of blood pressure, glucose, and lipid levels were collected from seven hospitals in Shanxi Province between June 2024 and June 2025. Poor cardiometabolic control was defined as failure to achieve comprehensive control across the three cardiometabolic domains (blood pressure, glycemia, and lipid levels), with failure to meet the target in any single domain considered poor control. Variable selection was performed using the least absolute shrinkage and selection operator (LASSO) combined with bootstrap-based stability selection. Firth's penalized logistic regression was then applied to the stably selected variables to estimate their associations with poor cardiometabolic control. RESULTS: Among 1,874 patients, only 2.88% achieved comprehensive cardiometabolic control. Most patients had marked deficits in knowledge of blood pressure and lipid management, as well as in self-monitoring and symptom recognition. Bootstrap stability selection combined with Firth regression identified six candidate variables. Among these, BMI, education level, and knowledge score exhibited the strongest, nominally significant associations with poor cardiometabolic control, whereas practice score, hypertension history, and T2DM duration were selected but did not reach nominal significance. These exploratory findings require validation in independent cohorts. CONCLUSIONS: Cardiometabolic control among patients with T2DM in Shanxi Province remains suboptimal. Exploratory analyses suggest that BMI, education level, and knowledge score are the variables most robustly associated with poor cardiometabolic control, whereas practice score, hypertension history, and T2DM duration represent additional, weaker candidate associations warranting further investigation. These findings may inform future diabetes self-management education and intervention strategies aimed at improving glycemic, blood pressure, and lipid control. However, given the cross-sectional and exploratory nature of this study, the results should be regarded as hypothesis-generating and require confirmation in prospective or interventional studies before causal inferences can be drawn.",Frontiers in endocrinology,2026,10.3389/fendo.2026.1905392,PMC13581911,Journal Article,early_risk,PubMed,supporting,7,bmi; hypertension; blood pressure; lipid
42745970,Beyond Soil Selenium: Agroindustrial Exposure Pathways and Diabetes Risk Assessment in Contemporary China.,"A recent multicenter Chinese cohort study reported a prospective association between high serum selenium (Se) status and incident type 2 diabetes (T2D), while interpreting regional serum Se variation largely through local soil geochemistry. Although the correlation between soil and serum Se is robust at the regional scale, the inferential leap from geochemistry to dietary exposure may underestimate contemporary food system inputs. Two structural features of modern China, institutionalized Se supplementation in compound feed since 2009 and large-scale importation of soybean meal from geochemically heterogeneous origins, have introduced agroindustrial Se pathways that may partially decouple animal-source dietary Se from local soils. Risk mapping based solely on geochemical proxies may misclassify exposure burden in regions where these pathways dominate. Future Se exposure assessments should integrate geochemical, dietary, food supply chain, environmental, and biomarker data, particularly for populations with serum Se levels comparable to the highest tertile in that cohort.",China CDC weekly,2026,10.46234/ccdcw2026.166,PMC13575425,Journal Article,early_risk,PubMed,supporting,7,incident type 2 diabetes; diet
42798559,Pooled prevalence of anxiety and depressive symptoms among adults with type 2 diabetes: a systematic review and meta-analysis.,"PURPOSE: Anxiety and depressive symptoms are highly prevalent among individuals with type 2 diabetes mellitus (T2DM), yet they remain underdiagnosed despite their substantial impact on health outcomes. In addition to impairing treatment adherence, these conditions may contribute to the development of chronic complications, reduce quality of life, and, in severe cases, increase mortality. Therefore, this review aims to estimate the pooled prevalence of anxiety symptoms and depressive symptoms among adults with T2DM and to explore potential sources of between-study heterogeneity, including assessment instruments and cut-off points. METHODS: PubMed, Embase, PsycINFO, Scopus, and Web of Science were searched from inception to July 6, 2026. After screening 6,948 records according to PRISMA 2020, 34 cross-sectional studies involving 21,024 participants were included. We considered observational studies involving adults with T2DM that reported the prevalence of anxiety symptoms or depressive symptoms assessed using validated screening instruments or diagnostic criteria. Two reviewers independently screened the records, extracted the data, and assessed the risk of bias. Separate random-effects meta-analyses were conducted for anxiety symptoms and depressive symptoms. RESULTS: Thirty-four cross-sectional studies involving 21,024 participants were included. The pooled prevalence was 43.82% for anxiety symptoms (95% CI 36.86-50.90; [Formula: see text]) and 41.83% for depressive symptoms (95% CI 33.83-50.06; [Formula: see text]). Estimates varied substantially across assessment instruments and cut-off points. Several studies reported associations with sex, glycemic control, and social support; however, differences in the definitions, measurements, and analytical methods prevented quantitative pooling of these factors. CONCLUSION: Anxiety and depressive symptoms were frequently reported among adults with T2DM. However, the extreme between-study heterogeneity limits the interpretation of the pooled estimates, which should be understood as summary measures across diverse study populations rather than universal prevalence estimates. These findings should not be interpreted as estimates of clinically diagnosed anxiety or depressive disorders. SUPPLEMENTARY INFORMATION: The online version contains supplementary material available at https://doi.org/10.1007/s40200-026-02079-z.",Journal of diabetes and metabolic disorders,2026,10.1007/s40200-026-02079-z,PMC13612785,Journal Article; Review,screening,PubMed,supporting,7,diagnostic criteria; screening; anxiety
42795722,Low Serum C-Peptide and Albuminuria Severity in Type 2 Diabetes Mellitus: A Cross-Sectional Study.,"Background/Objectives: Lower serum C-peptide, reflecting reduced beta-cell reserve, has been linked to diabetic complications, but whether these associations are independent of diabetes duration and glycaemic control is unclear. The objective of this study was to determine which microvascular and macrovascular complications of type 2 diabetes mellitus (T2DM) remain associated with fasting C-peptide after adjustment for these factors. Methods: In this single-centre, cross-sectional study with consecutive prospective enrolment, non-pregnant adults with an established diagnosis of T2DM attending routine outpatient follow-up were eligible; those with pancreatic malignancy or exocrine pancreatic insufficiency, monogenic or autoimmune diabetes, or acute hyperglycaemic crises were excluded. A total of 590 patients were stratified by fasting C-peptide into insufficient (<1.0 ng/mL; n = 35), borderline (1.0-1.8 ng/mL; n = 212) and normal/high (≥1.8 ng/mL; n = 343) groups. Logistic regression adjusted for age, sex, diabetes duration, HbA1c and body mass index assessed each complication. Receiver operating characteristic analysis using DeLong's test assessed incremental discrimination. Results: In the unadjusted analyses, every complication was more frequent at lower C-peptide. After adjustment, C-peptide was not associated with the presence of albuminuria (insufficient versus normal/high, odds ratio 1.60, 95% CI 0.16-15.86) but was strongly associated with its severity: for severely increased or nephrotic-range albuminuria, the adjusted odds ratios were 13.47 (5.33-34.07) and 6.90 (3.83-12.44) in the insufficient and borderline groups (both p < 0.001). Adding C-peptide to a model of diabetes duration, HbA1c and fasting glucose was associated with a statistically significant, but modest, improvement in discrimination for severe albuminuria (area under the curve of 0.748 to 0.783; ΔAUC = 0.035, p = 0.027). Associations with macrovascular complications were present in the unadjusted analyses but were substantially attenuated after adjustment and no longer statistically significant, except for peripheral arterial disease and foot ulcer, which remained associated with insufficient C-peptide in models based on small numbers of events and should be regarded as exploratory. Conclusions: Low C-peptide was independently associated with the severity of albuminuria rather than its presence and was associated with a modest incremental improvement in discrimination. These exploratory findings suggest that C-peptide, an inexpensive and widely available measurement, may provide information associated with advanced diabetic kidney disease; prospective, externally validated studies are needed before clinical application.",Journal of clinical medicine,2026,10.3390/jcm15186950,PMC13607856,Journal Article,diagnosis,PubMed,supporting,7,hba1c; fasting glucose; diagnosis; body mass index; kidney disease; albuminuria; vascular complication
42793581,"Awareness of Diabetic Ketoacidosis and Associated Factors Among Adults with Diabetes or a Family Member with Diabetes in Jazan, Saudi Arabia.","Background: Diabetic ketoacidosis (DKA) is a life-threatening acute complication of diabetes mellitus that requires prompt recognition and timely management to reduce morbidity and mortality. Public awareness of DKA remains suboptimal in many settings, particularly among individuals with direct exposure to diabetes. This study aimed to assess DKA awareness and identify factors associated with appropriate DKA awareness among adults with personal or familial exposure to diabetes in the Jazan region of Saudi Arabia. Methods: A cross-sectional online survey was conducted among adults in the Jazan region between October 2024 and May 2025. Respondents with a personal diagnosis of diabetes or a family member diagnosed with diabetes were included. The questionnaire assessed sociodemographic characteristics, reported diabetes-related characteristics, and DKA awareness across multiple domains, including disease recognition, risk factors, precipitating factors, complications, prevention, and emergency management. Awareness was evaluated using a predefined scoring system, with scores ≥ 6/10 (≥60% of the maximum score) classified as appropriate DKA awareness. Factors associated with appropriate awareness were examined using chi-square tests and multivariable logistic regression. Results: A total of 417 respondents were included in the analysis, of whom 150 (36.0%) reported a personal diagnosis of diabetes and 267 (64.0%) reported having a family member with diabetes. Overall, 138 respondents (33.1%; 95% CI, 28.7-37.7%) demonstrated appropriate DKA awareness. Awareness varied across individual domains, with particularly limited recognition of DKA precipitating factors and preventive measures. In multivariable logistic regression analysis, age < 45 years (adjusted odds ratio [aOR] = 3.08, 95% CI: 1.47-6.48; p = 0.003), student status (aOR = 2.40, 95% CI: 1.18-4.90; p = 0.016), monthly household income > 15,000 SAR (aOR = 4.14, 95% CI: 1.83-9.37; p = 0.001), and a personal diagnosis of diabetes (aOR = 2.20, 95% CI: 1.29-3.75; p = 0.004) were independently associated with higher odds of appropriate DKA awareness. Reporting type 1 or type 2 diabetes, compared with an unknown diabetes type, was also independently associated with appropriate awareness. Educational attainment was not independently associated with awareness after multivariable adjustment. Conclusions: Overall DKA awareness among adults with personal or familial exposure to diabetes in the Jazan region was suboptimal. Appropriate DKA awareness was independently associated with younger age, student status, higher household income, and respondent relationship to diabetes. The association with reported diabetes type should be interpreted cautiously, as it may reflect greater familiarity with diabetes rather than an effect of diabetes subtype itself. These findings support the implementation of targeted educational strategies that include both individuals living with diabetes and their family members to improve recognition of DKA and promote timely healthcare seeking during acute diabetic emergencies. However, the findings should be interpreted in light of the non-probability, social-media-based recruitment strategy, which may have disproportionately represented younger and more highly educated individuals and limits population-level generalizability.","Healthcare (Basel, Switzerland)",2026,10.3390/healthcare14183042,PMC13606367,Journal Article,diagnosis,PubMed,supporting,7,diagnosis; prevention
42764204,Quantitative Insights into Tirzepatide and Semaglutide Using Longitudinal Systems Modeling.,"CONTEXT: In a 28-week clinical trial of patients with type 2 diabetes (T2D), tirzepatide 15 mg (a dual GIP/GLP-1 receptor agonist) and semaglutide 1 mg (a GLP-1 receptor agonist) both improved fasting glucose, with tirzepatide showing superior efficacy. The longitudinal metabolic mechanisms underlying this difference remain incompletely defined. OBJECTIVE: To compare the longitudinal metabolic effects of tirzepatide and semaglutide using model-based analysis of fasting measures, elucidate underlying mechanisms, and explore strategies to enhance outcomes in low responders. METHODS: A mechanistic longitudinal model was developed based on the trial data from patients treated with tirzepatide or semaglutide. The model integrates fasting glucose, fasting insulin, insulin sensitivity, and beta-cell function over time, enabling quantification of hepatic glucose production (HGP) and isolation of insulin-independent drug effects on HGP. RESULTS: Beta-cell function, as assessed by HOMA-B, initially increased and then declined as insulin sensitivity improved, a reversal of the canonical T2D progression pathway. Tirzepatide's superior fasting glucose control versus semaglutide was driven primarily by greater insulin-independent suppression of HGP. Low responders exhibited deficient HGP suppression, and simulations suggested that enhancing HGP suppression improves fasting glucose without inducing β-cell stress associated with sustained hypersecretion. Simulated enhancement of weight loss accelerated early glycemic improvement but did not further reduce long-term fasting glucose levels. CONCLUSION: Greater suppression of hepatic glucose production was associated with greater efficacy of tirzepatide 15 mg versus semaglutide 1 mg in improving fasting glucose. Therapeutic strategies targeting suppression of hepatic glucose production may provide metabolic benefit beyond direct enhancement of beta-cell function or additional weight loss.",The Journal of clinical endocrinology and metabolism,2026,10.1210/clinem/dgag383,,Journal Article,fasting_glucose,PubMed,supporting,7,fasting glucose; weight loss
42788455,Impact of Health Promotion Programs on Incarcerated Individuals in Northern Mexico.,"BACKGROUND: Individuals deprived of liberty exhibit high health vulnerability due to limited access to medical services and insufficient health promotion efforts. Implementing education and self-care programs constitutes an essential strategy to improve their wellbeing. The objective of this study was to evaluate changes in clinical parameters following the implementation of health promotion programs among incarcerated individuals. METHODS: A prospective pre-post intervention study was conducted between February 2023 and July 2024 at the Male Social Reintegration Center No. 1 in Aquiles Serdán, Chihuahua, Mexico. Fifteen male inmates with type 2 diabetes mellitus and arterial hypertension participated in a structured health promotion program that included educational workshops on nutrition, physical activity, and chronic disease self-management. Anthropometric and biochemical data were collected before and after the intervention. Statistical analysis included paired Student's t-test and McNemar's test (P < 0.05). RESULTS: Significant reductions were observed in blood glucose (174.1 ± 123.2 vs. 111.1 ± 57.4 mg/dL; P = 0.0017), systolic blood pressure (140.7 ± 18.3 vs. 117.3 ± 9.6 mmHg; P < 0.001), diastolic blood pressure (92.0 ± 10.8 vs. 84.0 ± 7.4 mmHg; P = 0.0013), and waist circumference (83.6 ± 37.6 vs. 80.3 ± 35.7 cm; P = 0.0005), with a favorable trend in body mass index (P = 0.065). CONCLUSIONS: Health promotion programs had a positive impact on the control of chronic diseases among the incarcerated population studied. These findings highlight the need to strengthen sustainable interdisciplinary strategies that uphold the right to health in prison settings.",International journal of preventive medicine,2026,10.4103/ijpvm.ijpvm_411_25,PMC13570686,Journal Article,risk_factors,PubMed,supporting,7,body mass index; physical activity; hypertension; blood pressure; waist circumference
42793011,Effect-Allele Frequencies at Cardiometabolic Risk Loci in an Uzbek Cohort from Tashkent: A Central Asian Reference and Priorities for Polygenic Score Validation.,"BACKGROUND/OBJECTIVES: Central Asian populations are almost entirely absent from genomic reference resources, yet Uzbekistan has one of the fastest rates of growth in age-standardised type 2 diabetes (T2D) incidence. Allele frequencies at cardiometabolic risk loci are unknown, limiting the interpretation of polygenic risk scores (PRS) derived elsewhere. We aimed to characterise effect-allele frequencies in an Uzbek cohort from Tashkent and quantify divergence from 1000 Genomes panels to guide future PRS evaluation. METHODS: We genotyped 171 adults from Tashkent (131 with T2D, 40 without) on a custom Agilent SureSelect panel of cardiometabolic candidate SNPs. After quality control, 1939 variants were analysed. Effect-allele frequencies were compared with 1000 Genomes Phase 3 superpopulations (EUR, SAS, EAS, AFR) using Hudson FST and Nei's genetic distance with bootstrap 95% CIs (1000 replicates). Case-control association was assessed descriptively using both unadjusted and age- and sex-adjusted additive logistic regression, with the adjusted model as primary. RESULTS: Reference frequencies were available for 1533 of 1939 variants (1363 at MAF ≥ 0.05). Frequencies clustered with South Asian (FST = 0.077, 95% CI 0.065-0.089) and European panels (FST = 0.086, 95% CI 0.072-0.099), which were indistinguishable (ΔFST = -0.010, 95% CI -0.022 to 0.003) and more divergent from East Asian and African panels. Divergence from the European and South Asian panels was unrelated to nominal association status (Mann-Whitney p = 0.99 and 0.57). In the primary age- and sex-adjusted analysis, no variant survived multiple-testing correction (minimum Bonferroni-adjusted and false-discovery-rate q = 0.28), consistent with the unadjusted sensitivity analysis. CONCLUSIONS: This study provides the first systematic allele-frequency reference for cardiometabolic risk loci in an Uzbek cohort from Tashkent. The profile is closest to South Asian and European panels and identifies PRS from these ancestries as priority candidates for future local validation in Central Asian settings. The case-control analysis was underpowered and is reported descriptively.",Genes,2026,10.3390/genes17091117,PMC13606653,Journal Article,risk_prediction,PubMed,supporting,7,risk score; genetic
42788331,Combining Contingency Management With Continuous Glucose Monitoring to Support Type 2 Diabetes Prevention and Care.,"Diabetes prevention and care require recurring self-management behaviors whose benefits are often delayed and uncertain. Digital contingency management (CM), which arranges incentives contingent on objective evidence of behavior or outcomes, offers a scalable way to strengthen these behaviors. This commentary argues that continuous glucose monitoring (CGM) can transform CM for diabetes by enabling frequent, remote reinforcement of clinically meaningful proximal targets, including sensor wear, time in range, and other glucose-derived metrics. Emerging artificial intelligence tools may further personalize treatment during risk periods and tailor reinforcement schedules. Although cost-effectiveness data in diabetes are needed, the high clinical and economic burden of diabetes provides a strong rationale for evaluating CGM-linked CM as a scalable behavioral intervention. We discuss previous CM research, implementation readiness, and future research priorities.",Journal of diabetes science and technology,2026,10.1177/19322968261484170,PMC13615177,Journal Article,risk_prediction,PubMed,supporting,7,diabetes prevention; prevention
42798045,Association between the C-Reactive protein-triglyceride-glucose index and osteoarthritis risk in prediabetic mellitus adults: A longitudinal analysis from the China health and retirement longitudinal study.,"The C-reactive protein-triglyceride-glucose index (CTI) has been identified as a potential new biomarker for insulin resistance and inflammation. However, the association between CTI and osteoarthritis (OA) risk in prediabetic (Pre-DM) individuals from different populations remains unclear. This population-based cohort study included 3043 participants from the China Health and Retirement Longitudinal Study across Waves 1 to 5. The primary endpoint was the incidence of OA events. The associations between the CTI and incident OA incidence were evaluated by competing risk models and Cox regression models, with restricted cubic splines applied to investigate potential nonlinear relationships. To ensure the robustness of the findings, subgroup analyses, multiple imputation, and propensity score methods were also applied. During the 9-year follow-up, 946 (31.09%) participants developed OA. The highest OA risk was observed in the highest CTI quartile (Q4) (HR, 1.376; 95% CI, 1.12, 1.692) in Model 3. A nonlinear relationship between the CTI and OA risk was identified (P for nonlinearity = .012). Subgroup analysis revealed that individuals with a body mass index <24 years and those with a body mass index between 24 and 28 years were more sensitive to the adverse effects of the CTI on OA risk (P for interaction = .012). Furthermore, the association between elevated CTI and OA risk remained consistent across various sensitivity analyses. The CTI can serve as an independent risk marker for predicting the onset of incident OA in middle-aged and older individuals with Pre-DM. Addressing insulin resistance and inflammation may play a crucial role in enhancing primary prevention strategies for OA.",Medicine,2026,10.1097/MD.0000000000050774,,Journal Article,prevention,PubMed,supporting,7,body mass index; insulin resistance; triglyceride; prevention
42799754,The impact of physical activity and exercise timing on metabolic health among individuals at high risk of type 2 diabetes.,"The timing of physical activity and exercise has been suggested to play a role in metabolic health. This narrative review synthesises current evidence on the impact of habitual physical activity and exercise timing on glucose homeostasis and insulin sensitivity, blood lipids and body composition among individuals with overweight, obesity and impaired glucose homeostasis. To this end, we reviewed evidence from both observational and experimental studies. Overall, current evidence on physical activity/exercise timing and metabolic health is inconsistent, with several studies reporting no significant time-dependent differences, and other studies suggesting more favourable glucose-related outcomes and improved insulin sensitivity and lipid profiles when physical activity/exercise is performed later in the day. Body composition outcomes appear to be largely independent of exercise timing. The interpretation of the current evidence is limited by the small number of studies, heterogenous study designs and variability in exercise modalities and durations. We identify important gaps in knowledge, particularly regarding sex-specific responses, the role of chronotype and the real-world feasibility of timing-based exercise recommendations. While engaging in physical activity or exercise at any time of day is more beneficial than remaining inactive, further studies are warranted to clarify the optimal timing for metabolic health in individuals at risk of type 2 diabetes.",Diabetologia,2026,10.1007/s00125-026-06871-7,7670795,Journal Article; Review,lifestyle,PubMed,supporting,7,obesity; overweight; physical activity; exercise; lipid
42797057,Adipose Tissue Expandability as a Link Between Nutrition and Obesity-Related Metabolic Risk: Insights from Bariatric Surgery.,"Adipose tissue expandability refers to the capacity of white adipose tissue to store excess energy safely while preserving metabolic homeostasis. This adaptive response takes place via both an increase in adipocyte number (hyperplasia) and size (hypertrophy). Healthy expansion requires coordinated angiogenesis, extracellular matrix remodeling, and functional adipose stem and progenitor cells. Within this conceptual framework, when expandability is limited-due to genetic factors, aging, or chronic overnutrition-adipocyte hypertrophy predominates, which is hypothesized to trigger hypoxia, endoplasmic reticulum stress, chronic low-grade inflammation, and fibrosis. These changes are proposed to form a physical and metabolic barrier that compromises further safe lipid storage, potentially driving the spillover of surplus lipids to ectopic sites: the liver (promoting steatosis and hepatic insulin resistance), skeletal muscle (intramyocellular lipid accumulation and impaired glucose uptake), and pancreas (β-cell dysfunction and reduced insulin secretion). Lipotoxic intermediates such as diacylglycerols and ceramides activate protein kinase C isoforms and may impair insulin receptor signaling, thereby contributing to systemic insulin resistance. The clinical correlate is a spectrum of metabolic disorders including type 2 diabetes, dyslipidemia, metabolic dysfunction-associated steatotic liver disease, and cardiovascular disease. Understanding the determinants of adipose tissue expandability-from adipose stem cell function and angiogenesis to fibrosis and immune cell infiltration-provides a framework for identifying individuals at risk despite normal body weight and for developing targeted therapies that restore healthy adipose tissue expansion. The aim of this narrative review is to analyze how nutritional factors shape adipose tissue expandability and how limitations in expandability drive obesity-related metabolic disease. To this end, we leverage bariatric surgery as a physiological model illustrating how weight loss reduces lipid overflow while intrinsic adipose tissue expandability may remain incompletely restored.",Nutrients,2026,10.3390/nu18183075,PMC13610826,Journal Article; Review,lifestyle,PubMed,supporting,7,obesity; weight loss; genetic; insulin resistance; lipid
42789217,Rewiring the psoriasis-metabolism axis: therapeutic potential of saroglitazar beyond PPAR modulation.,"Psoriasis (PSO) is a chronic, immune-mediated inflammatory disorder that affects approximately 2-3% of the global population, or over 100 million individuals worldwide. Far beyond its cutaneous manifestations, PSO is now recognized as a systemic inflammatory condition tightly intertwined with metabolic syndrome, insulin resistance, and heightened cardiovascular risk. Clinical and epidemiological data reveal its strong association with type 2 diabetes, hypertension, dyslipidemia, hepatic steatosis, and non-alcoholic fatty liver disease, collectively amplifying its systemic burden. At the molecular level, these comorbidities converge on dysregulated signaling cascades, including NF-κB, MAPK, and STAT3, that sustain the chronic pro-inflammatory state. Saroglitazar (SGZ), initially developed as a dual PPAR-α/γ agonist for diabetic dyslipidemia, is indeed emerging as a promising multi-targeted therapy with pleiotropic effects. Current evidence supports its role as a system-level modulator that fine-tunes insulin signaling, reduces oxidative stress, suppresses neuroinflammation, and modulates key inflammatory pathways such as NF-κB, MAPK, and STAT3, aligning well with its broadened therapeutic potential beyond diabetes management. To our knowledge, this is the first comprehensive synthesis to unravel SGZ's mechanistic intersections across metabolic and inflammatory axes and map its clinical relevance to psoriasis. By bridging the dermatological landscape with metabolic comorbidity management and lifestyle interventions, SGZ-proposed mechanisms in the skin, however, have not yet been thoroughly investigated with direct preclinical and clinical evidence in psoriasis and are still hypothesis-generating.",Inflammopharmacology,2026,10.1007/s10787-026-02413-0,,Journal Article; Review,lifestyle,PubMed,supporting,7,lifestyle; hypertension; metabolic syndrome; insulin resistance; lipid
42797399,"Consensus In Silico Pharmacodynamic Screening of Twelve Fabaceae Isoflavones Targeting Glycation, Oxidative Stress, Antidiabetic Activity, and NF-κB-Related Inflammation.","Background/Objectives: Type 2 diabetes mellitus (T2DM) is a multifactorial metabolic disorder characterized by chronic hyperglycemia, oxidative stress, protein glycation, low-grade inflammation, and dysregulation of signaling pathways, including those involving nuclear factor kappa B (NF-κB). Isoflavones from Fabaceae species exhibit diverse biological activities and may represent multifunctional candidates for addressing the interconnected mechanisms underlying T2DM. This study performed a consensus in silico pharmacodynamic screening of twelve representative Fabaceae isoflavones to prioritize compounds with predicted antiglycating, deglycating, antidiabetic, antioxidant, and NF-κB-related anti-inflammatory activities. Methods: Twelve representative Fabaceae isoflavones were evaluated using a multimethod computational workflow. Antiglycating and deglycating activities were predicted using IT Microcosm, antidiabetic and hypoglycemic activities were assessed using Prediction of Activity Spectra for Substances (PASS), antioxidant potential was evaluated using similarity-based prediction and quantum-chemical calculations, and NF-κB-related anti-inflammatory activity was investigated using similarity-based prediction combined with molecular docking. Molecular docking was applied specifically to the NF-κB-related anti-inflammatory analysis and did not contribute to the hypoglycemic/antidiabetic prediction. The individual predictions were integrated using a consensus scoring strategy to prioritize compounds across multiple pharmacodynamic domains. Results: The investigated isoflavones demonstrated moderate but broad predicted multifunctional activities. Malonylgenistin, biochanin A, and formononetin showed the most favorable predicted antiglycating profiles. Genistin, acetyldaidzin, acetylglycitin, and puerarin ranked highest in terms of predicted antidiabetic activity, whereas genistein exhibited the strongest predicted antioxidant profile. Daidzin and genistin received the highest integrated NF-κB-related computational rankings, although these predictions apply to intact glycosides rather than their expected in vivo hydrolysis products. Conclusions: This study presents a consensus computational framework for the comparative prioritization of Fabaceae isoflavones based on their predicted multifunctional pharmacodynamic profiles. The results provide a rational basis for selecting candidate compounds for future biochemical, cell-based, pharmacokinetic, and in vivo investigations, although it is emphasized that the present findings are based exclusively on computational predictions and require experimental validation.","Pharmaceuticals (Basel, Switzerland)",2026,10.3390/ph19091353,PMC13610150,Journal Article,clinical_guidelines,PubMed,supporting,7,screening; consensus
42776649,The Role of Infrared Thermography in the Diagnosis and Monitoring of Diabetic Foot Infection: A Systematic Review.,"BACKGROUND: Diabetic foot infection (DFI) is one of the most frequent diabetes-related complications requiring hospitalisation and is a major contributor to lower-extremity amputation. Infrared thermography has emerged as a non-invasive diagnostic tool capable of detecting temperature changes associated with inflammatory and infectious processes. This systematic review aimed to evaluate the role of thermography in the diagnosis and monitoring of diabetic foot infection. METHODS: The Preferred Reporting Items for Systematic Reviews and Meta-Analyses (PRISMA) statement was followed. Risk of bias and methodological quality were assessed using design-specific validated tools, including QUADAS-2 for diagnostic and detection studies and Joanna Briggs Institute critical appraisal checklists for cohort and case-series studies. Original studies evaluating the use of thermography in patients with diabetic foot infection were included. Two authors independently performed study selection, data extraction, and methodological assessment. RESULTS: Six studies met the inclusion criteria, comprising a total of 552 participants with type 1 or type 2 diabetes mellitus. Four observational studies and two pilot studies were included. Increased local skin temperature was consistently associated with acute diabetic foot complications and infection. Several studies identified a temperature difference of approximately 2.2 °C between contralateral foot regions as a clinically relevant threshold for detecting diabetic foot complications. However, no significant relationship was found between plantar thermal asymmetry and the severity or progression of infected diabetic foot ulcers. All included studies presented a level of evidence of 4 and a grade of recommendation of C. CONCLUSIONS: Infrared thermography appears to be a promising adjunctive tool for the early detection of diabetic foot infection. However, current evidence does not support its routine use for monitoring infection severity, treatment response, or prognosis, and further prospective studies are required before these applications can be recommended.",Infectious disease reports,2026,10.3390/idr18050098,PMC13600055,Journal Article; Review,clinical_guidelines,PubMed,supporting,7,early detection; diagnosis; diabetic foot
42774636,Improving Medication Classification in GLP-1RA Research: Feasibility of a Photo-Review Protocol.,"OBJECTIVE: Glucagon-like peptide-1 receptor agonists (GLP-1RAs) are dominating the type 2 diabetes and obesity intervention landscape, yet their real-world use is increasingly difficult to characterize amid widespread availability of non-FDA-approved, compounded products obtained outside traditional healthcare systems. These users may not be captured by the clinical and claims databases commonly used in real-world GLP-1RA research. Online surveys offer a scalable alternative for reaching this population; however, existing survey studies depend on self-reported medication use, the reliability of which has not been well characterized. METHODS: An online study was conducted among U.S. adults recruited via Prolific who reported ≥ 3 months use of once-weekly injectable semaglutide or tirzepatide. Participants completed a screening survey requiring a photo of the prescribed GLP-1RA, followed by a main survey for eligible participants assessing self-reported GLP-1RA type and sociodemographic and health characteristics. Two blinded, independent coders classified photos as one of four FDA-approved branded formulations or a compounded product; discrepancies were resolved by the second author. Agreement was assessed using Cohen's kappa. RESULTS: Of the 419 screening survey participants, 322 participants comprised the analytic sample; 22 of the total exclusions were based on medication photo review. Self-reported and photo-coded medication types showed substantial agreement (82.61%; Cohen's κ = 0.78, 95% CI [0.73, 0.83]). Photo review classified 83 participants (25.78%) as using compounded GLP-1RAs; among these, 54 (65.06%) self-reported using one of the four branded GLP-1RAs and 29 (34.94%) selected a ""none of the above"" response option, operationalized as compounded use. CONCLUSIONS: This study demonstrated that photo review may be a feasible method for improving medication classification in research and offered recommendations for future studies. Additional work is needed to evaluate this protocol in larger and more diverse samples and to refine formulation-specific self-report items.",Obesity science & practice,2026,10.1002/osp4.70200,PMC13595039,Journal Article,clinical_guidelines,PubMed,supporting,7,screening; obesity
42749129,Nutrition care and Dietetic Practice in Managing Metabolic and Endocrine Dysfunction in Polyendocrine Metabolic Ovarian Syndrome (PMOS): Implications and Opportunities in the Context of the Name Change of Polycystic Ovarian Syndrome (PCOS) to PMOS.,"Polyendocrine metabolic ovarian syndrome (PMOS) affects 8-13% of women across the lifespan. Those with PMOS have reduced quality of life and increased risk of co-morbidities including elevated weight, eating disorders, gestational diabetes, type 2 diabetes and cardiovascular disease. PMOS is a major population in clinical dietetic practice and dietary intervention is the first-line approach recommended to target metabolic risk in the international evidence-based guidelines for assessment and management of PCOS. The past name, polycystic ovary syndrome (PCOS) was ovarian-centric and did not accurately reflect the pathophysiology, endocrine or metabolic dysfunction of the syndrome. The new name PMOS has been determined by a rigorous global consensus process including 56 organizations, >14,000 survey responses and consultation with experts and patients in workshops that identified the need for accurate medical representation of the syndrome and a stigma-reducing name. Dietitians encounter PMOS patients with increased cardiometabolic risk that also experience high rates of elevated weight, weight-stigma and eating disorders. Nutrition care of PMOS patients often involves managing these conditions, use of anti-obesity and diabetes medications, conferring with prescribing clinicians and navigating patient goals and preferences. Improved recognition of the metabolic risks can strengthen alignment with dietary management approaches and referral to nutrition care services as part of the multidisciplinary care needed in those with PMOS. Dietitians can play a key role in managing nutritional misinformation, supporting patient health literacy and nutritional self-management. The new name can contribute to expanded opportunities for nutritional research that targets endocrine and metabolic outcomes to improve the clinical care, health and well-being of those living with PMOS. STATEMENT OF SIGNIFICANCE: Polyendocrine metabolic ovarian syndrome (PMOS) is the new name for polycystic ovary syndrome. This perspective article highlights the rationale for the name change related to endocrine features and metabolic risk and the role nutritional management and dietetic practice, highlighting recent updates on dietary approaches, body weight, anti-obesity medications and eating disorders in PMOS.","Advances in nutrition (Bethesda, Md.)",2026,10.1016/j.advnut.2026.100734,,Journal Article,clinical_guidelines,PubMed,supporting,7,obesity; diet; guideline; consensus
