pmid,title,abstract,journal,year,doi,pmcid,publication_types,topic,source,population_class,triage_category,triage_score,matched_concepts
42728572,Epigenetic and genetic factors modifying the association between diet quality and incident type 2 diabetes: the EPIC-Potsdam cohort.,"BACKGROUND: Benefits of healthy diets for type 2 diabetes (T2D) prevention are established. It remains unclear whether such recommendations should be tailored to specific subgroups according to their susceptibility to the disease. This study aimed to assess whether the association of diet quality with T2D risk differs across subgroups with different genetic or epigenetic susceptibility. METHODS: We used data from a case-cohort within the European Prospective Investigation into Cancer and Nutrition (EPIC)-Potsdam cohort (random subsample with genetic data of 2204 participants, 750 verified incident T2D cases; random subsample with epigenetic data of 1065 participants, 676 verified incident T2D cases). The Alternative Healthy Eating Index (AHEI-2010), Dietary Approaches to Stop Hypertension (DASH), Dietary Inflammatory Index (DII) and the Mediterranean Diet Pyramid score (MedPyr) were used to assess diet quality. A blood DNA methylation risk score (MRS) was used to reflect epigenetic risk. Genetic risk was characterized using global polygenic risk scores (PRS) and pathway-specific polygenic risk scores (pPRS). Cox proportional hazards models were used to assess the modification of the diet quality-diabetes risk association by the risk scores. RESULTS: Higher adherence to the AHEI-2010 was associated with a lower risk of T2D, while higher MRS, PRS and pPRS predictably indicated higher risk in this population. We detected significant modification of the diet quality-T2D association by the MRS for AHEI-2010 (p = 0.008) and MedPyr (p < 0.0001) and DII (p = 0.010) but only the AHEI-2010 × MRS interaction was robust across all sensitivity analyses. However, we did not find evidence of interaction between diet quality and genetic risk. CONCLUSIONS: The associations of healthy diets with T2D could depend on the diabetes risk captured by blood DNA methylation profiles, but they do not seem to depend on the genetic predisposition for T2D. Confirmation of the effect modification by the MRS in independent populations is further required before considering clinical application.",Cardiovascular diabetology,2026,10.1186/s12933-026-03356-0,PMC13563862,"Journal Article; Research Support, Non-U.S. Gov't",risk_prediction,PubMed,core_population,review,24,"population=diabetes risk,incident type 2 diabetes; early_risk=diabetes risk,incident type 2 diabetes,risk score; risk_factors=diet,dietary,hypertension; review_type=recommendations; non_target_outcomes=cancer"
42752803,Beyond Traditional Glycemic Measures: CGM Glycemic Profiles Reveal Associations With Cardiometabolic Risk in Individuals Without Diabetes.,"OBJECTIVE: Fasting plasma glucose (FPG) and hemoglobin A1c (HbA1c) may not fully capture the heterogeneity underlying dysglycemia or its associations with cardiometabolic risk factors (CMRFs). We cross-sectionally investigated whether continuous glucose monitoring (CGM) measures and glycemic profiles could reveal 10-year cardiovascular disease (CVD) risk and individual CMRFs among individuals without diabetes. RESEARCH DESIGN AND METHODS: We included 1,356 participants without prevalent diabetes or CVD from the Framingham Heart Study, who wore a blinded Dexcom G6 Pro CGM for up to 10 days. CGM glycemic profiles were characterized using 1) binary classification of glycemic burden and variability and 2) unsupervised clustering of CGM measures. We performed multivariable-adjusted linear and logistic regression models to examine associations of CGM measures and profiles with 10-year CVD risk estimates (PREVENT equations) and individual CMRFs. RESULTS: Participants' mean was age 59.3 years; 55.8% were women, and 92.6% were non-Hispanic White. CGM measures were positively associated with 10-year CVD risk estimates and CMRFs. For example, 1 SD higher percentage of time spent at glucose levels >140 mg/dL (15.4%) was associated with 2% higher 10-year CVD risk estimates and 21-26% higher odds of hypertension and dyslipidemia, even after adjusting for FPG. Glycemic profiles representing higher CGM dysglycemia revealed discordance with traditionally defined glycemic status (FPG and HbA1c). Although 48.1-84.2% of individuals with traditionally defined prediabetes were included in CGM profiles representing higher dysglycemia, such profiles were associated with 6-7% higher 10-year CVD risk estimates, in addition to worse CMRFs. CONCLUSIONS: Glycemic measures reflective of continuous glucose dynamics may provide additional insights into cardiometabolic risk beyond traditional measures.",Diabetes care,2026,10.2337/dc26-1197,,Journal Article,fasting_glucose,PubMed,core_population,core,21,"population=prediabetes,without diabetes; early_risk=prediabetes; glycemic=fasting plasma glucose,hba1c; risk_factors=age,dyslipidemia,hypertension"
42796297,"Type 2 Diabetes, Visceral Adiposity, and Carotid Intima-Media Thickness in Hospitalized Adults: A Retrospective Cross-Sectional Analysis.","Background and Objectives: Type 2 diabetes mellitus (T2DM), visceral adiposity, and hypertension frequently coexist, but their independent associations with carotid intima-media thickness (cIMT) remain uncertain. We compared cardiometabolic profiles by diabetes status and evaluated adjusted associations with cIMT. Materials and Methods: This retrospective cross-sectional study included 147 adults admitted to Clinical CF Hospital Timișoara between 1 July 2025 and 30 June 2026. Bilateral cIMT was available in 141 patients. Group comparisons, Spearman correlation, and heteroscedasticity-robust multivariable linear regression were performed. Results: T2DM was present in 39 patients (26.5%), hypertension in 125 (85.0%), and obesity in 120 (81.6%). Compared with participants without diabetes, those with T2DM had higher homeostasis model assessment of insulin resistance (HOMA-IR; 4.11 vs. 3.08; p = 0.005) and fasting glucose (6.60 vs. 5.06 mmol/L; p < 0.001), but lower total cholesterol (205.2 vs. 225.9 mg/dL; p = 0.009) and non-high-density lipoprotein cholesterol (156.5 vs. 176.6 mg/dL; p = 0.006). These lower lipid values may reflect treatment or other residual confounding and should not be interpreted as an intrinsic T2DM phenotype. Mean cIMT was numerically higher in T2DM (0.619 vs. 0.592 mm; p = 0.284). Visceral fat area correlated with cIMT before adjustment (ρ = 0.237; p = 0.005), but not after adjustment. Age (β = 0.057 mm/decade; p < 0.001) and hypertension (β = 0.046 mm; p = 0.042) retained adjusted associations with cIMT. Conclusions: T2DM identified metabolic dysregulation, whereas age and hypertension showed the strongest adjusted associations with cIMT. Visceral adiposity showed an unadjusted but not independent association, supporting comprehensive cardiovascular risk assessment and rigorous blood pressure management.","Medicina (Kaunas, Lithuania)",2026,10.3390/medicina62091690,PMC13609201,Journal Article,early_risk,PubMed,core_population,core,20,"population=without diabetes; early_risk=risk assessment; glycemic=fasting glucose; risk_factors=age,hypertension,insulin resistance,obesity,visceral adiposity"
42783393,Cardiometabolic Risk Factors and Domain-Specific Cognitive Function in Prediabetes and Type 2 Diabetes.,"Background: Cardiometabolic risk factors are increasingly recognised as contributors to cognitive decline, yet their associations with domain-specific cognitive performance in adults with prediabetes or well-controlled type 2 diabetes (T2DM) remain poorly characterised. Methods: This cross-sectional study included 49 adults with prediabetes or well-controlled T2DM (managed by diet or metformin alone; HbA1c < 8%). Cognitive function was assessed using the Cambridge Neuropsychological Test Automated Battery (CANTAB), Trail Making Tests (TMTs) parts A and B, Stroop, and Digit Symbol Substitution Test (DSST). Multivariable linear regression examined associations between cardiometabolic predictors (adiposity [DXA], glycaemic indices [OGTT], and serum lipids) and cognitive outcomes, adjusting for age, BMI, and education. Results: Higher HbA1c was independently associated with increased false alarms on the rapid visual processing task (RVPPFA; β = 0.04 [95% CI 0.01, 0.07]; p = 0.015); fasting and 2 h glucose were not associated with any cognitive measure. Higher triglycerides were associated with lower sustained attention accuracy (RVPA; β = -0.02 [95% CI -0.04, -0.004]; p = 0.016) and lower DSST scores (β = -4.61 [95% CI -8.81, -0.40]; p = 0.033). Higher HDL cholesterol was independently associated with better sustained attention (RVPA; β = 0.08 [95% CI 0.02, 0.15]; p = 0.017). No consistent associations were found between adiposity measures and any cognitive outcome, with no effect modification by sex or diabetes status (all Pinteraction > 0.05). Conclusions: In cognitively healthy adults with prediabetes or well-controlled T2DM, higher HbA1c and triglycerides and lower HDL were associated with poorer domain-specific cognitive performance in the absence of overt cognitive impairment. Larger longitudinal studies are needed to establish whether these associations represent early cognitive changes and to determine whether reducing cardiometabolic risk can preserve cognitive function.","Medical sciences (Basel, Switzerland)",2026,10.3390/medsci14050520,PMC13609006,Journal Article,prediabetes_progression,PubMed,core_population,supporting,13,"population=prediabetes; early_risk=prediabetes; glycemic=hba1c,ogtt; risk_factors=age,bmi,diet; non_target_outcomes=cognitive decline,cognitive function"
42764545,Dolutegravir Is Associated With Lower Odds of Gestational Diabetes Compared to Other Antiretroviral Therapy Regimens Among Pregnant Women in India: A Cross-Sectional Analysis.,"INTRODUCTION: In non-pregnant adults living with HIV, dolutegravir is associated with weight gain and increased type 2 diabetes risk. In pregnancy, data on the effect of dolutegravir on gestational diabetes (GDM) risk is inconclusive. Data are particularly limited in Asian populations, where diabetes risk is especially high and not always associated with weight gain. We examined the association of dolutegravir with GDM among women living with HIV in India. METHODS: We combined data from two cohorts of pregnant women living with HIV conducted at BJ Government Medical College in Pune, India-the PRACHITi study (2016-2019) and the PRAGATHi study (2023-present). Women were screened for GDM with the fasting 2-h 75 g oral glucose tolerance test and diagnosed by World Health Organization criteria. Demographics, anthropometrics, antiretroviral therapy (ART), CD4 count and HIV viral load were collected at screening. Multivariate logistic regression was used to determine the association between current dolutegravir use and GDM. RESULTS: Of 254 women living with HIV, 99.2% (n = 252) were on ART, of whom 66.3% (n = 167) were on dolutegravir-, 22.6% (n = 57) were on efavirenz- and 6.3% (n = 16) were on protease inhibitor (PI)-based ART. Overall, median CD4 count was 549.5 cells/mm3 (IQR 401-753), and 82.2% (n = 198) had undetectable viral load. Median body-mass index (BMI) was 21.3 kg/m2 (IQR 19.4-23.8). The prevalence of GDM was 11.8% (N = 30). Among women on dolutegravir-based ART, the prevalence was 10.8% (N = 18); among women on efavirenz-based ART, the prevalence was 12.3% (N = 7), and the prevalence was 25% (N = 4) among women on PI-based ART. Compared to women not taking dolutegravir, women taking dolutegravir had similar age and BMI but greater weight gain from the second to the third trimester (3.7 vs. 2.9 kg, p <0.01) and infant birthweight percentile (14.2 vs. 6.9, p <0.01). On multivariate logistic regression, dolutegravir use was associated with lower odds of GDM than other ART (aOR 0.2, 95% CI 0.1-1.0) irrespective of viral load and time on ART. Older age (aOR 1.1, 95% CI 1.1-1.2) and second-trimester BMI (aOR 1.2 per kg/m2, 95% CI 1.1-1.3) were also associated with GDM. CONCLUSIONS: Women on dolutegravir had lower odds of GDM compared to women taking other ART, despite greater weight gain. Ongoing studies are investigating the possible anti-inflammatory mechanisms.",Journal of the International AIDS Society,2026,10.1002/jia2.70200,PMC13591013,Journal Article,screening,PubMed,special_population,supporting,11,"population=diabetes risk; special_population=gestational diabetes,hiv,pregnancy,pregnant women; early_risk=diabetes risk,screening; glycemic=oral glucose tolerance,oral glucose tolerance test; risk_factors=age,bmi"
42801394,"Genetic Association of VDR Polymorphism with Diabetic Foot Ulcers in Type 2 Diabetes: Evidence from Kerala, India.","Diabetic foot ulcer (DFU) is a severe complication of diabetes mellitus (DM), contributing significantly to morbidity and healthcare burden. Kerala, a South Indian state, has a high prevalence of diabetes, yet limited data exist on the genetic risk factors for DFU in this population. In this study, we assessed the association of four common vitamin D receptor (VDR) gene polymorphisms-rs7975232 (ApaI), rs731236 (TaqI), rs1544410 (BsmI), and rs2228570 (FokI)-with DFU in Kerala population. Mean serum 25-hydroxyvitamin D 25(OH)D) levels were 17.7 ± 14.2 ng/mL in the DFU group, 19.5 ± 12.4 ng/mL in the DM group, and 20.6 ± 13.9 ng/mL in the control group. Although the mean 25(OH)D levels did not differ significantly among the groups, the prevalence of vitamin D deficiency was significantly higher in the DFU group than in the DM and control groups (χ² = 6.03, P = 0.04), indicating a greater burden of vitamin D deficiency among patients with diabetic foot ulcers. Among the SNPs studied, rs731236 and rs1544410 showed significant associations with DFU. The AG genotype of rs731236 was associated with a reduced risk of DFU compared to both DM patients and non-diabetic Controls (p < 0.05, OR = 0.51). Similarly, the TC genotype of rs1544410 showed a protective association (p = 0.0219, OR = 0.51). No significant associations were found for rs2228570 and rs7975232. Functional docking analysis of rs2228570 indicated favourable calcitriol binding to both VDR isoforms, with slightly higher affinity for the shorter 424 aa variant (- 7.8 vs. - 7.7 kcal/mol). these findings suggest that vitamin D deficiency and genetic variation in the VDR gene, particularly rs731236 and rs1544410, may contribute to susceptibility to diabetic foot ulcer in the Kerala population, warranting further validation in larger, multicentre studies and functional investigations.",Biochemical genetics,2026,10.1007/s10528-026-11450-x,8212222,Journal Article,risk_factors,PubMed,core_population,peripheral,10,population=non-diabetic
42708616,Postpartum Glycaemic Phenotype and Continuous Glucose Monitoring at 4-6 Years After Gestational Diabetes Defined by Different Diagnostic Criteria.,"AIM: To characterise glycaemic outcomes 4-6 years postpartum according to gestational diabetes mellitus (GDM) diagnostic thresholds and evaluate whether continuous glucose monitoring (CGM) identifies differences not captured by conventional clinical measures. METHODS: Women recruited before and after introduction of WHO GDM criteria were followed at 4 and 6 years postpartum. At each follow-up, participants underwent oral glucose tolerance testing (OGTT), HbA1c measurement, body composition assessment and 14-day CGM. Based on pregnancy OGTT results and the diagnostic criteria in use at the time of testing, women were classified as meeting EASD 1991 criteria (GDMOLD; higher glucose thresholds), meeting WHO 2013 criteria but not EASD 1991 without diagnosis and treatment (GDMWHO-) or meeting WHO 2013 criteria with diagnosis and treatment (GDMWHO+). RESULTS: Women classified as GDMOLD had higher fasting glucose at both follow-ups compared with women meeting only WHO 2013 criteria, and showed greater hyperglycaemic exposure and glycaemic variability on CGM. Time above range, coefficient of variation and mean amplitude of glycaemic excursions were consistently higher in GDMOLD group, and differences remained significant after adjustment for pregnancy glucose levels. Within the WHO-defined groups, conventional clinical measures did not differ between women with and without a GDM diagnosis, whereas CGM detected modest differences in mean glucose and time above range over time. Approximately 50% of women meeting only WHO 2013 criteria had prediabetes. CGM metrics were strongly associated with OGTT-derived glucose and HbA1c but only weakly with anthropometric and blood lipid measures. BMI and body fat percentage did not differ between groups. CONCLUSIONS: Long-term glycaemic risk aligns with diagnostic thresholds used during pregnancy. Women diagnosed by older, higher thresholds exhibit a persistently less favourable glycaemic profile. Women meeting the lower WHO 2013 glucose thresholds represent a large group with a high prevalence of prediabetes, regardless of diagnosis during pregnancy. CGM detects modest differences in free-living glycaemic patterns not apparent from conventional clinical measures.",Journal of diabetes research,2026,10.1155/jdr/7103883,PMC13552220,Journal Article,oral_glucose_tolerance,PubMed,special_population,supporting,9,"population=prediabetes; special_population=gestational diabetes,gestational diabetes mellitus,postpartum,pregnancy; early_risk=prediabetes; glycemic=fasting glucose,hba1c,ogtt,oral glucose tolerance,oral glucose tolerance test; risk_factors=age,bmi"
42714766,Gestational weight loss relative to prepregnancy weight in women with gestational diabetes: impact on maternal and neonatal outcomes.,"PURPOSE: Gestational weight loss (GWL) of overweight or obese women with gestational diabetes (GDM) during the third trimester has been associated with lower risk of macrosomia, caesarean delivery (CS) or neonatal intensive care unit (NICU) admission but with higher risk of preterm delivery (PTD) and small-for-gestational-age (SGA). We studied the association between GWL during the whole pregnancy and perinatal outcomes. METHODS: We conducted a retrospective study of the Portuguese national GDM database including all women with singleton pregnancies diagnosed by 24-28 week OGTT (oral glucose tolerance test) who delivered a liveborn infant and had recorded perinatal outcomes and gestational weight change. GWL was defined as weight loss between the maternal weight at delivery and pregestational weight. RESULTS: Among 7768 women, 180 (2.3%) had GWL; they had higher BMI, more frequent family history of type 2 diabetes, previous GDM, chronic hypertension, multiparity, higher fasting OGTT glucose and more frequent metformin treatment than women without GWL. GWL was associated with higher odds of PTD (OR 2.35, 95%CI 1.40-3.97, p- value = 0.001) and SGA (2.71, 1.70-4.33, p-value < 0.001) and lower odds of CS (0.62, 0.44-0.88, p-value = 0.006) and LGA (0.40, 0.22-0.70, p-value = 0.002), with non significant associations for HDP, NH, RDS and NICU admission. CONCLUSION: GWL was uncommon among women with GDM and was associated with over 2.3-fold higher risk of PTD, 2.7-fold higher risk of SGA newborns, and a 48% lower risk of CS and 60% lower risk of LGA infants.",Endocrine,2026,10.1007/s12020-026-04768-4,6888512,Journal Article,oral_glucose_tolerance,PubMed,special_population,supporting,9,"special_population=gestational diabetes,pregnancy; glycemic=ogtt,oral glucose tolerance,oral glucose tolerance test; risk_factors=age,bmi,family history,hypertension,overweight; prevention=weight loss"
42722448,Diabetes related genetics and outcomes after total pancreatectomy with islet autotransplantation.,"CONTEXT: Approximately 20% of patients with chronic pancreatitis achieve insulin independence one year after total pancreatectomy with islet autotransplantation (TPIAT), an outcome associated with younger age and lower pre-transplant HbA1c. The contribution of diabetes-related genetics to TPIAT outcomes is unknown. Genetic risk scores (GRS) are associated with C-peptide levels in type 1 (T1D) and type 2 (T2D) diabetes. OBJECTIVE: To evaluate whether T1D and T2D GRS and partitioned metabolic polygenic scores (PGS) are associated with diabetes before TPIAT and metabolic outcomes one year after transplant. METHODS: We genotyped 318 patients with chronic pancreatitis undergoing TPIAT in the multicenter ""Advancing Treatment for Pancreatitis: A Prospective Observational Study of TPIAT"" using a global screening array. Regression models assessed associations of T1D- and T2D-GRS and metabolic PGS with diabetes outcomes one year after TPIAT. RESULTS: Participants were 29±17 years old, 61% female, 84% non-Hispanic White, and 13% had diabetes prior to transplant. T2D-GRS was higher among those with pre-TPIAT diabetes (-0.6±0.3 versus -0.8±0.2, p=0.003) and was associated with higher pre-transplant HbA1c (β=0.19 % per 1-SD [95% CI:0.04, 0.33], p = 0.011). Adjusted for genotype-derived ancestry and islet equivalents/kg, the beta-cell PGS was associated with higher insulin dose (β=0.05 units/kg/day per 1-SD, [95%CI:0.01, 0.09], p=0.016) and higher insulin dose adjusted A1c (IDAA1c) (β=0.34[95%CI:0.03, 0.67], p=0.029) 1-year post-transplant. The lipodystrophy PGS was associated with higher IDAA1c (β=0.38 [95%CI:0.06, 0.69], p=0.019) and lower fasting C-peptide (β=-0.09 [95%CI:-0.18, 0], p=0.041) at 1 year. CONCLUSIONS: T2D genetic risk is associated with diabetes prior to TPIAT, and beta cell and lipodystrophy PGS are associated with post-TPIAT diabetes outcomes. Diabetes-related genetics may influence transplantation outcomes and inform metabolic heterogeneity.",The Journal of clinical endocrinology and metabolism,2026,10.1210/clinem/dgag355,,Journal Article,risk_prediction,PubMed,special_population,supporting,8,"special_population=pancreatitis; early_risk=risk score,screening; glycemic=hba1c; risk_factors=age"
42786007,"Current antiretrovirals, hyperglycemia, and type 2 diabetes in people with HIV.","People with HIV (PWH) are now effectively treated with antiretroviral therapy, including integrase strand transfer inhibitors (INSTIs) and nucleoside reverse transcriptase inhibitors (NRTIs). In the context of the global obesity epidemic, cardiometabolic complications, including type 2 diabetes, are increasingly common in PWH. In this article, we address the potential diabetogenic role of some current antiretrovirals. Beyond classical risk factors, INSTIs could promote diabetes through weight gain and drug-specific effects. They can also, rarely, induce severe acute ketosis-prone hyperglycemia. Because INSTIs and some NRTIs could alter insulin and lipid levels, standard indices of insulin resistance may be unreliable. Diabetes management generally follows recommendations for the general population, with the use of glucagon-like peptide-1 receptor agonists and sodium glucose cotransporter 2 inhibitors to reduce glycated hemoglobin A1c, weight, and cardiometabolic risk.",Trends in endocrinology and metabolism: TEM,2026,10.1016/j.tem.2026.09.001,,Journal Article; Review,hba1c,PubMed,special_population,supporting,5,"population=general population; special_population=hiv; glycemic=glycated hemoglobin; risk_factors=age,insulin resistance,obesity; review_type=recommendations"
42743331,Temporal patterns of tuberculosis-associated hyperglycaemia and its effect on treatment outcomes in individuals not previously diabetic: A prospective cohort study.,"BACKGROUND: Active tuberculosis (TB) infection can induce hyperglycaemia and insulin resistance, increasing the risk of type 2 diabetes mellitus and worsening TB disease severity. However, data on the dynamics of TB-associated hyperglycaemia and its effect on TB treatment outcomes among individuals not previously diabetic remain limited, particularly in high TB-burden settings. In this study, we aimed to investigate the prevalence and temporal patterns of TB-associated hyperglycaemia and its impact on disease presentation and TB treatment outcomes among a cohort of individuals not previously diabetic. METHODS: This was a five-month longitudinal prospective cohort study conducted at two urban specialized TB healthcare facilities in Kenya among adults aged >18 years with bacteriologically confirmed pulmonary TB (PTB). Known diabetes mellitus (DM) or prediabetic individuals were excluded during enrolment. Glycaemic status was assessed at baseline and months two and five using glycated haemoglobin (HbA1c) according to the American Diabetes Association guideline. Hyperglycaemia was defined as HbA1c ≥5.7% and categorized as normoglycaemia, persistent, transient, or incident hyperglycaemia based on longitudinal measurements. Socio-demographic and clinical data were collected using a structured questionnaire and analysed using SPSS version 26.0 and GraphPad Prism version 9.0. Longitudinal trends in HbA1c levels and the association of hyperglycaemia with DM-related symptoms, as well as TB treatment outcomes, were assessed using the Friedman test and the Generalized Estimating Equations (GEE), respectively. RESULTS: We enrolled and followed 87 individuals newly diagnosed with PTB. Of these, 66 were tested for hyperglycaemia in month two after 7 died and 14 were lost to follow-up/transferred out (LTFU/TO), and 70 in month 5, after an additional death, 7 re-engagements, and 2 LTFU/TO were reported. At enrolment, the cohort was predominantly male (76%), not married (53%), and HIV-negative (84%), with a median age of 37 years (IQR 29-44). Prevalence of hyperglycaemia at baseline was 75% (95% Confidence Interval [CI] 65-83), with 45% of the individuals presenting as prediabetic and 30% as diabetic. At the month-two and month-five time points, the proportion of participants with prediabetes (pre-DM) increased from 24% (16/66) to 30% (21/70), while the prevalence of DM declined from 21% (14/66) to 9% (6/70). Across the time points, HbA1c levels varied significantly (p < 0.001). In GEE analysis, hyperglycaemic participants were more likely to experience classic symptoms of DM such as frequent micturition (adjusted Relative Risk [aRR] 1.76, 95% CI 1.12-2.77), increased thirst (aRR 2.37, 95% CI 1.38-4.05), unintentional weight loss (aRR 1.84, 95% CI 1.24-2.75), and blurred vision (aRR 1.95, 95% CI 1.20-3.18). After adjusting for age, BMI, HIV, alcohol use, and smoking, hyperglycaemia was independently associated with an increased risk of sputum positivity (aRR 4.22, 95% CI 2.09-8.52). Glycaemic variability was significantly associated with unfavourable TB treatment outcomes (p < 0.001). CONCLUSIONS: New-onset hyperglycaemia was highly prevalent in adults newly diagnosed with TB and persisted through the fifth month of TB treatment. Hyperglycaemia was associated with classic diabetic symptoms and persisting sputum positivity, highlighting the need to integrate glycaemic monitoring and management into routine TB follow-up care.",PloS one,2026,10.1371/journal.pone.0358593,PMC13577521,Journal Article,prediabetes_progression,PubMed,experimental,peripheral,3,"population=prediabetes,prediabetic; special_population=hiv,tuberculosis; early_risk=prediabetes,prediabetic; glycemic=glycated haemoglobin,hba1c; risk_factors=age,alcohol,bmi,insulin resistance,smoking; prevention=weight loss; review_type=guideline; experimental=rat"
42749101,Risk Factors and Definition of Younger-Onset Metabolic Dysfunction-Associated Steatotic Liver Disease (MASLD) Cirrhosis.,"BACKGROUND & AIMS: Cirrhosis from metabolic dysfunction-associated steatotic liver disease (MASLD) usually develops with advancing age, yet a subset of patients presents at younger ages. We examined genetic and metabolic factors associated with younger-onset MASLD cirrhosis. APPROACH AND RESULTS: Adults with biopsy-proven MASLD enrolled in the NASH CRN were included. DNA was genotyped, and a genetic risk score (GRS) was calculated as the sum of risk alleles in PNPLA3 and TM6SF2 plus the wild-type HSD17B13 allele, dichotomized at the median (low vs high), in addition to evaluation of previously published weighted GRSs. Younger-onset cirrhosis was defined as the youngest quartile among participants with cirrhosis. Multivariable logistic regression evaluated factors associated with younger-onset cirrhosis. Among 2,395 participants, 234 (9.8%) had MASLD cirrhosis (median age 58.4 years, body mass index (BMI) 34.9 kg/m2, 66% with type 2 diabetes mellitus [T2DM]). Younger-onset cirrhosis was defined as the lowest quartile, which was <50 years and was associated with a lower prevalence of the protective HSD17B13 variant (24% vs 34%, p=0.004). Compared with non-cirrhotic MASLD participants under 50 years (n=999), those with cirrhosis more often had T2DM, BMI ≥35kg/m2, higher alkaline phosphatase, and lower ALT. In multivariable models adjusting for demographic and metabolic factors, high GRS (OR 2.33, 95%CI: 1.26-4.23; p=0.006) and T2DM (OR 3.74, 95%CI: 2.08-6.82; p<0.001) remained independently associated with cirrhosis under age 50. CONCLUSIONS: One-quarter of participants with MASLD cirrhosis present before age 50 years and have distinct features, including higher genetic risk and a greater prevalence of T2DM.",Clinical gastroenterology and hepatology : the official clinical practice journal of the American Gastroenterological Association,2026,10.1016/j.cgh.2026.08.033,,Journal Article,risk_prediction,PubMed,other,supporting,3,"early_risk=risk score; risk_factors=age,bmi,body mass index; non_target_outcomes=cirrhosis"
42750677,How to improve uptake and adherence to dietary trials in gestational diabetes amongst South Asian women: insights from patient and public involvement and engagement.,"BACKGROUND: Gestational diabetes mellitus (GDM) is associated with adverse maternal and neonatal outcomes and affects approximately 10-20% of pregnancies in the UK. The prevalence of GDM among South Asian women is around twice that of White British women, and they are also twice as likely to develop type 2 diabetes following diagnosis. Although multiple dietary interventions have been explored to improve glycaemic control in GDM, no single dietary approach has proven consistently effective in improving health outcomes.We conducted a patient and public involvement and engagement (PPIE) activity with South Asian women to inform a trial evaluating the acceptability, feasibility, and safety of an intermittent low-energy diet (ILED) in GDM. PPIE input was particularly valuable in addressing lower-than-anticipated recruitment and retention, especially among South Asian women, and provided insights into sociocultural barriers and facilitators to improve trial design and participation. METHODS: Six South Asian women with lived experience of overweight or obesity in pregnancy, either personally affected by gestational diabetes or with close family experience, participated in one-to-one discussions lasting up to 60 minutes to provide feedback on trial procedures, methods, and design. Based on these insights, a follow-up discussion group was conducted with eleven South Asian women who had been pregnant in the last five years, were currently pregnant, or planning pregnancy, and who had experience of overweight/obesity or GDM. Key priorities were identified and translated into practical action points to inform ongoing research. CONCLUSIONS: Three key priorities emerged as a potential means of enhancing engagement with South Asian women: addressing vulnerability (including trust and loss of control), improving accessibility, and reducing mental load (including competing priorities, emotional wellbeing, and family influence).",NIHR open research,2026,10.3310/nihropenres.14303.2,PMC13575402,Journal Article,clinical_guidelines,PubMed,special_population,supporting,3,"population=develop type 2 diabetes; special_population=gestational diabetes,gestational diabetes mellitus,pregnancy; risk_factors=age,diet,dietary,obesity,overweight; prevention=dietary intervention"
42716862,One-year progression from prediabetes to type 2 diabetes in a Turkish primary-care cohort: a prospective study.,"AIMS: To estimate one-year progression to type 2 diabetes among adults with prediabetes in primary care and explore associated baseline characteristics. METHODS: Adults with prediabetes identified using FPG, 2-h OGTT glucose and/or HbA1c criteria at a Turkish family health centre were followed for one year. Incident diabetes was defined by repeat-confirmed diabetes-range FPG or HbA1c; the oral glucose tolerance test was not repeated at follow-up, for resource and participant-burden reasons. Progressors and non-progressors were compared using Mann-Whitney U and Fisher's exact tests, without adjustment for multiple comparisons. ROC analyses were exploratory, and the derived cut-offs were neither internally nor externally validated. RESULTS: Among 152 participants (67.8% women; mean age 52.9 ± 12.6 years), 9 (5.9%; 95% CI 2.7-10.9%) progressed to diabetes, while 20 had normal-range FPG and HbA1c and 123 retained prediabetes-range values. Progressors had higher BMI, waist and hip circumference, FPG, HbA1c and 2-h glucose; antidepressant use was also more frequent, although this unadjusted association is likely confounded by indication. All nine incident cases occurred in participants with combined IFG and IGT. In exploratory analyses based on only nine events, higher 2-h glucose showed the strongest apparent separation between progressors and non-progressors. CONCLUSIONS: One-year progression was uncommon but concentrated among participants with combined IFG and IGT. Because only nine events occurred, roughly two dozen baseline factors were compared without adjustment for multiple testing, and the OGTT was not repeated at follow-up, every association reported here is hypothesis-generating and the study-derived thresholds are exploratory and unvalidated; neither should be used to guide clinical decisions until confirmed in larger, independent cohorts.",Primary care diabetes,2026,10.1016/j.pcd.2026.09.001,,Journal Article,prediabetes_progression,PubMed,experimental,peripheral,2,"population=incident diabetes,prediabetes,primary care; early_risk=incident diabetes,prediabetes,progression to type 2 diabetes; glycemic=hba1c,ogtt,oral glucose tolerance,oral glucose tolerance test; risk_factors=age,bmi; experimental=rat"
42736402,Differential physical activity responses to diabetes risk reduction interventions according to prediabetes phenotype in at-risk individuals: pooled analysis from three randomised controlled trials.,"AIMS/HYPOTHESIS: Emerging research suggests that the effects of lifestyle interventions to reduce the risk of type 2 diabetes progression differ by prediabetes phenotype. We investigated whether this divergent effectiveness is accompanied by differing physical activity responses to the intervention. METHODS: Pooled data from three randomised controlled trials were used (n=2150), with up to 48 months annual follow-up. Participants at risk of type 2 diabetes were randomised to either: (1) usual care (control) or (2) similar interventions, in which they received structured group-based lifestyle interventions to promote increases in physical activity and other behaviours associated with diabetes risk reduction, supported by education, goal setting, pedometer use and maintenance support. Change in physical activity and glucose levels were stratified by the presence of impaired fasting glucose (IFG) and/or impaired glucose tolerance (IGT). RESULTS: Participants in the group with normoglycaemia were 63 years old (mean), with a mean BMI of 29.9 kg/m2; 56.4% were men and 76.7% were White European. Participants in the IFG group were 63 years old, with a BMI of 29.8 kg/m2; 70.0% were men and 79.1% were White European. Participants in the IGT group were 65 years old, with a BMI of 31.1 kg/m2; 60.4% were men and 80.5% were White European. Participants in the group with both IFG and IGT were 65 years old, with a BMI of 31.7 kg/m2; 62.7% were men and 82.6% were White European. The number of baseline steps/day was 6130 ± 3201 in the normoglycaemia group, 7244 ± 3489 in the IFG group, 5984 ± 2904 in the IGT group and 6310 ± 2872 in the IFG+IGT group (means ± SD). The intervention increased the mean number of steps/day relative to usual care by 247 (95% CI 4, 491) in the normoglycaemia group, 523 (95% CI 229, 818) in the IGT group, and 808 (95% CI 402, 1213) in the IFG+IGT group, but not in the IFG group (mean 71; 95% CI -429, 571). The intervention improved 2 h post-challenge glucose levels in the IFG+IGT group only (mean -0.5 mmol/l; 95% CI -0.9, 0.0). CONCLUSIONS/INTERPRETATION: The effectiveness of structured, group-based interventions with goal setting to promote physical activity differs by glycaemic status; those with IFG were least responsive. This may contribute to previously observed differences in the clinical effectiveness of diabetes prevention programmes.",Diabetologia,2026,10.1007/s00125-026-06873-5,1370926,Journal Article,prediabetes_progression,PubMed,experimental,peripheral,2,"population=diabetes risk,impaired fasting glucose,impaired glucose tolerance,prediabetes; early_risk=diabetes risk,prediabetes; glycemic=fasting glucose,impaired fasting glucose,impaired glucose tolerance; risk_factors=bmi,physical activity; prevention=diabetes prevention,diabetes prevention program,lifestyle intervention; experimental=rat"
42786919,Productivity loss associated with type 2 diabetes in China: the trend and projection from 1990 to 2050.,"BACKGROUND: Type 2 diabetes (T2D) has become increasingly prevalent among young adults in their prime working years. This study aimed to estimate the productivity-adjusted life years (PALYs) loss associated with T2D among working-age Chinese adults from 1990 to 2021, with projections to 2050. METHODS: Leveraging data from the Global Burden of Disease (GBD) 2021 database, the United Nations, and the China Chronic Disease and Risk Factors Surveillance study, we quantified individual- and population-level PALYs loss associated with T2D between 1990 and 2021 and projected trends through 2050 using a projection model. Loss of PALYs was calculated by combining productivity losses from excess mortality (years of life lost, YLL) with reductions in labour force participation, presenteeism, and absenteeism (years of productivity lost, YPL). Gross domestic product (GDP) loss was estimated by valuing each lost PALY using China's annual GDP per worker. RESULTS: In 2021, 39.8 million working-age Chinese men and 23.3 million women had T2D. Over their working lifetime, T2D was associated with 53.42 (95% uncertainty interval (UI) = 51.25-55.59) million PALYs loss in men and 33.56 (95% UI = 31.59-35.52) million in women, equivalent to 1.34 (95% UI = 1.29-1.40) and 1.44 (95% UI = 1.36-1.53) PALYs loss per man and woman, respectively. Loss of GDP reached USD 1035.31 billion for men and USD 650.38 billion for women. Total PALYs loss is projected to increase from 1990 to 2050, although per-person losses decline in both sexes. Women with T2D experience greater per-person PALYs loss than men in 2030 and 2050. CONCLUSIONS: T2D among working-age population is associated with substantial PALY and economic losses, underscoring urgent need for targeted interventions.",Journal of global health,2026,10.7189/jogh.16.04310,PMC13613105,Journal Article,risk_factors,PubMed,other,supporting,1,risk_factors=age
42717332,Postpartum GLP-1 receptor agonists and SGLT-2 therapies in women with prior gestational diabetes: current evidence and uncertainties.,"BACKGROUND: Gestational diabetes mellitus (GDM) affects approximately 14% of pregnancies and is associated with adverse pregnancy outcomes and a substantially increased risk of long-term cardiometabolic disease. Although glucose levels often normalise postpartum, women with prior GDM have a ten-fold increased risk of developing type 2 diabetes mellitus (T2DM), particularly when early postpartum prediabetes is present. Current prevention strategies, including lifestyle modification and metformin, have in general shown limited effectiveness in this high-risk population. MAIN BODY: Glucagon-like peptide-1 receptor agonists (GLP-1 RA) improve glycaemic control, promote weight loss, and reduce cardiovascular risk in people with T2DM and/or obesity. Given the central role of insulin resistance and weight retention in progression from GDM to T2DM, these therapies represent a promising strategy for postpartum diabetes prevention. However, available evidence in women with prior GDM is limited and largely derived from small, short-term studies not adequately powered to assess sustained diabetes prevention or long-term outcomes. Whether GLP-1 RA therapy should be considered an early preventive strategy in this high risk population remains therefore uncertain. The evidence base is now evolving, with the first large multicentre randomised controlled trial (RCT) with a potent GLP-1 RA in women with early postpartum prediabetes following GDM currently underway. In parallel, sodium-glucose cotransporter 2 (SGLT-2) inhibitors have demonstrated robust cardiovascular and renal benefits in T2DM, independent of glycaemic status, and may offer additional preventive potential. Their insulin-independent mechanism and favourable cardiovascular profile are particularly attractive in women with prior GDM, who face elevated long-term cardiometabolic risk. However, uncertainties persist regarding safety in women of reproductive age, use during lactation, optimal timing, and patient selection, highlighting the gap between therapeutic promise and dedicated postpartum trial data. CONCLUSION: This Debate examines the emerging role of GLP-1 RA and SGLT-2 inhibitors in preventing T2DM after GDM. Despite their potential, important uncertainties remain regarding long-term efficacy and safety. While these therapies may provide a shift beyond lifestyle intervention and metformin, robust trial data and careful consideration of reproductive factors are required before routine implementation. We discuss how pharmacological prevention strategies could be integrated into postpartum care for this high-risk population.",BMC medicine,2026,10.1186/s12916-026-05182-3,PMC13560376,Journal Article; Review,prediabetes_progression,PubMed,experimental,peripheral,1,"population=developing type 2 diabetes,prediabetes; special_population=gestational diabetes,gestational diabetes mellitus,postpartum,pregnancy,women with prior gestational diabetes; early_risk=developing type 2 diabetes,prediabetes,risk of developing type 2 diabetes; risk_factors=age,insulin resistance,obesity; prevention=diabetes prevention,lifestyle intervention,lifestyle modification,weight loss; experimental=rat"
42711084,Optimised carbohydrate dietary intervention for improving metabolic health in adults with prediabetes: study protocol for a multicentre randomised controlled trial.,"INTRODUCTION: Dietary modification is an important strategy for the prevention of type 2 diabetes, with fibre intake recognised as a key factor in promoting metabolic health. Resistant starch (RS), a type of fermentable dietary fibre, has emerged as a promising therapeutic approach due to its association with weight loss, enhanced insulin sensitivity and improved glucose metabolism. As nutritional research progresses, the focus has shifted from individual nutrients to overall dietary patterns. Based on this concept, this study aims to investigate the metabolic effects of a dietary pattern that optimises carbohydrate structure by increasing RS intake and reducing rapidly digestible carbohydrate in adults with pre-diabetes. METHODS AND ANALYSIS: This is a multicentre, randomised, parallel-controlled clinical trial, which will enrol 250 adults diagnosed with pre-diabetes. Eligible participants will undergo randomisation to receive either a guideline-based conventional diet or an optimised carbohydrate diet (OCD). In the OCD intervention, daily RS intake will be increased to approximately 40 g, with fibre intake rising to 20-40 g per 1000 kcal. At the same time, the intake of rapidly digestible starch and free sugars will be reduced. The intervention will last for 6 months, followed by a 3-month post-intervention follow-up period. The primary outcome is the change in postprandial glycaemic response, assessed using the incremental area under the curve (iAUC) for plasma glucose during the oral glucose tolerance test (OGTT). Secondary outcomes include the proportion of participants achieving remission to normoglycaemia or progressing to type 2 diabetes, changes in other glucose- and lipid-related metabolic parameters and changes in lifestyle-related behavioural factors. Exploratory outcomes will include changes in appetite-related hormones, circulating cytokines, immune function and multi-omics profiles. ETHICS AND DISSEMINATION: This study was approved by the Ethics Committee of Shanghai Sixth People's Hospital Affiliated to Shanghai Jiao Tong University School of Medicine (Approval No. 2025-122; Protocol V.1.0, 20250811) and the Ethics Committee of Shenzhen Center for Chronic Disease Control (Approval No. SZCCC-2024-011-01-PJ) and registered in the Chinese Clinical Trial Registry. Findings from this study will be disseminated in peer-reviewed journal publications. TRIAL REGISTRATION NUMBER: ChiCTR2500113583.",BMJ open,2026,10.1136/bmjopen-2026-123231,PMC13561004,Journal Article; Clinical Trial Protocol,oral_glucose_tolerance,PubMed,experimental,peripheral,1,"population=prediabetes; early_risk=prediabetes; glycemic=ogtt,oral glucose tolerance,oral glucose tolerance test; risk_factors=diet,dietary; prevention=dietary intervention,weight loss; review_type=guideline; experimental=rat"
42801108,Is direct oxidative damage of bone collagen associated with poor human cortical bone tissue fracture resistance?,"The limitations of clinical X-ray-based tools and fracture risk assessment tools, such as FRAX, particularly for disease groups, including type 2 diabetes (T2D) and CKD, suggest that important determinants of bone fracture resistance are not assessed. One such determinant is the bone collagen network, whose nativity and connectivity contribute to cortical bone fracture resistance, but whose degradation mechanisms remain unclear. Oxidative damage to the collagen network, driven by oxidative stress, has been proposed as a contributing factor. Two pathways are recognized: an indirect pathway involving glycoxidation and advanced glycation end-product formation, examined in a precursor study, and a direct pathway, examined herein, involving protein fragmentation and amino acid side chain modifications, such as carbonylation. To investigate the direct pathway, bulk collagen carbonyl content (measured using a fluorescence-based assay and normalized to collagen content) and intact collagen α-chain content (the opposite of α-chain fragmentation and measured via α-chain band intensities using gel electrophoresis) were quantified ex vivo using cortical bone specimens from 80 human donors with and without T2D and/or CKD. Relationships with fracture toughness and other bone quality measures from a precursor study were assessed using Spearman correlations and multiple linear regression. Bulk collagen carbonyl content was not directly associated with collagen network connectivity or cortical bone fracture toughness. In contrast, intact collagen α-chain content emerged as an independent explanatory variable for stable crack-growth fracture toughness measures (adj-R 2 = 46.3%, p = .028) and was negatively associated with bulk collagen carbonyl content (r = -0.37, p < .001). These findings suggest that collagen α-chain integrity may provide insight into variation in cortical bone fracture resistance, whereas bulk collagen carbonyl content did not support the hypothesized direct oxidative damage pathway in this donor cohort.",JBMR plus,2026,10.1093/jbmrpl/ziag152,PMC13615536,Journal Article,early_risk,PubMed,other,supporting,1,early_risk=risk assessment; risk_factors=age; non_target_outcomes=fracture
42798868,Episodic hypercortisolemia-mediated periods of worsening hyperglycemia in cyclic Cushing syndrome.,"Cyclic Cushing syndrome (CCS) is a rare subtype of Cushing syndrome (CS) characterized by hypercortisolism alternating with periods of physiologic or even low cortisol secretion. Most patients with CCS present with clinical signs of CS; however, in some patients, signs of hypercortisolism may be subtle or even absent. The fluctuating clinical picture and discrepant biochemical findings make CCS difficult to diagnose. We describe a case of a 70-year-old man with well-controlled type 2 diabetes mellitus who experienced recurrent, spontaneous hypercortisolemic episodes resulting in worsening and difficult-to-control hyperglycemia, followed by eucortisolemic phases during which his glycemic control rapidly returned to baseline. Further biochemical evaluation revealed intermittent hypercortisolemia without a clearly identifiable source of an adrenocorticotropic hormone secreting lesion. Data from his continuous glucose monitoring system (CGMS) proved pivotal in detecting the hypercortisolemic phases and tailoring management. After declining bilateral adrenalectomy and opting for a block-and-replace regimen with osilodrostat and hydrocortisone, he was able to anticipate and initiate this treatment based on his CGMS readings, facilitating improved glycemic control during these periods. This case highlights the diagnostic complexity of CCS and the utility of CGMS as both a monitoring tool and treatment guide for CCS in patients with concurrent type 2 diabetes mellitus.",JCEM case reports,2026,10.1210/jcemcr/luag279,PMC13613223,Case Reports; Journal Article,diagnosis,PubMed,other,supporting,1,risk_factors=age
42793505,Differential Associations of Healthy Lifestyle Latent Classes with Glycemic Transitions in Prediabetes: An Observational Study Based on CHARLS.,"Introduction: Current clinical guidelines recommend comprehensive management of multiple healthy lifestyles as fundamental to prediabetes care; however, the evidence base regarding the status and clustering of these risk factors remains insufficient. We identified distinct latent classes of healthy lifestyle in individuals with prediabetes and examined their impact on glycemic progression. Methods: This study included 2529 baseline prediabetic participants from the China Health and Retirement Longitudinal Study (CHARLS). We performed latent class analysis (LCA) to stratify participants according to healthy lifestyle factors: physical activity, smoking, alcohol consumption, sleep duration, body mass index (BMI), and blood pressure. Multiple imputation was used for missing covariate data. Multinomial logistic regression was used to examine associations with glycemic transition. Results: Three healthy lifestyle classes were identified: Class 1 (27.6%, the smoking and drinking group), Class 2 (28.2%, the high-BMI group), and Class 3 (44.3%, the healthy lifestyle group). Compared with Class 3, Class 1 (OR, 0.736; 95% CI, 0.554 to 0.978) and Class 2 (OR, 0.628; 95% CI, 0.489 to 0.806) had significantly decreased odds of returning to normoglycemia. Conversely, Class 2 (OR, 2.167; 95% CI, 1.626 to 2.887) had higher odds of progressing to diabetes than Class 3. Conclusions: Prediabetic individuals fall into three distinct healthy lifestyle latent classes. The distinct associations between the three lifestyle latent classes and glycemic progression to diabetes and regression to normoglycemia support the potential value of lifestyle-based risk stratification in prediabetes management, pending validation in prospective cohorts.","Healthcare (Basel, Switzerland)",2026,10.3390/healthcare14182966,PMC13606765,Journal Article,lifestyle,PubMed,experimental,peripheral,1,"population=prediabetes,prediabetic; early_risk=prediabetes,prediabetic,progression to diabetes; risk_factors=age,alcohol,bmi,body mass index,physical activity,smoking; review_type=guideline,guidelines; experimental=rat"
42787147,Association of the CUN-BAE index with glycemic outcomes in individuals with impaired fasting glucose: a retrospective multicenter Chinese cohort study.,"BACKGROUND: Diabetes mellitus (DM) poses a significant global public health challenge, with impaired fasting glucose (IFG) representing a critical prediabetic state. The Clínica Universidad de Navarra-Body Adiposity Estimator (CUN-BAE) index, a body fat estimator integrating body mass index (BMI), age, and gender, has shown promise in assessing cardiometabolic risk. However, its longitudinal association with bidirectional glycemic transitions, specifically reversion to normoglycemia and progression to DM, in individuals with IFG remains unclear. This study aimed to evaluate the association between baseline CUN-BAE index and glycemic outcomes in a Chinese IFG population. METHODS: This retrospective multicenter cohort study included 26,247 adults with baseline IFG from a health screening program. The CUN-BAE index was calculated using a standardized formula. Cox proportional hazards regression, restricted cubic spline models, and threshold effect analyses were employed to assess associations between the CUN-BAE index and glycemic outcomes, with adjustments for confounders. Subgroup and sensitivity analyses were conducted to verify robustness. RESULTS: Higher CUN-BAE index levels were independently associated with a reduced probability of reversion to normoglycemia (adjusted HR 0.99 per unit increase; 95% CI 0.98-0.99) and an increased risk of DM progression (adjusted HR 1.04; 95% CI 1.03-1.04). Nonlinear relationships were identified, with threshold effects at CUN-BAE index = 24.53 for reversion and CUN-BAE index = 22.51 for progression. The CUN-BAE index quartile analysis demonstrated a graded association, with the highest CUN-BAE index quartile showing a significantly elevated risk of diabetes and a reduced rate of reversion to normoglycemia. CONCLUSION: Higher CUN-BAE index levels are strongly and independently associated with adverse glycemic transitions in IFG individuals, with higher values indicating poorer outcomes. Its nonlinear associations and threshold effects support its utility for risk stratification and personalized intervention strategies in prediabetes management.",Frontiers in nutrition,2026,10.3389/fnut.2026.1813094,PMC13600847,Journal Article,fasting_glucose,PubMed,experimental,peripheral,1,"population=impaired fasting glucose,prediabetes,prediabetic; early_risk=prediabetes,prediabetic,screening; glycemic=fasting glucose,impaired fasting glucose; risk_factors=age,bmi,body mass index; experimental=rat"
42764073,Risk prediction models for incident type 2 diabetes: A scoping review and an update to a systematic review.,"Early identification of high-risk individuals is key for type 2 diabetes prevention. This study combines a scoping review of historical risk prediction models with a systematic review update of recent models (2019-2026) to map methodological evolution, geographical trends, and reporting quality. PubMed was searched for existing systematic reviews (1993-January 2026) for the scoping review, and for new primary studies (November 2019-January 2026) to update prior evidence. Original English-language regression-based prediction models for incident type 2 diabetes in adults were included; validation studies, machine-learning models, and non-original publications were excluded. Data were synthesised narratively and descriptively, with quality assessed using CHARMS, TRIPOD, and PROBAST. The scoping review synthesised 50 primary studies (median n = 5,217; follow-up 7 years); internal validation was reported in 84.0% versus 16.0% external, and AUC in 90.0%. The systematic update identified 20 new studies (median n = 8,879; follow-up 8.7 years); internal and external validation were respectively reported in 55.0% and 50.0%, calibration in 75.0%, and AUC in 75.0%. Risk of bias remained high in 85.0% of updated studies. Discrimination reporting is now standard, but external validation, calibration, and risk-of-bias reporting remain inconsistent. Future models should prioritise external validation and evaluation in diverse populations before clinical implementation.",Diabetes research and clinical practice,2026,10.1016/j.diabres.2026.113576,,Journal Article; Review,risk_prediction,PubMed,experimental,peripheral,0,"population=incident type 2 diabetes; early_risk=incident type 2 diabetes,prediction model,risk prediction,risk prediction model; risk_factors=age; prevention=diabetes prevention; review_type=scoping review,systematic review; experimental=rat"
42800899,Knowledge and Attitudes Regarding Continuous Glucose Monitors as Predictors of Current Use.,"PURPOSE: The purpose of this study was to evaluate the individual influences of knowledge and attitudes about continuous glucose monitors (CGMs) among adults with type 1 or type 2 diabetes. METHODS: Adults diagnosed with type 1 or type 2 diabetes completed an online survey regarding knowledge and attitudes about CGM use. Knowledge was measured using the benefits subscale of the CGM Satisfaction Scale, and attitudes were measured using the hassles subscale. Binomial regression was used to evaluate the individual influence of knowledge and attitudes and their predictive ability for current CGM use. RESULTS: A total of 58 adults participated. Of these, 38 (66%) reported current CGM use, and among current users, 90% reported a diagnosis of type 1 diabetes, and 10% reported a diagnosis of type 2 diabetes. Attitudes regarding CGM were statistically better than knowledge. Current use of a CGM correlated with knowledge and attitudes, and therefore, knowledge and attitudes were entered into binomial logistic regression. The model was statistically significant, explaining 36% of the variance in current CGM use. Participants with better attitudes were more likely to use a CGM, while those with greater knowledge were less likely to do so. CONCLUSIONS: Consistent with the hypothesis, knowledge and attitudes influenced use of CGM differently. Based on these findings, patient education to promote use of CGM should focus on improving attitudes regarding the hassles of CGM as these exert the greatest influence on current use.",The science of diabetes self-management and care,2026,10.1177/26350106261483745,,Journal Article,diagnosis,PubMed,other,peripheral,0,
42711998,Evidence-based ranking of diabetes prevention in prediabetes: A comprehensive network meta-analysis of 378 randomised controlled trials.,"BACKGROUND: Ten percent of the global population presents impaired glucose tolerance. Although numerous interventions have been investigated to prevent type 2 diabetes (T2D), their comparative effectiveness remains uncertain. In this study, we assessed and ranked current pharmacological and non-pharmacological interventions for preventing diabetes in individuals with prediabetes. METHODS: The study protocol was registered on PROSPERO (CRD42023473875). Randomised controlled trials (RCTs) reporting on adult patients with prediabetes undergoing any intervention addressing dysglycaemia were eligible. Our systematic search was conducted from database inception to 19 December 2025 in three databases (MEDLINE, Embase and Cochrane Library [CENTRAL]). Network meta-analysis was performed using the random-effect frequentist method. Our primary outcomes were the incidence of T2D, haemoglobin A1c (HbA1c), fasting plasma glucose (FPG) and 2-h glucose after the glucose oral tolerance test (2hPG) expressed as relative risk (RR) and mean difference (MD), respectively, with the corresponding 95% confidence intervals (CIs). RESULTS: We included 378 RCTs comprising 113 122 patients. The highest risk reduction for T2D when compared with control was obtained with dual incretin-based therapy (glucagon-like peptide 1 [GLP-1] and gastric inhibitory polypeptide (GIP) receptor agonists [GLP-1 + GIP RAs]) (RR = .1, CI [.05;  .21]), with GLP-1 receptor agonists (GLP-1 RAs) ranking second (RR = .26, CI [.19;  .4]) followed closely by metformin plus intensive lifestyle intervention (ILI) (RR = .27, CI [.12;  .64]). Only curcumin (MD = -.49, CI [-.70; -.28]), dual GLP-1 + GIP RA (MD = -.46, CI [-.63; -.29]), single GLP-1 RA (MD = -.41, CI [-.50; -.31]) and physical activity (MD = -.35, CI [-.48; -.23]) achieved >.3% HbA1c reductions after 1 year. Sulphonylureas and physical activity were most effective for the 1-year FPG decrease, while the greatest 2hPG reduction was obtained with zinc supplementation and sulphonylureas. CONCLUSION: Incretin-based therapies, particularly dual GLP-1 + GIP RA and single GLP-1 RA, followed by metformin together with ILI, are the most effective interventions to prevent T2D in patients with prediabetes.",Clinical and translational medicine,2026,10.1002/ctm2.70829,PMC13554713,Journal Article; Network Meta-Analysis,prediabetes_progression,PubMed,experimental,peripheral,0,"population=impaired glucose tolerance,prediabetes; early_risk=prediabetes; glycemic=fasting plasma glucose,hba1c,impaired glucose tolerance; risk_factors=physical activity; prevention=diabetes prevention,lifestyle intervention,prevent type 2 diabetes; review_type=meta-analysis; experimental=rat"
42760071,"Diabetes status, fasting glucose and HbA1c, and outcomes after myocardial infarction: a retrospective registry-based Swedish cohort study.","OBJECTIVES: This study aimed to assess cardiovascular (CV) risk across the full spectrum of dysglycaemia levels following myocardial infarction (MI). DESIGN: Retrospective registry-based cohort study. SETTING: All patients with MI in Sweden registered in the cardiac rehabilitation registry within the Swedish Web-system for Enhancement and Development of Evidence-based care in Heart disease Evaluated According to Recommended Therapies (SWEDEHEART) between 2006 and 2017. PARTICIPANTS: In total, 47 558 patients over the age of 18 attending cardiac rehabilitation post-MI, with available information on glycaemic levels. PRIMARY AND SECONDARY OUTCOME MEASURES: The primary outcome was major adverse CV events (MACE), a composite of all-cause mortality, MI and ischaemic stroke until the end of follow-up (30 June 2018). Secondary outcomes included all the components of MACE, CV mortality and hospitalisation for heart failure. RESULTS: Pre-diabetes and possible diabetes were present in 20.6%, new-onset diabetes in 3.2% and known diabetes in 21.1%. During a median follow-up of 4.7 years, 9321 patients experienced MACE. A stepwise increase across glycaemic categories was observed, with HRs of 1.07 (95% CI 1.00 to 1.14) for pre-diabetes, 1.22 (95% CI 1.11 to 1.34) for possible diabetes, 1.22 (95% CI 1.08 to 1.37) for new-onset diabetes and 1.73 (95% CI 1.64 to 1.82) for known diabetes, compared with normoglycaemia. A near-linear association between fasting glucose and outcomes was observed across all patients, while glycated haemoglobin appears predictive mainly in those with established diabetes. CONCLUSIONS: Glycaemic disturbances early after MI, including hyperglycaemia below the diagnostic threshold for diabetes, are associated with a progressively higher risk of adverse outcomes. Beyond routine screening, these findings support close follow-up of at-risk patients, irrespective of diabetes status.",BMJ open,2026,10.1136/bmjopen-2026-121970,PMC13599995,Journal Article,fasting_glucose,PubMed,other,peripheral,0,"early_risk=new-onset diabetes,screening; glycemic=fasting glucose,glycated haemoglobin,hba1c; risk_factors=age; complications=heart failure,myocardial infarction,stroke"
42709983,Comparison of Traditional Chinese Exercise and Equipment-Based Exercise on Glycaemic Control and Vitamin D Levels in Middle-Aged and Elderly Patients With Prediabetes: A Randomised Controlled Trial.,"BACKGROUND: Prediabetes is a critical window for preventing progression to type 2 diabetes mellitus (T2DM). Both vitamin D deficiency and physical inactivity are associated with impaired glucose metabolism. This study compared the effects of Traditional Chinese Exercise (TCE) and Kuanle Equipment Exercise (KEE) on glycaemic measures, lipid profiles, body composition and serum 25-hydroxyvitamin D3 [25(OH)D3] in middle-aged and elderly adults with prediabetes. METHODS: We conducted a 12-week, single-centre, randomised controlled trial involving 62 participants with prediabetes (mean age 55.2 ± 8.4 years; 88.7% female). Participants were randomly assigned to control (usual care, n = 21), TCE (n = 20), or KEE (n = 21). Primary outcomes included fasting plasma glucose (FPG), 2-h OGTT glucose, glycated haemoglobin (HbA1c) and serum 25(OH)D3. Secondary outcomes comprised triglycerides, total cholesterol, LDL-C, HDL-C and body composition. RESULTS: At baseline, mean serum 25(OH)D3 was 21.53 ± 3.90 nmol/L. At 12 weeks, both TCE and KEE improved FPG, 2-h OGTT glucose, HbA1c and 25(OH)D3 versus control (all p ≤ 0.001). Relative changes in FPG were -9.4% (TCE) and -15.2% (KEE) versus -1.5% (control); corresponding changes were -14.6% and -21.2% for 2-h OGTT glucose, -6.7% and -12.9% for HbA1c, and +60.6% and +81.9% for 25(OH)D3. Direct TCE-KEE comparisons were not significant (all p > 0.05). In an exploratory analysis, change in 25(OH)D3 was inversely associated with change in 2-h OGTT glucose (partial r = -0.358, p = 0.006), but not with FPG, HbA1c, or triglycerides. CONCLUSIONS: Both TCE and KEE improved glycaemic outcomes and increased serum 25(OH)D3 compared with usual care in middle-aged and elderly adults with prediabetes. Although KEE produced numerically larger estimates, direct between-group comparisons were not significant, and the superiority of KEE over TCE was not established. These vitamin D findings require confirmation in trials that quantify sunlight exposure and dietary vitamin D intake.","Endocrinology, diabetes & metabolism",2026,10.1002/edm2.70326,PMC13552993,Journal Article; Randomized Controlled Trial; Comparative Study,oral_glucose_tolerance,PubMed,experimental,peripheral,0,"population=prediabetes; early_risk=prediabetes,progression to type 2 diabetes; glycemic=fasting plasma glucose,glycated haemoglobin,hba1c,ogtt; risk_factors=age,diet,dietary,physical inactivity; experimental=rat"
42733155,OGTT-Derived β-Cell Function-Based Stratification of 2-Year Glycaemic Transitions in Chinese Adults With Prediabetes.,"AIMS: Prediabetes is heterogeneous, with variable progression to diabetes or reversion to normoglycemia. We evaluated whether the insulin secretion-sensitivity index-2 (ISSI-2), an oral glucose tolerance test (OGTT)-derived integrated surrogate of β-cell function relative to insulin sensitivity and prevailing glycemia, was associated with baseline glycaemic profiles and 2-year transitions in Chinese adults with prediabetes. We also examined whether these associations differed from those of the homeostasis model assessment of insulin resistance (HOMA-IR) and whether cohort-specific index-based groups combining ISSI-2 and HOMA-IR stratified transition risk. MATERIALS AND METHODS: We analysed 645 Chinese adults with prediabetes and complete baseline OGTT glucose and insulin measurements from a multicentre lifestyle intervention cohort; 410 had 2-year outcomes. ISSI-2 and HOMA-IR were examined in relation to baseline glycaemic measures and 2-year progression or reversion using multivariable regression. RESULTS: Higher ISSI-2 was associated with lower FPG, 1-h PG, 2-h PG and HbA1c, with the strongest association observed for 1-h PG (β per 1-SD increase -1.189 mmol/L; p < 0.001). During follow-up, 136 participants progressed to diabetes and 61 reverted to normoglycemia. Each 1-SD increase in ISSI-2 was associated with lower progression risk (OR 0.505, 95% CI: 0.382-0.668) and higher likelihood of reversion (OR 1.447, 95% CI: 1.106-1.893), whereas HOMA-IR showed less consistent associations. Compared with the Low IR + higher ISSI-2 group, the dual-defect group (higher HOMA-IR and lower ISSI-2) had higher progression risk (OR 2.764, 95% CI: 1.459-5.237). CONCLUSIONS: ISSI-2 was associated with baseline glycaemic profiles and bidirectional 2-year transitions in Chinese adults with prediabetes. OGTT-derived β-cell function assessment may complement conventional glycaemic classification for short-term risk stratification, pending validation in independent cohorts.","Diabetes, obesity & metabolism",2026,10.1111/dom.71310,,Journal Article,oral_glucose_tolerance,PubMed,experimental,peripheral,-1,"population=prediabetes; early_risk=prediabetes,progression to diabetes; glycemic=hba1c,ogtt,oral glucose tolerance,oral glucose tolerance test; risk_factors=insulin resistance; prevention=lifestyle intervention; experimental=rat"
42796931,Effects of Chokeberry Juice Added to a Mediterranean-Style Diet on Glycemic Control and Redox Homeostasis in Women with Prediabetes: A Randomized Controlled Trial.,"Background: Prediabetes is characterized by impaired glucose regulation and altered redox homeostasis, which may contribute to progression to type 2 diabetes. Polyphenol-rich foods may improve metabolic and redox balance. Methods: Fifty-four women aged 30-60 years with prediabetes were randomly assigned to an intervention group (IG) or control group (CG); 50 completed the 12-week study (25 per group). Both groups received Mediterranean diet recommendations. The IG additionally consumed 100 mL/day of chokeberry juice, providing 457 mg GAE of total polyphenols and 9.7 mmol antioxidant capacity (FRAP), whereas the CG received no study product. Fasting plasma glucose (FG), HbA1c, 2 h plasma glucose (2h-PG), total oxidant status (TOS), total antioxidant status (TAS), and oxidative stress index (OSI) were assessed at baseline and 12 weeks. Between-group differences in individual changes were analyzed using the Mann-Whitney U test with Benjamini-Hochberg false discovery rate correction. The randomized substudy reported here was conducted within the broader single-group parent study registered at ClinicalTrials.gov (NCT06435130), which enrolled a larger mixed-sex cohort; the present analysis concerns only the nested 12-week randomized comparison in women with prediabetes. Results: Compared with the CG, the IG showed greater reductions in FG, HbA1c, 2h-PG, TOS, and OSI and a greater increase in TAS. All between-group differences remained significant after FDR correction (adjusted p < 0.001), with large Cliff's delta values. Conclusions: Adding 100 mL/day of chokeberry juice to Mediterranean diet recommendations for 12 weeks was associated with modest but statistically significant improvements in glycemic and redox-related outcomes in women with prediabetes. The small sample, short follow-up, and lack of placebo control limit generalizability; larger, longer placebo-controlled trials are warranted.",Nutrients,2026,10.3390/nu18182948,PMC13610533,Journal Article; Randomized Controlled Trial,prediabetes_progression,PubMed,experimental,peripheral,-1,"population=prediabetes; early_risk=prediabetes,progression to type 2 diabetes; glycemic=fasting plasma glucose,hba1c; risk_factors=age,diet; review_type=recommendations; experimental=rat"
42763677,Effectiveness of Structured Education Programmes on Diet and Exercise for Preventing Type 2 Diabetes in Adults With Prediabetes: A Systematic Review.,"Diet and exercise can prevent or delay progression from prediabetes to type 2 diabetes mellitus, but lifestyle advice in routine care may be brief, inconsistent, or unstructured. This systematic review assessed whether structured education programmes on diet and exercise are more effective than usual care, standard advice or less intensive lifestyle intervention in preventing or delaying type 2 diabetes among adults with prediabetes. The review was conducted in accordance with Preferred Reporting Items for Systematic Reviews and Meta-Analyses (PRISMA) guidance and registered in PROSPERO (CRD42023484038). CINAHL (Cumulative Index to Nursing and Allied Health Literature), Embase, Ovid MEDLINE, Web of Science and Google Scholar were searched for English-language studies from database inception to July 2026. Randomised and cluster-randomised controlled trials involving adults with prediabetes, impaired glucose tolerance, or impaired fasting glucose were included if they compared structured education focused on diet, exercise or both with usual care, standard advice or a less intensive intervention. Data were synthesised narratively. Eighteen randomised or cluster-randomised controlled trials met the inclusion criteria. Most studies reported favourable effects of structured education on diabetes incidence, glycaemic indices and weight-related outcomes compared with usual care or less intensive lifestyle advice, while effects on cardiovascular risk markers were less consistent. Structured education on diet and exercise appears more effective than usual care or less intensive lifestyle advice in preventing or delaying type 2 diabetes among adults with prediabetes.",Cureus,2026,10.7759/cureus.114859,PMC13589475,Journal Article; Review,prediabetes_progression,PubMed,experimental,peripheral,-1,"population=impaired fasting glucose,impaired glucose tolerance,prediabetes; early_risk=prediabetes; glycemic=fasting glucose,impaired fasting glucose,impaired glucose tolerance; risk_factors=age,diet; prevention=lifestyle intervention; review_type=systematic review; experimental=rat"
42609412,The Metabolic Legacy of Acute Pancreatitis: Post-Pancreatitis Diabetes Mellitus.,"Post-pancreatitis diabetes mellitus after acute pancreatitis (PPDM-A) is increasingly recognized as a distinct metabolic complication rather than a simple subtype of type 2 diabetes. This narrative review summarizes current evidence on PPDM-A, with emphasis on terminology, diagnostic timing, epidemiology, pathophysiology, risk factors, clinical phenotypes, screening, prevention, and long-term follow-up. A structured literature search was conducted in PubMed/MEDLINE, Scopus, and Google Scholar to identify relevant studies. PPDM-A may develop after mild, moderately severe, or severe acute pancreatitis, although the risk is greatest in patients with pancreatic necrosis, recurrent attacks, exocrine pancreatic dysfunction, obesity, dyslipidemia, fatty liver disease, metabolic comorbidities, and marked in-hospital glycemic variability. A major diagnostic challenge is distinguishing transient stress hyperglycemia and previously unrecognized diabetes from incident PPDM-A. Formal diagnosis should generally be established no earlier than 90 days after the index episode of acute pancreatitis to minimize misclassification due to transient stress-related dysglycemia. Follow-up assessment should combine fasting plasma glucose and HbA1c, whereas a 75-g oral glucose tolerance test (OGTT) may provide greater sensitivity during early recovery, particularly when HbA1c is unreliable, results are borderline or discordant, or isolated postprandial dysglycemia is suspected. Current evidence indicates that PPDM-A develops through interacting pathogenic domains, including pancreatic endocrine injury with impaired β-cell reserve, metabolic dysregulation characterized by insulin resistance and persistent inflammation, exocrine pancreatic dysfunction with nutritional consequences, and emerging mechanisms involving gut microbiome alterations, bile acid-FGF19 signaling, and extracellular vesicle-mediated communication. Available data support a trajectory-based model in which some patients recover normal glucose metabolism, some develop persistent intermediate dysglycemia, and others progress to overt diabetes over months or years. Structured post-discharge surveillance, risk-stratified follow-up, assessment of exocrine dysfunction, and prevention of recurrent pancreatic injury are essential for improving early detection, reducing diagnostic misclassification, and optimizing long-term clinical outcomes.",Clinical and experimental gastroenterology,2026,10.2147/CEG.S635877,PMC13478238,Journal Article; Review,oral_glucose_tolerance,PubMed,experimental,peripheral,-2,"special_population=pancreatitis,post-pancreatitis diabetes; early_risk=screening; glycemic=fasting plasma glucose,hba1c,ogtt,oral glucose tolerance,oral glucose tolerance test; risk_factors=dyslipidemia,insulin resistance,obesity; review_type=narrative review; experimental=rat"
42787268,"Structured lifestyle modification and biological aging: effects on PhenoAge, sclerostin, and GDF-15 in arab adults with prediabetes.","BACKGROUND: Lifestyle modification programs (LMP) such as diabetes prevention programs may influence phenotypic aging trajectories, but evidence in Middle Eastern populations remains limited. This study examined the effects of a structured LMP on phenotypic age (PhenoAge) as the primary endpoint and circulating sclerostin (SOST) and growth differentiation factor-15 (GDF-15) as secondary endpoints in a cohort of Arab adults with prediabetes. PARTICIPANTS AND METHODS: In this randomized clinical trial (RCT), a total of 181 adults (130 males, 51 females; mean age 50.8 ± 10.9 years, body mass index, BMI 30.0 ± 4.8 kg/m2) were enrolled. Participants were allocated to either a structured LMP or Control Group (CG) and followed for 6 months. The LMP group was requested to reduce weight by 5%, moderate exercise (150 min/week), reduce fat intake (30%) and increase fiber intake (15g/1 kcal). CG was given brochure. PhenoAge was calculated and assessed alongside anthropometrics, blood biomarkers (HbA1c, fasting glucose, albumin, creatinine, GDF15, SOST), and dietary parameters at baseline and after 6 months. RESULTS: Compared with the CG, participants in the lifestyle modification program (LMP) showed a significant reduction in PhenoAge (-4.9 vs. +1.3 years; between-group p < 0.001). Significant between-group improvements were also observed in weight (-5.7 kg), BMI (-2.0 kg/m2), waist circumference (-6.3 cm), and HbA1c (-0.4%; all p < 0.001). Neither GDF-15 nor SOST demonstrated a significant intervention-specific effect. CONCLUSION: A structured lifestyle intervention significantly improved PhenoAge, accompanied by improvements in metabolic parameters in Arab adults with prediabetes. Changes in GDF-15 and SOST appeared time-dependent rather than intervention-specific. These findings support lifestyle modification as a potential strategy to slow a composite clinical measure of biological aging. ClinicalTrial Registration (NCT06440681).",Frontiers in aging,2026,10.3389/fragi.2026.1809697,PMC13601340,Journal Article,prevention,PubMed,experimental,peripheral,-2,"population=prediabetes; early_risk=prediabetes; glycemic=fasting glucose,hba1c; risk_factors=age,bmi,body mass index,diet,dietary,waist circumference; prevention=diabetes prevention,diabetes prevention program,lifestyle intervention,lifestyle modification; experimental=rat"
42740863,"Risk factors for incident type 2 diabetes among adults with impaired fasting glucose: a comparison of three regression models accounting for competing mortality in Liuzhou, Guangxi, China.","OBJECTIVES: Impaired fasting glucose (IFG) is a prediabetic precursor of type 2 diabetes (T2DM). Few long-term cohorts with substantial competing mortality compare risk estimates from logistic, Cox and Fine-Gray regression. This study aimed to examine cross-model discrepancies and demonstrate model-dependent bias in IFG risk inference. METHODS: We followed 913 Chinese IFG adults recruited in Liuzhou, Guangxi (2004-2008) for up to 20 years until 31 December 2024 (median 17.83 years). Three regression models were used to identify fully adjusted T2DM predictors. RESULTS: Fasting glucose, body fat percentage and older age were consistent positive predictors; female sex was persistently protective. Body mass index (BMI) ≥28 kg/m2 and waist-to-hip ratio showed divergent results across models. Hypertension lacked independent effects in all models, and enrollment year was significant only in Cox regression. CONCLUSIONS: Statistical model choice alters risk factor conclusions in IFG cohorts with high competing mortality. Joint interpretation of complementary regression methods is recommended.",Preventive medicine reports,2026,10.1016/j.pmedr.2026.103616,PMC13572089,Journal Article,fasting_glucose,PubMed,experimental,peripheral,-2,"population=impaired fasting glucose,incident type 2 diabetes,prediabetic; early_risk=incident type 2 diabetes,prediabetic; glycemic=fasting glucose,impaired fasting glucose; risk_factors=age,bmi,body mass index,hypertension; experimental=rat"
42781339,Machine learning-based risk prediction models for type 2 diabetes in primary care: a scoping review.,"BACKGROUND: Type 2 diabetes mellitus (T2DM) is a major global public health challenge, with many individuals remaining undiagnosed until complications develop. Machine learning (ML)-based risk prediction models have the potential to support early identification of individuals at increased risk using primary care data. However, the characteristics and applicability of these models within primary care settings have not been comprehensively mapped. OBJECTIVE: To systematically map the available evidence on machine learning (ML)-based models for risk prediction, early detection, and case-finding of type 2 diabetes in primary care, and to summarize their characteristics, including predictors, modeling approaches, validation strategies, and model performance. METHODS: A scoping review was conducted following the Joanna Briggs Institute methodology and reported according to the Preferred Reporting Items for Systematic Reviews and Meta-Analyses extension for Scoping Reviews (PRISMA-ScR). PubMed/MEDLINE, Scopus, and Ovid MEDLINE were searched for English-language studies published between January 2011 and December 2025. Primary research describing ML-based risk prediction models developed, validated, evaluated, or intended for implementation in primary care was eligible. Data were extracted using a structured charting form and synthesized descriptively. RESULTS: The search identified 186 records, of which four studies met the inclusion criteria. The included studies were conducted in Sweden, Canada, Saudi Arabia, and Hong Kong between 2024 and 2025. Three studies focused on model development and internal validation, while one externally validated previously developed non-laboratory prediction models. A range of ML approaches was identified, including stochastic gradient boosting, federated learning, multilayer perceptron, random forest, support vector classification, naïve Bayes, and decision tree algorithms, with logistic regression commonly used as a comparator. Models primarily utilized routinely collected demographic, anthropometric, lifestyle, and electronic health record-derived variables. Most studies reported moderate-to-good predictive performance; however, evidence regarding external validation, calibration, and prospective implementation within routine primary care remained limited. CONCLUSION: Evidence on ML-based risk prediction models for T2DM applicable to primary care remains limited despite growing interest in AI for diabetes prediction. Existing models demonstrate promising predictive performance using routinely available clinical information, but greater emphasis is needed on external validation, calibration, prospective implementation, and evaluation across diverse primary care populations before widespread clinical adoption. REVIEW REGISTRATION: Open Science Framework https://osf.io/mbfrz.",Frontiers in public health,2026,10.3389/fpubh.2026.1946070,PMC13598751,Journal Article; Scoping Review; Review,risk_prediction,PubMed,experimental,peripheral,-2,"population=primary care; early_risk=prediction model,risk prediction,risk prediction model; risk_factors=age; review_type=scoping review,systematic review; experimental=rat"
42750540,Predicting the Long-Term Risk of Type 2 Diabetes and Cardiovascular Disease With Orforglipron in People With Overweight or Obesity: A Post Hoc Analysis of the ATTAIN-1 Trial.,"OBJECTIVE: To assess change in long-term predicted 10-year cardiometabolic risk (Type 2 diabetes [T2D] and cardiovascular disease [CVD]) in adults with overweight or obesity without T2D. METHODS: This post hoc analysis used data from ATTAIN-1, a Phase 3 trial in adults (≥ 18 years) with obesity (BMI ≥ 30 kg/m2) or overweight (BMI ≥ 27 kg/m2 with ≥ 1 obesity-related complication) without T2D. Participants received orforglipron 5.5 mg, 9 mg, or 17.2 mg, or placebo for 72 weeks. Changes in predicted risk from baseline to 72 weeks were assessed using three validated risk prediction engines: Cardiometabolic Disease Staging (T2D risk), Framingham (total CVD risk), and PREVENT (total CVD, ASCVD, and HF risk). Mixed models for repeated measures compared change from baseline risk scores between groups. RESULTS: At week 72, mean relative reduction from baseline (median baseline scores: 16.0%-17.3%) in T2D risk score was significantly greater with orforglipron than placebo (-48.6% to -59.4% vs. -10.5%; p < 0.0001; HR-range 0.43-0.55). Using Framingham, at week 72, orforglipron was associated with a significant decrease in mean absolute change in total CVD risk vs placebo (-0.6% to -1.00% vs. +0.6%; p < 0.0001; HR range: 0.82-0.87). Similarly, at week 72, orforglipron was associated with reduced predicted ASCVD, HF, and total CVD risks compared to placebo, assessed using PREVENT (p < 0.0001). CONCLUSIONS: In this post hoc analysis, once-daily oral orforglipron was associated with statistically significant improvements in predicted 10-year risk of incident T2D and CVD compared with placebo over 72 weeks using three validated risk prediction models. TRIAL REGISTRATION: ATTAIN-1: NCT05869903.","Diabetes, obesity & metabolism",2026,10.1111/dom.71322,,Journal Article,early_risk,PubMed,experimental,peripheral,-3,"early_risk=prediction model,risk prediction,risk prediction model,risk score; risk_factors=bmi,obesity,overweight; experimental=rat"
42758305,Menopause hormone therapy and type 2 diabetes risk and prognosis: systematic review and meta-analyses.,"AIMS/HYPOTHESIS: Menopause hormone therapy (MHT) may have effects on metabolic conditions. This study was conducted to systematically review the literature, to summarise and quantify the effect of MHT on glucose or insulin levels and on new-onset type 2 diabetes among women without type 2 diabetes and to summarise and quantify the effect of MHT on glucose, insulin, lipid and blood pressure levels among women with type 2 diabetes. METHODS: Data from six electronic databases (PubMed, Embase, Cochrane, CINAHL, PsyclNFO and MEDLINE) from inception to 29 July 2025 were searched for randomised controlled trials (RCTs) and cohort studies comparing MHT users with non-users among postmenopausal women or women undergoing the menopausal transition. Eligible studies reported the effects of MHT on glucose metabolism, lipid levels or blood pressure in women with or without type 2 diabetes. The risk of bias in RCTs and cohort studies was assessed with version 2 of the Cochrane risk-of-bias for randomised trials (RoB 2) tool and the Risk of Bias in Non-randomised Studies of Interventions (ROBINS-I) tool, respectively. Certainty of evidence (CoE) was assessed with the Grading of Recommendations Assessment, Development and Evaluation (GRADE) approach. Random-effects models were used to estimate the pooled effects. RESULTS: In total, 49 articles (33 reporting on RCTs and 16 on cohort studies) from 15 countries were identified, involving 1,472,277 participants. The study durations ranged from 1 week to 13.2 years for RCTs and from 6 months to 17 years for cohort studies. Seven of these were assessed as having a low risk of bias. Among women without type 2 diabetes, MHT use was associated with small reductions in fasting insulin (11 studies: N=4262, mean difference [MD] -5.90 pmol/l [95% confidence interval (CI) -8.03, -3.77 pmol/l]; high CoE) and in homeostasis model assessment of insulin resistance score (four studies: N=2883, MD -0.21 [95% CI -0.32, -0.09]; moderate CoE), as well as a lower risk of new-onset type 2 diabetes (14 studies: N=1,450,134, risk ratio 0.83 [95% CI 0.75, 0.92]; very low CoE], compared with non-MHT users. Among women with type 2 diabetes, MHT was associated with small reductions in fasting plasma glucose (16 studies: N=1379, MD -1.07 mmol/l [95% CI -1.86, -0.28 mmol/l]; very low CoE), haemoglobin A1c (17 studies: N=15,720, MD -5.47 mmol/mol [-0.50%] [95% CI -8.32, -2.62 mmol/mol (-0.76, -0.24%)]; very low CoE), cholesterol (15 studies: N=907, MD -0.37 mmol/l [95% CI -0.50, -0.24 mmol/l]; low CoE), low-density lipoprotein cholesterol (16 studies: N=961, MD -0.33 mmol/l [95% CI -0.54, -0.13 mmol/l]; low CoE) and systolic blood pressure (nine studies: N=630, MD -3.43 mmHg (-0.46 kPa) [95% CI -4.88, -1.98 mmHg]; low CoE), compared with non-MHT users. CONCLUSIONS/INTERPRETATION: MHT showed small beneficial associations with glucose metabolism among women with and without type 2 diabetes, while the effect size was generally too small to be clinically significant. Future studies are needed to shed more light on the effect of MHT by initiation age. Study limitations include the predominantly single-reviewer screening and assessment, the high risk of bias of the included studies and restricted geographical representation. REGISTRATION: The study protocol was registered with the International Prospective Register of Systematic Reviews (PROSPERO; CRD420251230387). FUNDING: This work was supported by a National Health and Medical Research Council investigator grant (APP2009577).",Diabetologia,2026,10.1007/s00125-026-06856-6,5898980,Journal Article; Review,screening,PubMed,experimental,peripheral,-3,"population=diabetes risk; early_risk=diabetes risk,screening; glycemic=fasting plasma glucose; risk_factors=age,insulin resistance; review_type=recommendations,systematic review; experimental=rat"
42656588,Glycemia-based predictors of T2D development in adults with obesity and prediabetes: SURMOUNT-1 post hoc analysis.,"OBJECTIVE: This post hoc analysis aimed to assess the predictive value of glycemia-based criteria for development of type 2 diabetes (T2D) among adults with obesity and prediabetes in the 3-year SURMOUNT-1 study. METHODS: We evaluated the sensitivity, specificity, and positive and negative predictive value of each of the following exploratory criteria for their ability to correctly identify incident T2D cases in the placebo group: oral glucose tolerance test (OGTT) 1-h glucose ≥155 mg/dL (≥8.6 mmol/L), fasting serum glucose (FSG) ≥ 110 mg/dL (≥6.1 mmol/L), and hemoglobin A1c (HbA1c) ≥ 6% (≥42.1 mmol/mol). RESULTS: The OGTT 1-h glucose, FSG, and HbA1c based criteria, respectively, had a sensitivity of 0.83, 0.50, and 0.47; specificity of 0.25, 0.87, and 0.69; positive predictive value of 0.15, 0.37, and 0.19; and negative predictive value of 0.91, 0.92, and 0.90. Tirzepatide treatment was associated with a 90% to 99% reduction in new-onset T2D in the high-risk groups, vs 68% to 91% in the standard risk groups using the 3 different criteria. CONCLUSION: In this post hoc analysis, we found that OGTT 1-h glucose ≥155 mg/dL (≥8.6 mmol/L) may be a useful criterion to better identify those at high risk of incident T2D. Tirzepatide treatment was highly effective in T2D prevention compared with placebo, regardless of the high-risk criteria used. These findings may guide in the identification of people in whom intensive therapies could be considered to prevent new-onset T2D.",Journal of the Endocrine Society,2026,10.1210/jendso/bvag190,PMC13507312,Journal Article,oral_glucose_tolerance,PubMed,experimental,peripheral,-3,"population=prediabetes; early_risk=development of type 2 diabetes,prediabetes; glycemic=hba1c,ogtt,oral glucose tolerance,oral glucose tolerance test; risk_factors=obesity; experimental=rat"
42784439,Factors Associated With Falls Among the Elderly With Type 2 Diabetes in Urban Shanghai: A Cross-Sectional Study.,"AIM: This study is aimed at identifying the factors associated with falls among community-dwelling elderly individuals with Type 2 diabetes mellitus (T2DM) in urban Shanghai, China. METHODS: The study analyzed data from 842 diabetic patients aged 60 years or older. Information about associated factors and main outcome measures was collected using structured questionnaires. Chi-square tests and binary logistic regression were used to identify factors associated with falls. RESULTS: Among the participants, 239 (28.4%) experienced at least one fall and 41 (17.2%) of these fallers had recurrent falls in the past 1 year. Univariate analysis identified a range of potential factors for falls, including physical impairments (e.g., dizziness, fatigue, unsteadiness), psychological factors (e.g., depression, activity restriction due to fear of falling), and adverse lifestyle factors (e.g., inactivity, poor sleep, frequent nocturia) (p < 0.05). Logistic regression analysis revealed that balance test score (OR = 1.687, 95% CI: 1.162-2.447, p = 0.006), PHQ-9 depression category (OR = 1.663, 95% CI: 1.028-2.691, p = 0.038) and activity restriction due to fear of falling (OR = 2.503, 95% CI: 1.752-3.575, p < 0.001) were independently associated with falls. For recurrent falls, activity restriction due to fear of falling remained significantly associated across models (OR range: 2.045-2.165, p < 0.05). CONCLUSION: Falls were common among elderly diabetic residents in urban Shanghai, and multiple factors were identified as potential correlates. Our findings support the use of multidomain screening to identify high-risk individuals for falls and to inform targeted assessment approaches, warranting further prospective investigations.",Journal of diabetes research,2026,10.1155/jdr/8624656,PMC13606027,Journal Article,screening,PubMed,other,supporting,-3,"early_risk=screening; risk_factors=age; non_target_outcomes=depression,falls"
42744583,Differences in screen-detected type 2 diabetes in two targeted community-based screening campaigns in Denmark.,"OBJECTIVE: Targeted type 2 diabetes screening campaigns aim to improve patients' quality of life and life expectancy and reduce healthcare costs, although different setups may yield varying detection outcomes. The aim of this study is to assess whether at-home self-sampling improves the detection rates of prediabetes and diabetes compared with standard mobile unit screening. RESEARCH DESIGN AND METHODS: Between June 2022 and November 2024, the Danish Diabetes Association offered free capillary HbA1c tests to individuals at high risk of diabetes based on the Leicester's Risk Assessment score. Two community-based screening setups were applied: (a) a mobile unit using a point-of-care device and (b) at-home self-sampling screening tests using mailed Hemoglobin Capillary Collection System analyzed by high-performance liquid chromatography. RESULTS: In total, 4051 individuals were tested via the mobile unit and 5609 via the at-home setup. In the mobile unit setup, the proportion of individuals aged ≥65 years was 54.3%, whereas in the at-home setup, they constituted 38.1%. HbA1c ≥48 mmol/mol (≥6.5%) was found in 3.1% of participants in the mobile unit and 3.5% in the at-home setup, while HbA1c values of 42-47 mmol/mol (6.0-6.4%) occurred in 9.1% and 15.2%, respectively. CONCLUSIONS: Mobile units and at-home self-sampling are complementary screening approaches, finding similar rates of screen detection with HbA1c ≥48 mmol/mol (≥6.5%), though the latter is more efficient in detecting individuals with HbA1c values of 42-47 mmol/mol (6.0-6.4%).",BMJ open diabetes research & care,2026,10.1136/bmjdrc-2026-006034,PMC13583803,Journal Article,prediabetes_progression,PubMed,experimental,peripheral,-3,"population=diabetes screening,prediabetes; early_risk=prediabetes,risk assessment,screening; glycemic=hba1c; risk_factors=age; experimental=rat"
42758555,Association between Glycemic Control and Survival in Patients with Type 2 Diabetes on Peritoneal Dialysis: Results from the PDOPPS.,"BACKGROUND: Diabetes is the leading cause of kidney failure globally affecting 40% of people receiving peritoneal dialysis (PD). High quality data on the potential impact of improving glycemic control is needed to inform the current recommendations to individualise HbA1C targets. METHODS: Data from eight countries in the prospective cohort Peritoneal Dialysis Outcomes and Practice Patterns Study (2014-2022) was used to assess the association between baseline HbA1C and all-cause mortality in people with Type 2 diabetes on PD for at least 90 days. Cox proportional hazards model adjusted for potential confounders assessed the relationship in the whole cohort and subgroups. Using inverse probability weighting, an average treatment effect in the treated analysis further investigated potential implications of improved glycemic control. RESULTS: HbA1C was measured at least once in 8,436 patients during a mean follow-up of 16 months. Compared with HbA1C≤8%, HbA1C>8% was associated with higher risk of all-cause mortality in the cohort as a whole (HR 1.18 p=0.02 95%CI 1.03-1.35) and within subgroups; aged <65years (HR 1.28 p=0.01 95% CI1.05-1.56), average albumin >3.0g/dL (HR 1.25 p=0.004 95% CI 1.07-1.46), no pre-existing coronary artery disease (HR 1.24 p=0.008 95% CI 1.06-1.46), haemoglobin <10g/L (HR 1.50 p=0.01 95% CI 1.09-2.07) and PD vintage <1year (HR 1.22 p=0.02 95% CI 1.03-1.45). The projected survival advantage at 3 years for those with HbA1C≤8% compared with >8% was 7% overall, increasing to 12% in younger cohorts (aged <65years). The largest predicted absolute survival advantage of 16% (78% versus 61%) was seen in those aged <65, with a normal serum albumin and no history of coronary artery disease. CONCLUSIONS: Associations between HbA1C and mortality argue for tighter individualised targets for patient subgroups (younger, non-inflamed, without established CAD). Our weighted analysis suggests improved glycemic control (reducing HbA1C to <8%) may result in an absolute reduction in mortality at three years of up to 12% in younger cohorts.",Clinical journal of the American Society of Nephrology : CJASN,2026,10.2215/CJN.0000001200,,Journal Article,clinical_guidelines,PubMed,established_t2d,supporting,-3,"established_t2d=patients with type 2 diabetes,people with type 2 diabetes; glycemic=hba1c; risk_factors=age; review_type=recommendations"
42760714,Age- and sex-specific associations between thyroid function and diabetes in Korean adults: A nationwide cross-sectional study.,"Thyroid dysfunction and diabetes mellitus (DM) are two common endocrine disorders that share overlapping metabolic pathways. While several studies have explored the association between thyroid function and DM, findings have been inconsistent. Specifically, both elevated and suppressed thyroid-stimulating hormone (TSH) have been variably reported as risk or protective factors for diabetes, and the contribution of thyroid autoimmunity (thyroid peroxides antibody, TPOAb) to diabetes risk remains particularly contested across study populations. This study aimed to evaluate the relationship between thyroid function markers-TSH, free thyroxine (free T4), and TPOAb - and the presence of diabetes in Korean adults. This cross-sectional study analyzed data from 4910 adults aged 19 years or older who participated in the Korea National Health and Nutrition Examination Survey (KNHANES VI) from 2013 to 2015. Serum levels of TSH, free T4, and TPOAb were measured, and DM was defined based on fasting glucose levels, use of antidiabetic medication, or self-reported diagnosis. As KNHANES does not classify diabetes by etiological subtype, the DM group predominantly reflects type 2 diabetes, consistent with its overwhelming predominance among Korean adults; type 1 diabetes could not be separately identified. Multivariable logistic regression was used to estimate odds ratios (ORs) and 95% confidence intervals (CIs) for diabetes across thyroid function categories, with subgroup analyses by age and sex. High TSH levels were significantly associated with an increased risk of diabetes (OR = 2.82; 95% CI: 1.26-6.32), especially in men under 65 years (OR = 5.10; 95% CI: 1.65-15.77). Low TSH levels were inversely associated with diabetes risk (OR = 0.35; 95% CI: 0.15-0.86). Low free T4 levels were also linked to an increased risk (OR = 2.08; 95% CI: 1.16-3.75), particularly in younger men. TPOAb positivity showed no significant overall association with diabetes, although a potential protective trend was observed in older men. Altered thyroid function, especially high TSH and low free T4 levels, is associated with increased diabetes risk in Korean adults. These findings suggest the clinical utility of thyroid function screening in diabetes risk assessment and highlight the need for further longitudinal research.",Medicine,2026,10.1097/MD.0000000000050697,PMC13593317,Journal Article,early_risk,PubMed,experimental,peripheral,-3,"population=diabetes risk; early_risk=diabetes risk,risk assessment,screening; glycemic=fasting glucose; risk_factors=age; experimental=rat"
42796049,Effects of High-Intensity Interval Versus Moderate-Intensity Continuous Training in Adults with Prediabetes: A Single-Blind Randomized Controlled Trial.,"Background: Prediabetes is associated with impaired glycemic regulation and increased cardiometabolic risk, making effective lifestyle management important for preventing progression to type 2 diabetes. Exercise is a key component of prediabetes management, but the comparative effects of high-intensity interval training (HIIT) and moderate-intensity continuous training (MICT) remain unclear. Methods: This single-blind randomized controlled trial included 24 sedentary adults with prediabetes (HbA1c 5.7-6.4%; BMI > 24.9 kg/m2), randomized to HIIT (n = 12) or MICT (n = 12). Participants completed supervised treadmill-based aerobic exercise three times weekly for 12 weeks. The primary outcome was HbA1c, while secondary outcomes included anthropometric measures, lipid parameters, and inflammatory and metabolic biomarkers. Outcomes were evaluated using two-way repeated-measures ANOVA. Results: For the primary outcome, HbA1c decreased significantly over time in both groups (p = 0.001), with no significant group × time interaction (p > 0.05). Among the secondary outcomes, both interventions significantly improved body mass index, waist circumference, hip circumference, and waist-to-height ratio (all p ≤ 0.001), while lipid parameters remained unchanged (p > 0.05). Exploratory biomarker analyses showed within-group decreases in TNF-α in the HIIT group and resistin in the MICT group, an increase in osteocalcin in the MICT group, and increases in IL-6 in both groups (p < 0.05); however, no significant group × time interactions were observed for these biomarkers. CRP, irisin, adiponectin, and chemerin remained unchanged. Conclusions: Both HIIT and MICT were associated with improvements in glycemic control and anthropometric outcomes in this sample of adults with prediabetes, with no evidence of superiority of either exercise protocol. Given the small sample size and the absence of significant group × time interactions, the exploratory biomarker findings should be interpreted cautiously. These findings suggest that both exercise modalities may represent feasible options within individualized lifestyle management for adults with prediabetes. Larger studies with longer intervention periods and post-intervention follow-up are needed to clarify the comparative and longer-term effects of these exercise modalities.",Journal of clinical medicine,2026,10.3390/jcm15187277,PMC13607590,Journal Article,prediabetes_progression,PubMed,experimental,peripheral,-4,"population=prediabetes; early_risk=prediabetes,progression to type 2 diabetes; glycemic=hba1c; risk_factors=age,bmi,body mass index,sedentary,waist circumference,waist-to-height ratio; experimental=rat"
42597012,Continuous glucose monitoring profiles during postpartum glucose tolerance test results among people with gestational diabetes.,"OBJECTIVE: Current guidance recommends universal screening with a postpartum oral glucose tolerance testing (OGTT) 4-12 weeks following delivery among pregnancies complicated by gestational diabetes mellitus (GDM) to identify or assess risk for prediabetes and type 2 diabetes (T2D). Continuous glucose monitoring (CGM) is not currently a tool for screening for T2D among pregnant or postpartum people. Our objective was to assess CGM data during the postpartum OGTT. METHODS: This was a secondary analysis of a trial that randomized people with GDM to CGM versus capillary blood glucose (CBG). Participants were included if CGM data were available during their OGTT. Our primary outcome was mean glucose during the postpartum OGTT (75 g 2-h challenge), comparing those with dysglycemia on OGTT (fasting ≥100 mg/dL and/or 2-h ≥140 mg/dL) to normal OGTT results. RESULTS: A total of 51 patients met the inclusion criteria for this secondary analysis. Mean CGM glucoses were higher at all time points for those with dysglycemia compared with a normal OGTT result. Among those with dysglycemia, the mean fasting plasma glucose was 104.3 ± 10.5 and the mean 2-h plasma glucose was 129.9 ± 37.5. For those with normal OGTT results, the mean fasting plasma glucose was 89.8 ± 5.2 and the mean 2-h plasma glucose was 103.5 ± 17.9. When stratified by GDM type, mean CGM glucose was similar between groups. CONCLUSION: In this study, we found that glucose measured by CGM follows the expected curve in response to the postpartum OGTT among individuals with pregnancies complicated by GDM. Those with dysglycemia had higher mean CGM glucose at all time points assessed. Future studies will need to assess the role of CGM in risk stratifying those with dysglycemia postpartum without an OGTT.","Pregnancy (Hoboken, N.J.)",2025,10.1002/pmf2.70143,PMC13344718,Journal Article,oral_glucose_tolerance,PubMed,experimental,peripheral,-4,"population=prediabetes; special_population=gestational diabetes,gestational diabetes mellitus,postpartum; early_risk=prediabetes,screening; glycemic=fasting plasma glucose,ogtt,oral glucose tolerance,oral glucose tolerance test; experimental=rat"
42745970,Beyond Soil Selenium: Agroindustrial Exposure Pathways and Diabetes Risk Assessment in Contemporary China.,"A recent multicenter Chinese cohort study reported a prospective association between high serum selenium (Se) status and incident type 2 diabetes (T2D), while interpreting regional serum Se variation largely through local soil geochemistry. Although the correlation between soil and serum Se is robust at the regional scale, the inferential leap from geochemistry to dietary exposure may underestimate contemporary food system inputs. Two structural features of modern China, institutionalized Se supplementation in compound feed since 2009 and large-scale importation of soybean meal from geochemically heterogeneous origins, have introduced agroindustrial Se pathways that may partially decouple animal-source dietary Se from local soils. Risk mapping based solely on geochemical proxies may misclassify exposure burden in regions where these pathways dominate. Future Se exposure assessments should integrate geochemical, dietary, food supply chain, environmental, and biomarker data, particularly for populations with serum Se levels comparable to the highest tertile in that cohort.",China CDC weekly,2026,10.46234/ccdcw2026.166,PMC13575425,Journal Article,early_risk,PubMed,experimental,peripheral,-4,"population=diabetes risk,incident type 2 diabetes; early_risk=diabetes risk,incident type 2 diabetes,risk assessment; risk_factors=diet,dietary; experimental=rat"
42620256,Adverse cardio-metabolic risk profile and epicardial adiposity in patients with adrenal adenoma: a cross-sectional study.,"BACKGROUND: Mild autonomous cortisol secretion (MACS) is associated with an increased cardiovascular mortality, but even patients with non-functioning adrenal adenoma (NFA) might be at risk for cardio-metabolic comorbidities compared to a control group with absence of an adrenal tumor (CON). MATERIAL AND METHODS: Seventyfour individuals were included in cross-sectional analysis [MACS: n=25(84% females), age: 63(55-67)years, BMI:27.00(24.20-30.50)kg/m2; NFA: n=25(84%females), age: 61(54-68)years, BMI:28.50(27.50-32.20)kg/m2 and CON: n=24 (75%females), age: 58 (51-64)years, BMI: 27.39(22.03-30.17) kg/m2]. Visceral and ectopic fat stores, as well as heart function were assessed by magnetic resonance imaging and spectroscopy. Blood pressure was measured by standardized protocols. Blood was drawn in the fasting state and during an oral glucose tolerance test to assess glucose and lipid metabolism. RESULTS: The prevalence of hypertension (MACS:84% vs NFA:76% vs CON: 43.5%), dyslipidemia (MACS:96% vs NFA:80% vs CON:62.5%) and prediabetes (MACS:56% vs. NFA:72% vs CON:29.2%) was significantly different between the groups. Markers of glucose metabolism were worse in MACS and best in CON (HbA1c: 5.70 (5.40-5.90)% vs 5.50 (5.40-5.80)% vs 5.40 (5.27-5.60)%, p=0.043); HOMA_IR:2.91(2.19-4.15) vs 2.55 (1.57- 4.97) vs 1.73 (1.00-2.61), p=0.007). epicardial adipose tissue area was highest in MACS patients, followed by NFA, with lowest values in CON (MACS:1159.68 (930.38-1454.11) mm2 vs NFA: 873.23 (638.03-1195.33) mm2 vs CON:672.37 (549.44-890.30) mm2, p<0.001). No relevant between-group-differences in cardiac morphology, intramyocardial fat or intrahepatic fat were observed. CONCLUSIONS: In this exploratory study, MACS was associated with epicardial adiposity and an adverse cardio-metabolic risk profile.",Frontiers in endocrinology,2026,10.3389/fendo.2026.1898271,PMC13485594,Journal Article,oral_glucose_tolerance,PubMed,experimental,peripheral,-4,"population=prediabetes; special_population=adrenal adenoma; early_risk=prediabetes; glycemic=hba1c,oral glucose tolerance,oral glucose tolerance test; risk_factors=age,bmi,dyslipidemia,hypertension; experimental=rat"
42754851,Nutrigenomics in the prevention and management of type 2 diabetes and obesity: A systematic review of clinical trials.,"BackgroundThe increasing global burden of obesity and type 2 diabetes mellitus (T2DM) poses a major public health challenge. Nutrigenomics has emerged as a promising approach for managing these metabolic diseases through specific gene-diet interactions.AimThis systematic review aimed to synthesize evidence on the effects of nutrigenomics in the prevention and management of obesity and T2DM in human populations.MethodsAn extensive search was performed across four databases from inception to June 2025. Eligibility criteria were: randomized controlled trials (RCTs), participants with obesity (body mass index (BMI): 25-40 kg/m2), prediabetes, and/or diagnosed with T2DM, nutrigenomics-based dietary intervention studies, and reporting obesity or diabetes management as the primary outcome. Risk of bias (RoB) was assessed using the RoB visualization tool. Narrative evidence synthesis was done owing to heterogeneity in study populations, genotypes, diet-gene associations, and outcome measures.SummaryOf 1278 articles screened, six RCTs met the eligibility criteria. The included studies demonstrated that nutrigenomics-based dietary interventions and related molecular responses may influence obesity and T2DM-related outcomes. Specific genetic variants, including APOA2, Melatonin receptor 1B (MTNR1B), Circadian locomotor output cycles kaput (CLOCK), and PP2C domain-containing protein phosphatase 1K (PPM1K), as well as molecular response markers such as RIPK3 and RNF216, were associated with changes in weight, BMI, waist circumference, and insulin sensitivity following dietary interventions. RoB analysis revealed that only one study (16.7%) demonstrated low RoB. The findings suggest a potential role for nutrigenomics in the prevention and management of obesity and T2DM; however, more robust and standardized RCTs are needed.",Nutrition and health,2026,10.1177/02601060261487857,,Journal Article; Review,prediabetes_progression,PubMed,experimental,peripheral,-5,"population=prediabetes; early_risk=prediabetes; risk_factors=age,bmi,body mass index,diet,dietary,obesity,waist circumference; prevention=dietary intervention; review_type=systematic review; experimental=rat"
42677460,Blood Metabolomic Signatures of 1-Hour Glucose Predict Cardiometabolic Risk.,"BACKGROUND: Elevated 1-hour glucose levels during an oral glucose tolerance test strongly predict type 2 diabetes (T2D) and cardiovascular disease. We investigated whether the fasting blood metabolome predicting 1-hour glucose could be a target for improving β-cell function, long-term glycemic trajectories, and reducing the risks of T2D and coronary heart disease. We also investigated whether plasma microRNAs derived from key metabolic organs regulate changes in a metabolomic risk score (MRS) for predicting 1-hour glucose. METHODS: Untargeted blood metabolomics and a frequently sampled 75-g oral glucose tolerance test were performed in participants from the OmniCarb trial (n=162). In an independent weight-loss dietary intervention trial (POUNDS Lost [Preventing Overweight Using Novel Dietary Strategies]), temporal changes in MRS and plasma microRNAs measured by genome-wide sequencing were analyzed. In addition, associations of MRS at baseline and its 10-year changes with long-term risk of incident T2D and coronary heart disease were prospectively investigated in the NHS (Nurses' Health Study). RESULTS: We created a fasting blood MRS for predicting 1-hour glucose (Pearson r=0.8) and found significant associations with half-day (diurnal) postprandial glucose excursions and insulin secretion after 5-week controlled feeding interventions varying in carbohydrate amount and glycemic index. In the POUNDS Lost trial, diet-induced changes in MRSs were related to 2-year trajectories of glucose metabolism; circulating microRNAs regulating cardiometabolic abnormalities were pivotal factors influencing these changes. In the NHS, women in the top 20% of MRS had a multivariate-adjusted relative risk of 3.80 (95% CI, 2.22-6.51) for T2D and 1.48 (95% CI, 1.04-2.12) for coronary heart disease compared with those in the lowest 20%. In addition, 10-year increases in plasma metabolites related to 1-hour glucose were linearly associated with a higher risk of T2D. CONCLUSIONS: Our findings indicate that fasting blood metabolomic signatures predicting elevated 1-hour glucose reflect disease pathophysiology and could be targets for preventing T2D and coronary heart disease.",Circulation research,2026,10.1161/CIRCRESAHA.125.327816,,Journal Article,oral_glucose_tolerance,PubMed,experimental,peripheral,-5,"early_risk=risk score; glycemic=oral glucose tolerance,oral glucose tolerance test; risk_factors=diet,dietary,overweight; prevention=dietary intervention; experimental=rat"
42590022,Association Between HbA1c Levels and Postpartum Depressive Symptoms: Insights from Edinburgh Postnatal Depression Scale Screening After Gestational Diabetes Mellitus.,"Background/Objectives: Depressive symptoms are more frequent following pregnancies complicated by gestational diabetes mellitus (GDM), prompting postpartum depression screening recommendations in the German S3 guideline. Although GDM is associated with increased postpartum depression risk, the relationships between postpartum metabolic parameters and the Edinburgh Postnatal Depression Scale (EPDS) scores remain unclear. We investigated whether metabolic markers measured during diabetes screening 6-12 weeks postpartum are associated with depressive symptoms. Methods: We retrospectively analyzed EPDS screenings conducted during postpartum testing at our inpatient clinic between 07/2021 and 02/2024. The EPDS is a validated 10-item tool (score range 0-30), with scores ≥10 indicating potential depression. Metabolic parameters included HbA1c, the 75 g oral glucose tolerance test (oGTT), insulin, and the Homeostasis Model Assessment index (HOMA index). Group comparisons were performed using non-parametric tests and receiver operating characteristic (ROC) analyses, with the Youden index identifying optimal cutoffs. Results: Among the 102 women presenting for postpartum testing, 43.1% had normal glucose tolerance, 54.9% prediabetes, and 2.0% diabetes. A total of 13.7% (n = 14) screened positive for potential depression, including two who reported suicidal ideations. Women with positive EPDS scores had significantly higher HbA1c [5.7% (38.3 mmol/mol) vs. 5.4% (35.5 mmol/mol), p = 0.013]. An HbA1c cutoff of 5.42% (35.75 mmol/mol) showed discriminatory ability for depressive symptoms with an Area Under the Curve (AUC) of 0.708 (CI 0.567-0.849). Other metabolic parameters showed no significant associations. Conclusions: Elevated postpartum HbA1c is associated with depressive symptoms after GDM pregnancies. An HbA1c threshold of 5.42% (35.75 mmol/mol) may help identify women at increased postpartum depression risk and prompt subsequent psychological assessment when depression screening is otherwise omitted.",Journal of clinical medicine,2026,10.3390/jcm15155919,PMC13466278,Journal Article,oral_glucose_tolerance,PubMed,experimental,peripheral,-5,"population=diabetes screening,prediabetes; special_population=gestational diabetes,gestational diabetes mellitus,postpartum; early_risk=prediabetes,screening; glycemic=hba1c,ogtt,oral glucose tolerance,oral glucose tolerance test; review_type=guideline,recommendations; non_target_outcomes=depression; experimental=rat"
42771547,[Association between anthropometric clinical predictors and HOMA-IR].,"BACKGROUND: The HOMA-IR index is a test that identifies the early risk of developing type 2 diabetes mellitus (T2DM) by measuring insulin resistance (IR); however, these tests are not readily available in primary care settings. Predictors of IR, such as body mass index (BMI) and waist-to-hip ratio (WHR), are useful for the early detection of this risk. OBJECTIVE: To associate anthropometric parameters with HOMA-IR, considering BMI. MATERIAL AND METHODS: A cross-sectional, comparative study was conducted. Serum glucose and insulin concentrations were determined using non-probability convenience sampling and the difference of proportions formula to calculate the HOMA-IR index in 315 adults without diabetes. Anthropometric parameters and visceral fat were considered, and participants were divided into groups according to BMI: normal weight, overweight, and obesity. Differences between groups were determined by Kruskal-Wallis test and the risk of each variable through multiple logistic regression. RESULTS: Of the 315 participants, 57% showed IR; most of them belonged to the overweight and obesity group. Serum insulin concentrations and IR differed significantly among the 3 BMI groups, primarily in the overweight and obesity groups. WHR is a good predictor of risk for IR. CONCLUSIONS: IR can be early detected by using validated indices such as HOMA-IR. At the primary care level, anthropometric parameters such as WHR can be used, as it has proven to be a better predictor of IR, phenomenon that occurs much earlier than hyperglycemia.",Revista medica del Instituto Mexicano del Seguro Social,2026,10.5281/zenodo.21462675,PMC13600744,Journal Article; Comparative Study; English Abstract,early_risk,PubMed,experimental,peripheral,-6,"population=developing type 2 diabetes,primary care,without diabetes; early_risk=developing type 2 diabetes,risk of developing type 2 diabetes; risk_factors=bmi,body mass index,insulin resistance,obesity,overweight; experimental=rat"
42729417,Whole wheat bread improves postprandial glucose tolerance in adults with prediabetes: a controlled-feeding randomized crossover trial with microbiome-associated variation in response.,"BACKGROUND/HYPOTHESIS: Whole grain intake is associated with reduced risk of type 2 diabetes, yet inconsistent findings from randomized trials and substantial interindividual variability suggest that gut microbiota may influence glycemic responses. We hypothesized that whole wheat bread would improve glucose tolerance compared with refined white bread under controlled feeding conditions in adults with prediabetes, and that gut microbial features would be associated with variability in glycemic response. METHODS: In this randomized, controlled crossover trial, adults with prediabetes (n = 39; 34.7 ± 0.9 kg/m2) consumed fully controlled diets differing only in whole wheat (WHEAT) or refined white bread (WHITE) for 2-weeks each, separated by a 2-week washout. Fasting blood and stool samples were collected at baseline and post-intervention, and a 75 g oral glucose tolerance test was performed after each phase. RESULTS: Compared with WHITE, WHEAT reduced postprandial glucose excursion by 27% (p = 0.04), independent of body weight, inflammation, carbonyl stress, and fecal short-chain fatty acids (SCFAs). Fasting glucose and insulin improved over time irrespective of treatment (PTime < 0.05), whereas inflammatory biomarkers, plasma methylglyoxal, and fecal SCFAs did not differ between interventions. Gut microbial α- and β-diversity were unchanged. However, compositional analyses identified directional shifts in selected taxa during WHEAT, including higher relative abundances of Agathobacter, Agathobaculum, and Lachnospiraceae NK4A136 group and lower Streptococcus, Lachnoclostridium, and Mediterraneibacter (nominal p < 0.05). Moderation analysis revealed that baseline abundances of Lachnoclostridium and Lachnospiraceae NK4A136 group predicted postprandial glycemic responses in a diet-dependent manner, identifying distinct microbial profiles associated with greater metabolic benefit from WHEAT relative to WHITE (PInteraction < 0.05). CONCLUSION: Whole wheat bread improves postprandial glucose tolerance in adults with prediabetes while exhibiting microbiome-associated variation in glycemic response. These findings support whole wheat as an effective dietary strategy and highlight baseline gut microbial features as key contributors to inter-individual responses, advancing precision nutrition approaches to whole grain consumption. CLINICAL TRIALS REGISTRATION: ClinicalTrials.gov: NCT05318183.",Frontiers in nutrition,2026,10.3389/fnut.2026.1907908,PMC13562025,Journal Article,prediabetes_progression,PubMed,experimental,peripheral,-6,"population=prediabetes; early_risk=prediabetes; glycemic=fasting glucose,oral glucose tolerance,oral glucose tolerance test; risk_factors=diet,dietary; experimental=rat"
