pmid,title,abstract,journal,year,doi,pmcid,publication_types,topic,source
42801108,Is direct oxidative damage of bone collagen associated with poor human cortical bone tissue fracture resistance?,"The limitations of clinical X-ray-based tools and fracture risk assessment tools, such as FRAX, particularly for disease groups, including type 2 diabetes (T2D) and CKD, suggest that important determinants of bone fracture resistance are not assessed. One such determinant is the bone collagen network, whose nativity and connectivity contribute to cortical bone fracture resistance, but whose degradation mechanisms remain unclear. Oxidative damage to the collagen network, driven by oxidative stress, has been proposed as a contributing factor. Two pathways are recognized: an indirect pathway involving glycoxidation and advanced glycation end-product formation, examined in a precursor study, and a direct pathway, examined herein, involving protein fragmentation and amino acid side chain modifications, such as carbonylation. To investigate the direct pathway, bulk collagen carbonyl content (measured using a fluorescence-based assay and normalized to collagen content) and intact collagen α-chain content (the opposite of α-chain fragmentation and measured via α-chain band intensities using gel electrophoresis) were quantified ex vivo using cortical bone specimens from 80 human donors with and without T2D and/or CKD. Relationships with fracture toughness and other bone quality measures from a precursor study were assessed using Spearman correlations and multiple linear regression. Bulk collagen carbonyl content was not directly associated with collagen network connectivity or cortical bone fracture toughness. In contrast, intact collagen α-chain content emerged as an independent explanatory variable for stable crack-growth fracture toughness measures (adj-R 2 = 46.3%, p = .028) and was negatively associated with bulk collagen carbonyl content (r = -0.37, p < .001). These findings suggest that collagen α-chain integrity may provide insight into variation in cortical bone fracture resistance, whereas bulk collagen carbonyl content did not support the hypothesized direct oxidative damage pathway in this donor cohort.",JBMR plus,2026,10.1093/jbmrpl/ziag152,PMC13615536,Journal Article,early_risk,PubMed
42800499,Suitability of the ICH S1B(R1) Weight-of-Evidence Framework to Evaluate Glucagon-Like Protein-1 Receptor Agonist (GLP-1RA) Carcinogenicity Risk.,"Glucagon-like peptide 1 receptor agonists (GLP-1RAs) are an established treatment for management of type 2 diabetes mellitus (T2DM) and obesity. While these agents provide clinical benefits, chronic rodent bioassays have shown a consistent increase in thyroid C-cell tumors, raising regulatory concerns for human carcinogenicity risk and resulting in a boxed warning for medullary thyroid carcinoma (MTC). However, the human relevance of the rodent tumors is unclear due to species differences in GLP-1 receptor (GLP-1R) biology. Carcinogenicity testing of pharmaceuticals is described in ICH S1 guidelines. ICH S1B(R1) outlines experimental approaches to carcinogenicity evaluation including a weight-of-evidence (WoE) framework to determine whether long-term rat carcinogenicity studies add value to human cancer risk assessments. This manuscript applies that framework across seven approved GLP-1RAs: lixisenatide, exenatide, liraglutide, dulaglutide, semaglutide, tirzepatide, and albiglutide, to evaluate the relevance of rodent thyroid tumors and the utility of 2-year bioassays for this drug class. Across all six WoE domains, the evidence supports concluding that GLP1-RAs are tumorigenic in rats via a known human-irrelevant mechanism. Thus, within the S1B(R1) WoE framework, future carcinogenicity testing in rats is unlikely to provide additional value for regulatory decision-making for this class of pharmaceuticals.",Regulatory toxicology and pharmacology : RTP,2026,10.1016/j.yrtph.2026.106252,,Journal Article,early_risk,PubMed
42798836,Circulating PCSK9: A new frontier in cancer risk stratification for obese diabetics.,"This study investigated potential plasma biomarkers associated with cancer risk and mortality in patients with type 2 diabetes mellitus (T2DM), a population known to have an increased cancer incidence and poorer outcomes compared with non-diabetic individuals. Traditional metabolic indicators, including blood pressure, blood glucose and blood lipids, have limited predictive value for cancer risk, highlighting the need for novel clinical biomarkers. In total, 141 subjects with T2DM were enrolled in this study. Plasma inflammatory and lipid-related biomarkers included cluster of differentiation 147 (CD147), cyclophilin A (CyPA), cytokines, oxidized low-density lipoprotein (oxi-LDL), oxi-LDL antibody and proprotein convertase subtilisin/kexin type 9 (PCSK9). Among all participants, 37.6% were obese (body mass index ≥27 kg/m2). During 10 years of follow-up, all-cause mortality reached 35% and cancer incidence was 16%. Obese diabetic patients exhibit elevated oxi-LDL, soluble intercellular adhesion molecule-1, PCSK9, CD147 and CyPA levels. Deceased patients had a higher incidence of cancer and significantly lower plasma CD147 levels than surviving patients. Receiver operating characteristic curve analysis identified PCSK9 as a potential predictor of cancer occurrence in obese individuals with T2DM [area under the curve (AUC)=0.726], whereas CD147 showed modest predictive value in non-obese patients with diabetes (AUC=0.665). These findings suggest that plasma PCSK9 and CD147 may be associated with cancer occurrence in specific subgroups of patients with T2DM. However, larger prospective studies are required to confirm these associations and to further evaluate their potential value in cancer risk assessment.",Oncology letters,2026,10.3892/ol.2026.15856,PMC13613195,Journal Article,early_risk,PubMed
42796297,"Type 2 Diabetes, Visceral Adiposity, and Carotid Intima-Media Thickness in Hospitalized Adults: A Retrospective Cross-Sectional Analysis.","Background and Objectives: Type 2 diabetes mellitus (T2DM), visceral adiposity, and hypertension frequently coexist, but their independent associations with carotid intima-media thickness (cIMT) remain uncertain. We compared cardiometabolic profiles by diabetes status and evaluated adjusted associations with cIMT. Materials and Methods: This retrospective cross-sectional study included 147 adults admitted to Clinical CF Hospital Timișoara between 1 July 2025 and 30 June 2026. Bilateral cIMT was available in 141 patients. Group comparisons, Spearman correlation, and heteroscedasticity-robust multivariable linear regression were performed. Results: T2DM was present in 39 patients (26.5%), hypertension in 125 (85.0%), and obesity in 120 (81.6%). Compared with participants without diabetes, those with T2DM had higher homeostasis model assessment of insulin resistance (HOMA-IR; 4.11 vs. 3.08; p = 0.005) and fasting glucose (6.60 vs. 5.06 mmol/L; p < 0.001), but lower total cholesterol (205.2 vs. 225.9 mg/dL; p = 0.009) and non-high-density lipoprotein cholesterol (156.5 vs. 176.6 mg/dL; p = 0.006). These lower lipid values may reflect treatment or other residual confounding and should not be interpreted as an intrinsic T2DM phenotype. Mean cIMT was numerically higher in T2DM (0.619 vs. 0.592 mm; p = 0.284). Visceral fat area correlated with cIMT before adjustment (ρ = 0.237; p = 0.005), but not after adjustment. Age (β = 0.057 mm/decade; p < 0.001) and hypertension (β = 0.046 mm; p = 0.042) retained adjusted associations with cIMT. Conclusions: T2DM identified metabolic dysregulation, whereas age and hypertension showed the strongest adjusted associations with cIMT. Visceral adiposity showed an unadjusted but not independent association, supporting comprehensive cardiovascular risk assessment and rigorous blood pressure management.","Medicina (Kaunas, Lithuania)",2026,10.3390/medicina62091690,PMC13609201,Journal Article,early_risk,PubMed
42794492,Immunometabolism in Obesity-Associated Type 2 Diabetes: Molecular Mechanisms and Emerging Therapeutic Targets.,"Type 2 diabetes (T2D) is increasingly understood as a chronic, low-grade inflammatory disease in which immune and metabolic signalling are bidirectionally coupled. Nutrient excess drives glucolipotoxic stress in adipose tissue, liver, skeletal muscle and pancreatic islets, engaging innate immune sensors. Responding immune cells then reconfigure their own intermediary metabolism, and the resulting metabolites-succinate, which stabilises hypoxia-inducible factor-1α, and the itaconate that opposes it-themselves specify inflammatory output. These signals converge on NOD-, LRR- and pyrin domain-containing protein 3 (NLRP3) inflammasome assembly, gasdermin D-mediated pyroptosis and interleukin-1β (IL-1β) release, which interrupt insulin signalling through inhibitory serine phosphorylation of insulin receptor substrate-1. Mitochondrial dysfunction, impaired mitophagy and cytosolic mitochondrial DNA sensing sustain the loop, while gut barrier failure supplies a parallel systemic input that converges on beta-cell dysfunction. This narrative review synthesises these mechanisms and examines how metformin, glucagon-like peptide-1 receptor agonists, sodium-glucose cotransporter 2 inhibitors and inflammasome-directed agents intersect with them. The chain described is that of obesity-associated T2D, and the heterogeneity that limits its generalisation across the recognised subgroups of the disease is addressed explicitly rather than assumed away. We give particular weight to a dissociation that constrains the field: sustained IL-1β neutralisation reduced cardiovascular events without preventing incident diabetes. Establishing why is, in our view, the central question for immunometabolic therapeutics in T2D.",International journal of molecular sciences,2026,10.3390/ijms27188063,PMC13606635,Journal Article; Review,early_risk,PubMed
42786038,"Multi-level clinical inertia in chronic kidney disease management in primary care: A retrospective cross-sectional analysis of coding, reclassification and risk stratification.","AIMS/HYPOTHESIS: Accurate coding, longitudinal stage review and complete risk stratification underpin chronic kidney disease (CKD) care in primary care, especially in people with diabetes, where CKD modifies cardiovascular risk, prescribing safety and referral thresholds. We hypothesised that, beyond well-described inertia in pharmacological treatment intensification, primary care records would also exhibit inertia in diagnostic coding, longitudinal reclassification and albuminuria-based risk stratification, clustering with higher kidney and cardiovascular risk. METHODS: We performed a retrospective cross-sectional analysis of adult primary care records with coded CKD. The latest estimated glomerular filtration rate (eGFR) was compared with the coded stage. Where eGFR suggested reclassification but coding was unchanged, manual case review determined whether changes were sustained for ≥ 3 months. Risk was derived from the latest urine albumin-to-creatinine ratio (uACR) using KDIGO categories. Modifiable risk factors were predefined as blood pressure above CKD-specific thresholds and/or HbA1c ≥ 58 mmol/mol. A separate electronic search identified adults with uncoded CKD. RESULTS: Of 583 individuals with coded CKD, 581 were analysed. Among those with unchanged coding despite eGFR suggesting de-escalation, 47/87 (54.0%) had sustained improvement; of 47 with unchanged coding despite a latest eGFR suggesting escalation, 26 (55.3%) had sustained decline. uACR was missing in 175 cases (30.1%), including 12 with stage G4/G5 disease. Women were more likely than men to lack uACR data (37.7% vs 22.1%; OR 2.13, 95% CI 1.48, 3.08; χ² = 16.78, p < 0.001). KDIGO high or very high risk was present in 179 (30.8%) and a combined high-risk profile in 118 (20.3%). Combined high-risk status clustered in the missed-escalation group (16/47, 34.0%) compared with the rest of the cohort (83/447, 18.6%; RR 1.83, 95% CI 1.18, 2.85; OR 2.26, 95% CI 1.18, 4.33; p = 0.020). Diabetes (n = 198, 34.1%) was not associated with coding accuracy, but was associated with higher risk CKD (30.3% vs 15.1%; χ² = 18.53, p < 0.001; RR 2.00; Cramér's V = 0.18) and more complete uACR testing (82.8% vs 63.2%; χ² = 23.93, p < 0.001). Separate case finding identified 38 additional adults with biochemical evidence of uncoded CKD. CONCLUSIONS/INTERPRETATION: Primary care CKD records exhibited multi-level clinical inertia across coding, stage review and albuminuria-based risk assessment. Missed reclassification, absent uACR data and uncoded disease clustered with higher-risk profiles and disparities disadvantaging women. Structured EHR-led CKD review processes that integrate longitudinal kidney function, mandatory uACR ordering, active code review and risk-based action may improve timeliness, equity of CKD care.",Primary care diabetes,2026,10.1016/j.pcd.2026.09.004,,Journal Article,early_risk,PubMed
42785601,Platelet-to-high-density lipoprotein cholesterol ratio and risk of major adverse cardiovascular events in patients with type 2 diabetes: A real-world retrospective cohort study.,"BACKGROUND: Despite advances in evidence-based treatment, patients with type 2 diabetes mellitus (T2DM) remain at substantial cardiovascular risk. The platelet-to-high-density lipoprotein cholesterol ratio (PHR) integrates platelet-related thrombotic activity and HDL-related vascular protection, but its association with major adverse cardiovascular events (MACE) in real-world T2DM populations remains uncertain. We investigated the association of baseline PHR with MACE and its incremental prognostic value. METHODS: This single-center retrospective cohort included 11,624 patients with T2DM. PHR was calculated as platelet count (×109/L) divided by high-density lipoprotein cholesterol (mmol/L). Kaplan-Meier curves, multivariable Cox proportional hazards models, and restricted cubic splines were used to evaluate the association between baseline PHR and MACE (cardiovascular death, non-fatal myocardial infarction, or non-fatal stroke). Subgroup and sensitivity analyses assessed robustness, longitudinal reproducibility was evaluated among participants with repeated measurements, and incremental prognostic value was assessed using discrimination, reclassification, and calibration measures. RESULTS: During a median follow-up of 28.8 months (IQR, 5.0-67.5 months), 2190 patients (18.84%) experienced MACE. Each 1-SD higher baseline PHR was independently associated with a 20% higher MACE risk (HR, 1.20; 95% CI, 1.15-1.25; P < 0.001). Restricted cubic spline analysis indicated an approximately linear association, and no significant interactions were observed across the examined subgroups. Among participants with repeated measurements, PHR showed moderate longitudinal reproducibility (ICC, 0.68; 95% CI, 0.66-0.70). Adding PHR increased the C-index from 0.625 to 0.632 (ΔC-index, 0.007), indicating a modest improvement in predictive performance. CONCLUSIONS: Higher baseline PHR was independently associated with an increased risk of MACE in patients with T2DM. As an inexpensive and routinely available biomarker, PHR may provide modest supplementary information for comprehensive cardiovascular risk assessment.",Experimental gerontology,2026,10.1016/j.exger.2026.113333,,Journal Article,early_risk,PubMed
42780389,Associations between carotid macrovascular and retinal microvascular alterations in diabetes: Evidence synthesis and implications for risk assessment.,"Diabetes mellitus is characterized by progressive vascular injury affecting both the microcirculation and large arteries. Diabetic retinopathy is a major microvascular complication and has been associated in observational studies with several carotid vascular phenotypes, including increased carotid intima-media thickness, focal plaque burden, arterial stiffness, plaque vulnerability markers, and, in selected cohorts, carotid stenosis. However, these carotid endpoints differ in measurement protocol, biological meaning, and prognostic implications, and most available evidence is cross-sectional. Retinal imaging modalities, including optical coherence tomography and optical coherence tomography angiography, provide quantitative measures such as vessel density, foveal avascular-zone size, retinal nerve fiber layer thickness, and choroidal thickness that may parallel systemic vascular injury, but validated thresholds for carotid disease detection have not been established. Shared mechanisms, including chronic hyperglycemia, endothelial dysfunction, inflammation, oxidative stress, dyslipidemia, and hypoxia-driven angiogenic signaling, may contribute to both retinal and carotid abnormalities; insulin resistance is particularly relevant to type 2 diabetes and metabolic syndrome, whereas diabetes duration and glycemic exposure are central across diabetes types. This narrative review therefore summarizes the associations between retinal microvascular changes and specific carotid vascular changes, while emphasizing that many findings may be influenced by shared risk factors and that most studies show association rather than causation or proven clinical utility. Current evidence supports multidisciplinary awareness and comprehensive cardiovascular risk-factor management in people with diabetes, but it does not yet justify retinal findings or OCTA metrics as validated triggers for screening asymptomatic patients with carotid ultrasonography. Prospective studies are needed to show whether combined retinal and carotid assessment improves diagnosis, risk prediction, cost-effectiveness, and patient outcomes before it can be recommended as a routine screening strategy.",Atherosclerosis plus,2026,10.1016/j.athplu.2026.100608,PMC13597187,Journal Article; Review,early_risk,PubMed
42778296,Blood Pressure Phenotypes in Patients Recently Diagnosed With Type 2 Diabetes Mellitus and Matched Controls: A Study in Urban Mozambique.,"Accurate characterization of blood pressure (BP) phenotypes is essential for cardiovascular risk assessment, particularly among type 2 diabetes mellitus (T2DM) patients. We aimed to evaluate the prevalence of different BP phenotypes using multiple BP assessment methods, in Black Africans, with and without T2DM. Recently diagnosed T2DM patients (n = 151) and age- and sex- matched controls (1:1) without T2DM had their BP assessed using standard office BP measurement (OBPM), unattended automated office BP measurement (u-AOBP), 24 h ambulatory BP monitoring (ABPM), and home BP monitoring (HBPM). Four BP phenotypes were defined, combining OBPM with each of the remaining methods: normotension, white-coat, masked, and sustained hypertension. Using OBPM + ABPM, T2DM patients were less often classified as normotensive (32.5% vs. 48.3%) and more often as having masked hypertension (23.2% vs. 9.9%) than controls (p = 0.004). Both OBPM + HBPM and OBPM + u-AOBP underestimated masked hypertension and overestimated with-coat hypertension. When compared with OBPM + ABPM, concordance in the classification of participants into four phenotypes (κ, 95%CI) was higher for OBPM + HBPM (T2DM: 0.62, 0.52 - 0.71; controls: 0.70, 0.60-0.80) than for OBPM + u-AOBP (T2DM: 0.51, 0.40-0.61; controls: 0.61, 0.50-0.72) and lower among participants with T2DM. Recently diagnosed T2DM patients showed a higher prevalence of masked hypertension than participants without T2DM. When combined with OBPM, HBPM and u-AOBP failed to identify a large proportion of patients with masked hypertension and overestimated white-coat hypertensions, highlighting the need to incorporate ABPM into evaluation protocols.","Journal of clinical hypertension (Greenwich, Conn.)",2026,10.1111/jch.70356,PMC13600802,Journal Article,early_risk,PubMed
42774975,"Beyond Glycated Hemoglobin (HbA1c): A Systematic Review of Metabolic Interventions, Insulin Resistance, and Cognitive Function Across the Obesity-to-Diabetes Continuum.","Insulin resistance may contribute to cognitive vulnerability before persistent hyperglycemia becomes apparent; however, its clinical relevance as a predictor of cognitive change or therapeutic target remains uncertain. This systematic review with narrative synthesis evaluated the effects of metabolically targeted interventions on insulin resistance and cognitive function in middle-aged and older adults across the obesity-to-type 2 diabetes continuum. MEDLINE via PubMed, Embase, Scopus, and the Cochrane Central Register of Controlled Trials (CENTRAL) were searched for studies published from January 1, 2021, to December 31, 2025. The review followed the Preferred Reporting Items for Systematic Reviews and Meta-Analyses (PRISMA) 2020 guidelines. Eligible designs included randomized controlled trials, prospective randomized parallel-group studies, and longitudinal analyses nested within randomized trials that reported metabolic outcomes alongside cognitive or neuroimaging outcomes. Of the 552 records identified, five studies met the eligibility criteria, comprising four intervention studies and one longitudinal analysis nested within a randomized trial. The interventions comprised lifestyle modification, combined physical and cognitive exercise, dapagliflozin, nutritional supplementation, and moxibustion, with follow-up periods ranging from 12 weeks to two years. Three intervention studies reported concurrent improvements in insulin resistance and cognitive outcomes, whereas one found no significant improvement in insulin resistance and limited neuropsychological benefit. In the single included longitudinal analysis, oral glucose tolerance test (OGTT)-derived measures and the triglyceride-glucose (TyG) index showed more consistent associations with less favorable cognitive or neuroimaging changes than glycated hemoglobin (HbA1c), which demonstrated mixed associations. Three intervention studies raised some concerns regarding risk of bias, one was judged to be at high risk, and the prognostic analysis was assessed as having moderate risk. Overall, measures of insulin resistance may provide information complementary to HbA1c and may have potential as early risk or treatment-response markers for cognitive health. Nevertheless, the small and heterogeneous evidence base, relatively short follow-up periods, and absence of formal mediation analyses preclude causal conclusions. Larger, longer-term, and methodologically rigorous trials are needed to determine whether improving insulin sensitivity can meaningfully alter cognitive trajectories.",Cureus,2026,10.7759/cureus.115012,PMC13596753,Journal Article; Review,early_risk,PubMed
42772320,Prevalence of liver fibrosis and steatotic liver disease in community-dwelling adults in China (the CHESS-LiverHealth project): cross-sectional baseline data from a prospective cohort study.,"BACKGROUND: Chronic liver disease is rapidly increasing worldwide, largely driven by the growing epidemics of overweight and obesity, diabetes, and harmful alcohol consumption. China has the world's largest population with these conditions, but has scarce prospective, community-based data to estimate the true burden of chronic liver disease. We aimed to estimate the prevalence of liver fibrosis and steatotic liver disease and identify their associated factors in community-dwelling adults in China. METHODS: The CHESS-LiverHealth project was an investigator-initiated, prospective, community-based cohort study conducted at 18 sites corresponding to county-level units in 13 provincial-level administrative regions in China. Community-dwelling adults aged 18 years or older were enrolled and underwent vibration-controlled transient elastography (VCTE). We report cross-sectional baseline data from this study. The primary outcome was the prevalence of liver fibrosis, as estimated by a liver stiffness measurement (LSM) of 8 kPa or more. Secondary outcomes included the prevalence of liver fibrosis at higher LSM thresholds (≥10 kPa and ≥12 kPa), steatotic liver disease (controlled attenuation parameter ≥248 dB/m) and its severity categories, and steatotic liver disease subtypes-metabolic dysfunction-associated steatotic liver disease (MASLD), metabolic and alcohol-associated liver disease (MetALD), and alcohol-associated liver disease (ALD)-together with factors associated with these outcomes. FINDINGS: Between Sept 23, 2024, and Jan 23, 2026, 38 859 individuals entered the recruitment pathways, of whom 29 023 were enrolled. After exclusion of individuals with previous cirrhosis, liver cancer or other malignancies, those with missing or unreliable VCTE measurements, and those with incomplete baseline information, 25 736 individuals were included in this analysis. These individuals had a median age of 51·0 years (IQR 38·0-60·0); 11 548 (44·9%) were male and 14 188 (55·1%) were female. The prevalence of LSM of 8 kPa or more was 4·4% (95% CI 4·2-4·7; n=1136), LSM 10 kPa or more was 1·6% (1·5-1·8; n=421), and LSM 12 kPa or more was 0·8% (0·7-0·9; n=205). Steatotic liver disease was present in 43·7% (43·1-44·3; n=11 242) of participants, with MASLD in 39·5% (38·9-40·1; n=10 162), MetALD in 2·0% (1·8-2·2; n=516), and ALD in 1·6% (1·5-1·8; n=411) of participants. The highest prevalences of LSM of 8 kPa or more were observed in individuals with obesity (10·7% [9·8-11·6]; n=487 of 4560) and type 2 diabetes (10·7% [9·7-11·8]; n=365 of 3400). In multivariable analyses, male sex, older age, heavy alcohol consumption, an Alcohol Use Disorders Identification Test score of 16 or more, overweight or obesity, central obesity, prediabetes or type 2 diabetes, hypertension, dyslipidaemia, and an increasing number of cardiometabolic risk factors were independently associated with both LSM of 8 kPa or more and steatotic liver disease. Chronic viral hepatitis was also independently associated with LSM of 8 kPa or more. INTERPRETATION: Liver fibrosis and steatotic liver disease are prevalent in community-dwelling Chinese adults, driven by metabolic factors and alcohol consumption. These findings identify chronic liver disease as a major public health challenge in China. Community-based, non-invasive screening integrated with metabolic and alcohol risk assessment might offer a crucial opportunity for early detection and targeted interventions to curb the progression to cirrhosis and hepatocellular carcinoma. FUNDING: Zhongda Hospital, School of Medicine, Southeast University.",The lancet. Gastroenterology & hepatology,2026,10.1016/S2468-1253(26)00224-4,,Journal Article,early_risk,PubMed
42771547,[Association between anthropometric clinical predictors and HOMA-IR].,"BACKGROUND: The HOMA-IR index is a test that identifies the early risk of developing type 2 diabetes mellitus (T2DM) by measuring insulin resistance (IR); however, these tests are not readily available in primary care settings. Predictors of IR, such as body mass index (BMI) and waist-to-hip ratio (WHR), are useful for the early detection of this risk. OBJECTIVE: To associate anthropometric parameters with HOMA-IR, considering BMI. MATERIAL AND METHODS: A cross-sectional, comparative study was conducted. Serum glucose and insulin concentrations were determined using non-probability convenience sampling and the difference of proportions formula to calculate the HOMA-IR index in 315 adults without diabetes. Anthropometric parameters and visceral fat were considered, and participants were divided into groups according to BMI: normal weight, overweight, and obesity. Differences between groups were determined by Kruskal-Wallis test and the risk of each variable through multiple logistic regression. RESULTS: Of the 315 participants, 57% showed IR; most of them belonged to the overweight and obesity group. Serum insulin concentrations and IR differed significantly among the 3 BMI groups, primarily in the overweight and obesity groups. WHR is a good predictor of risk for IR. CONCLUSIONS: IR can be early detected by using validated indices such as HOMA-IR. At the primary care level, anthropometric parameters such as WHR can be used, as it has proven to be a better predictor of IR, phenomenon that occurs much earlier than hyperglycemia.",Revista medica del Instituto Mexicano del Seguro Social,2026,10.5281/zenodo.21462675,PMC13600744,Journal Article; Comparative Study; English Abstract,early_risk,PubMed
42769387,Prediction of acute metabolic complications in hospitalized elderly patients with type 2 diabetes using admission HbA1c and hypertension: a retrospective cohort study.,"OBJECTIVE: To identify admission-based predictive indicators for in-hospital acute metabolic complications in elderly patients with type 2 diabetes mellitus (T2DM), and to develop and internally validate a simple predictive model for early risk stratification. METHODS: A total of 203 elderly inpatients with T2DM were included in this retrospective cohort study. According to the occurrence of acute metabolic complications during hospitalization, patients were divided into a complication group (n = 40) and a non-complication group (n = 163). All candidate predictive indicators were collected from admission medical records and laboratory test results obtained within 24 to 48 hours after admission. Univariate and multivariate logistic regression analyses were performed to screen for independent predictive factors. The model's discriminatory power was evaluated using the area under the receiver operating characteristic curve (AUC), and 1000 bootstrap resamplings were adopted for internal validation. RESULTS: The complication group had significantly higher admission HbA1c levels than the non-complication group (P<0.001), as well as a higher prevalence of hypertension (P = 0.002). Multivariate regression analysis verified that HbA1c (OR = 1.761, 95% CI: 1.44-2.15, P<0.001) and hypertension (OR = 3.904, 95% CI: 1.60-9.53, P = 0.003) were independent risk factors for in-hospital acute metabolic complications. The predictive model based on these two indicators exhibited good discriminatory performance, with an original AUC of 0.836. After bootstrap internal validation, the optimism-corrected AUC was 0.726, indicating acceptable stability of the model. CONCLUSION: Elevated admission HbA1c and comorbid hypertension are independent predictive factors for in-hospital acute metabolic complications in elderly T2DM patients. This novel simple model has favorable predictive efficacy and stability, and it can serve as a feasible clinical tool for early risk stratification in elderly T2DM inpatients.",American journal of translational research,2026,10.62347/QQCR9025,PMC13590721,Journal Article,early_risk,PubMed
42767595,Personalized obesity hypoventilation syndrome risk assessment among bariatric surgery candidates through explainable machine learning: A multicenter cross-sectional study.,"BACKGROUND: Obesity hypoventilation syndrome (OHS) is frequently underdiagnosed, which substantially increases risk of perioperative complications. Limited provider awareness and the need for cumbersome diagnostic testing may hinder timely diagnosis. Machine learning (ML) may facilitate individualized OHS risk assessment by integrating multiple clinical and laboratory variables. RESEARCH QUESTION: Can an explainable ML model using readily available clinical and laboratory variables accurately identify bariatric surgery candidates at risk for OHS. STUDY DESIGN AND METHODS: This retrospective cross-sectional cohort study included 673 bariatric surgery candidates from the Chinese Obesity and Metabolic Surgery Database, randomly divided into training (70%, n = 471) and internal testing (30%, n = 202) cohorts. An independent cohort of 175 patients from another tertiary hospital was collected for external validation. Feature selection was performed using LASSO regression and Boruta, with bootstrap resampling used to assess selection stability. Ten ML models were constructed and evaluated using discrimination, calibration, and clinical utility measures. SHAP analysis was performed to enhance model interpretability, and a publicly accessible web-based calculator was deployed clinical application. RESULTS: The final logistic regression model included 7 predictors: serum bicarbonate, type 2 diabetes, mean corpuscular hemoglobin concentration, tiredness, body mass index, observed apnea, and neck circumference. The model demonstrated good discrimination in the training, internal testing, and external validation cohorts, with AUCs of 0.884 (95%CI:0.844-0.917), 0.863 (95%:0.784-0.935) and 0.870 (95%:0.806-0.926). SHAP analysis identified serum bicarbonate as the most important predictor. The model showed favorable calibration and clinical utility as well as was implemented as an online calculator. INTERPRETATION: Our explainable ML model integrating 7 readily available clinical variables demonstrated good predictive performance for OHS in bariatric surgery candidates. This model may facilitate earlier risk stratification and targeted diagnostic evaluation.",Chest,2026,10.1016/j.chest.2026.09.013,,Journal Article,early_risk,PubMed
42767594,Chronic Obstructive Pulmonary Disease versus Type 2 Diabetes Mellitus: A Comparative and Additive Risk Assessment of Bone Health in a Nationwide Propensity Score-Matched Cohort.,"BACKGROUND: Chronic obstructive pulmonary disease (COPD) and type 2 diabetes mellitus (T2DM) are both associated with bone fragility through distinct mechanisms. COPD is characterized by accelerated bone resorption, whereas T2DM is associated with impaired bone quality despite preserved bone mineral density. RESEARCH QUESTION: Does COPD confer greater skeletal hazards than T2DM, and does concomitant COPD and T2DM further increase the risks of osteoporosis and fractures? STUDY DESIGN AND METHODS: We conducted a nationwide retrospective cohort study using Taiwan's National Health Insurance Research Database. Propensity score matching was applied to construct three comparison cohorts of patients with T2DM, COPD, and concomitant COPD and T2DM. Adjusted hazard ratios (aHRs) for incident osteoporosis, major osteoporotic fractures (MOF), and site-specific fractures were estimated using multivariable Cox proportional hazards models after adjustment for demographic characteristics, comorbidities, and medication use. RESULTS: Compared with T2DM, COPD was associated with a significantly higher hazard of osteoporosis (aHR, 1.51; 95% CI, 1.35-1.69). Patients with concomitant COPD and T2DM also had higher hazards of osteoporosis (aHR, 1.39; 95% CI, 1.23-1.57), MOF (aHR, 1.19; 95% CI, 1.08-1.32), spine fractures (aHR, 1.35; 95% CI, 1.16-1.58), and radioulnar fractures (aHR, 1.21; 95% CI, 1.02-1.43) than patients with T2DM alone. In contrast, osteoporosis and fracture risks were comparable between patients with concomitant COPD and T2DM and those with COPD alone. Subgroup analyses identified significant effect modification by sex, with the association between COPD and osteoporosis being stronger in men than in women. INTERPRETATION: COPD is significantly more toxic to the skeleton than T2DM, and their coexistence amplifies fracture susceptibility compared to T2DM alone. Importantly, male patients with COPD represent a distinctly vulnerable population, exhibiting a pronounced susceptibility to disease-induced bone loss. Clinicians must prioritize early and targeted osteoporosis screening for COPD patients, especially men.",Chest,2026,10.1016/j.chest.2026.09.018,,Journal Article,early_risk,PubMed
42766657,Association of a multiple risk factor assessment and intervention program with risk of diabetes: A population-based matched cohort study.,"BACKGROUND: Type 2 diabetes incidence remains high among older adults and contributes substantially to morbidity and healthcare burden. Most evidence supporting diabetes prevention derives from intensive lifestyle interventions targeting high-risk individuals under controlled trial conditions. The effectiveness of low-intensity, population-based prevention programs embedded in routine care remains uncertain. We evaluated whether participation in a comprehensive health assessment and counseling program was associated with reduced incidence of diabetes in older adults. METHODS AND FINDINGS: We conducted a population-based matched cohort study including 70-year-old residents of Umeå municipality, Sweden, enrolled between 2012 and 2022 and followed through December 2022. The intervention consisted of a comprehensive health assessment followed by individualized motivational counseling, without structured long-term follow-up. Participants were matched 1:10 to controls from the general Swedish population by birth year, sex, and educational level. Individuals with prevalent diabetes were excluded. The primary outcome was incident diabetes, defined as a first recorded diagnosis in specialist care and/or first dispensed glucose-lowering medication, identified through nationwide health and prescription registers. In total, 6,018 participants and 57,543 matched controls were included. During a mean follow-up of 4.9 years (standard deviation 2.9) in the intervention cohort and 4.8 years (standard deviation 2.9) in the control cohort, diabetes occurred in 335 (5.6%) participants and 3,919 (6.8%) controls. Participation was associated with a lower risk of incident diabetes (adjusted hazard ratio 0.76; 95% confidence interval [0.68,0.85]; p < 0.001). The association remained stable over time. The absolute risk reduction was 1.46 percentage points (95% confidence interval [0.91,1.98]; p < 0.001) at 5 years and 3.42 percentage points (95% confidence interval [2.13,4.75]; p < 0.001) at 10 years. Results were broadly consistent across the examined subgroups. The observational study design limits certainty regarding the intervention's role in the observed association, and voluntary participation in the program may have introduced selection bias, healthy-volunteer effect, and residual confounding. CONCLUSIONS: In this population-based cohort study, participation in a low-intensity preventive health program delivered in routine care was associated with a lower incidence of diabetes among older adults. However, the observational study design limits evidence on the intervention's role in the observed association, and more robust evidence is needed. Nevertheless, these findings suggest that scalable, population-wide prevention strategies may complement intensive high-risk approaches in addressing diabetes in aging populations.",PLoS medicine,2026,10.1371/journal.pmed.1005043,,Journal Article,early_risk,PubMed
42763678,Clinical and Genetic Factors Associated with Multivessel Coronary Artery Disease: A Cross-Sectional Study of CYP2C19 Polymorphisms and Metabolic Comorbidities.,"BACKGROUND: Multi-vessel coronary artery disease (MVCD), defined as stenosis affecting ≥2 major coronary arteries, confers poor clinical outcomes in patients with coronary artery disease (CAD). Cytochrome P450 2C19 (CYP2C19) CYP2C19 participates in lipid metabolism and inflammatory regulation, which may be associated with individual variations in the severity of coronary artery lesions. This study aimed to explore the clinical and genetic factors associated with MVCD focusing on CYP2C19 polymorphisms and chronic metabolic diseases. METHODS: This single‑center cross‑sectional study enrolled 4124 patients with angiographically confirmed CAD, who were divided into single‑vessel CAD (n=846) and MVCD (n=3278) groups. Baseline clinical data and CYP2C19 genotypes were collected. The chi-square test, Hardy-Weinberg equilibrium test, and logistic regression analyses were performed for statistical evaluation. RESULTS: Higher prevalences of hypertension, type 2 diabetes mellitus, and dyslipidemia were observed in MVCD patients. CYP2C19*2 (rs4244285, 681G>A) and *3 (rs4986893, 636G>A) allele frequencies were markedly elevated in the MVCD group. Logistic regression analysis confirmed that hypertension (odds ratio (OR)=1.485, 95% confidence interval (CI): 1.267‑1.740, p<0.001), T2DM (OR=2.441, 95% CI: 2.006‑2.970, p<0.001), dyslipidemia (OR=1.313, 95% CI: 1.097‑1.572, p=0.003), and CYP2C19 poor metabolizer (*2/*2, *2/*3 and *3/*3 genotypes) status (OR=1.744, 95% CI: 1.360‑2.237, p<0.001) was independently associated with MVCD. The combined impaired CYP2C19 metabolic phenotype (intermediate (*1/*2 and *1/*3 genotypes) plus poor metabolizers) was also independently correlated with MVCD (adjusted OR=1.285, 95% CI: 1.095-1.508, p=0.002). CONCLUSION: Clinical metabolic comorbidities and the combined impaired CYP2C19 metabolic phenotype are associated with MVCD. These findings may provide valuable reference for risk assessment of severe CAD.",International journal of general medicine,2026,10.2147/IJGM.S626454,PMC13589311,Journal Article,early_risk,PubMed
42763204,[Progress in research of association between bone mineral density and fracture in patients with type 2 diabetes mellitus].,"Although type 2 diabetes mellitus (T2DM) patients have normal or even elevated bone mineral density, they still face increased risk for fracture, a phenomenon known as the ""Diabetes-bone mineral density paradox"". This paper summarizes current domestic and international evidences regarding changes in bone mineral density, fracture risk, and the potential underlying mechanisms in patients with T2DM. Existing studies indicate that bone mineral density changes in T2DM patients are heterogeneous. In contrast, evidence for an increased fracture risk is relatively consistent, especially for hip fractures. Potential mechanisms might involve enhanced bone formation associated with hyperinsulinemia, as well as the combined effects of advanced glycation end products accumulation, low bone turnover, microarchitectural deterioration, and impaired bone quality. The ""diabetes-bone mineral density paradox"" suggests that the assessment of diabetes-related bone fragility should not rely solely on bone mineral density, but also consider bone quality and bone microstructure parameters. Multidimensional prospective studies are needed in the future to further improve fracture risk assessment for patients with T2DM.",Zhonghua liu xing bing xue za zhi = Zhonghua liuxingbingxue zazhi,2026,10.3760/cma.j.cn112338-20260127-00073,,Journal Article; Review; English Abstract,early_risk,PubMed
42760994,The association between the triglyceride-glucose index and diabetic peripheral neuropathy: a systematic review and meta-analysis.,"BACKGROUND: Diabetic peripheral neuropathy (DPN) is a prevalent and severe microvascular complication of type 2 diabetes mellitus (T2DM). Early risk screening and warning are critical for slowing disease progression. The triglyceride-glucose (TyG) index, a simple and efficient surrogate marker for assessing insulin resistance (IR), has been proven to be closely associated with various diabetic complications. However, existing studies on the association between the TyG index and the risk of DPN have yielded inconsistent findings, and relevant evidence still lacks systematic synthesis. METHODS: A systematic review and meta-analysis were conducted. We systematically searched databases including PubMed, Embase, Web of Science, CNKI, Wanfang, and CQVIP to enroll observational studies exploring the association between the TyG index and the risk of DPN in patients with T2DM. Two investigators independently performed literature screening, data extraction, and quality assessment. The random-effects and fixed-effects models were applied to pool effect sizes, and subgroup analyses were carried out to explore potential sources of heterogeneity. RESULTS: A total of 14 studies involving 32,281 participants were included. The results showed that a higher TyG index was associated with an increased risk of DPN, with a pooled odds ratio (OR) of 2.614 (95% CI: 1.788-3.821, P < 0.0001) and a pooled hazard ratio (HR) of 1.248 (95% CI: 1.003-1.553, P = 0.0471). This positive correlation remained consistent across most subgroups stratified by age, sample size, BMI, and adjustment for confounding factors. However, the association did not reach statistical significance in the non-China subgroup. CONCLUSION: Elevated TyG levels are associated with an increased risk of DPN in patients with T2DM. However, the causal relationship requires further validation. These findings may serve as a reference for clinical screening of DPN risk. SYSTEMATIC REVIEW REGISTRATION: https://www.crd.york.ac.uk/prospero, identifier CRD420261373476.",Frontiers in endocrinology,2026,10.3389/fendo.2026.1901899,PMC13585577,Journal Article; Systematic Review; Meta-Analysis,early_risk,PubMed
42760714,Age- and sex-specific associations between thyroid function and diabetes in Korean adults: A nationwide cross-sectional study.,"Thyroid dysfunction and diabetes mellitus (DM) are two common endocrine disorders that share overlapping metabolic pathways. While several studies have explored the association between thyroid function and DM, findings have been inconsistent. Specifically, both elevated and suppressed thyroid-stimulating hormone (TSH) have been variably reported as risk or protective factors for diabetes, and the contribution of thyroid autoimmunity (thyroid peroxides antibody, TPOAb) to diabetes risk remains particularly contested across study populations. This study aimed to evaluate the relationship between thyroid function markers-TSH, free thyroxine (free T4), and TPOAb - and the presence of diabetes in Korean adults. This cross-sectional study analyzed data from 4910 adults aged 19 years or older who participated in the Korea National Health and Nutrition Examination Survey (KNHANES VI) from 2013 to 2015. Serum levels of TSH, free T4, and TPOAb were measured, and DM was defined based on fasting glucose levels, use of antidiabetic medication, or self-reported diagnosis. As KNHANES does not classify diabetes by etiological subtype, the DM group predominantly reflects type 2 diabetes, consistent with its overwhelming predominance among Korean adults; type 1 diabetes could not be separately identified. Multivariable logistic regression was used to estimate odds ratios (ORs) and 95% confidence intervals (CIs) for diabetes across thyroid function categories, with subgroup analyses by age and sex. High TSH levels were significantly associated with an increased risk of diabetes (OR = 2.82; 95% CI: 1.26-6.32), especially in men under 65 years (OR = 5.10; 95% CI: 1.65-15.77). Low TSH levels were inversely associated with diabetes risk (OR = 0.35; 95% CI: 0.15-0.86). Low free T4 levels were also linked to an increased risk (OR = 2.08; 95% CI: 1.16-3.75), particularly in younger men. TPOAb positivity showed no significant overall association with diabetes, although a potential protective trend was observed in older men. Altered thyroid function, especially high TSH and low free T4 levels, is associated with increased diabetes risk in Korean adults. These findings suggest the clinical utility of thyroid function screening in diabetes risk assessment and highlight the need for further longitudinal research.",Medicine,2026,10.1097/MD.0000000000050697,PMC13593317,Journal Article,early_risk,PubMed
42755829,Factors associated with poor cardiometabolic control in patients with type 2 diabetes: a Lasso-Firth penalized regression analysis.,"OBJECTIVE: To assess cardiometabolic control among patients with type 2 diabetes mellitus (T2DM) in Shanxi Province and identify variables associated with poor cardiometabolic control. METHODS: Data on demographic characteristics, medical history, Knowledge-Attitude-Practice (KAP) questionnaire scores, and clinical measurements of blood pressure, glucose, and lipid levels were collected from seven hospitals in Shanxi Province between June 2024 and June 2025. Poor cardiometabolic control was defined as failure to achieve comprehensive control across the three cardiometabolic domains (blood pressure, glycemia, and lipid levels), with failure to meet the target in any single domain considered poor control. Variable selection was performed using the least absolute shrinkage and selection operator (LASSO) combined with bootstrap-based stability selection. Firth's penalized logistic regression was then applied to the stably selected variables to estimate their associations with poor cardiometabolic control. RESULTS: Among 1,874 patients, only 2.88% achieved comprehensive cardiometabolic control. Most patients had marked deficits in knowledge of blood pressure and lipid management, as well as in self-monitoring and symptom recognition. Bootstrap stability selection combined with Firth regression identified six candidate variables. Among these, BMI, education level, and knowledge score exhibited the strongest, nominally significant associations with poor cardiometabolic control, whereas practice score, hypertension history, and T2DM duration were selected but did not reach nominal significance. These exploratory findings require validation in independent cohorts. CONCLUSIONS: Cardiometabolic control among patients with T2DM in Shanxi Province remains suboptimal. Exploratory analyses suggest that BMI, education level, and knowledge score are the variables most robustly associated with poor cardiometabolic control, whereas practice score, hypertension history, and T2DM duration represent additional, weaker candidate associations warranting further investigation. These findings may inform future diabetes self-management education and intervention strategies aimed at improving glycemic, blood pressure, and lipid control. However, given the cross-sectional and exploratory nature of this study, the results should be regarded as hypothesis-generating and require confirmation in prospective or interventional studies before causal inferences can be drawn.",Frontiers in endocrinology,2026,10.3389/fendo.2026.1905392,PMC13581911,Journal Article,early_risk,PubMed
42751891,"Vitamin D metabolites, genetic variants, and risk of cardiovascular diseases among individuals with newly diagnosed type 2 diabetes: a prospective study.","Evidence regarding individual vitamin D metabolites and cardiovascular diseases (CVD) among individuals with type 2 diabetes (T2D) remains limited. This study aimed to investigate the prospective associations of plasma vitamin D metabolites with incident CVD among individuals with newly diagnosed T2D. This study included 1122 participants with newly diagnosed T2D from the Dongfeng-Tongji Cohort study in China. Plasma vitamin D metabolites were quantified using liquid chromatography-tandem mass spectrometry. Sixty single-nucleotide polymorphisms (SNPs) in genes involved in vitamin D metabolic pathways were genotyped. Incidence of CVD was ascertained via electronic health records. During 9284 person-years of follow-up, we documented 520 incident CVD cases. Higher concentrations of plasma 24,25(OH)2D3 and 25(OH)D3 were associated with a lower risk of incident CVD; comparing the highest with the lowest quartiles, multivariable-adjusted HRs (95% CIs) were 0.71 (0.55, 0.92) and 0.74 (0.58, 0.96), respectively. After false discovery rate (FDR) correction for multiple comparisons, the inverse association with 24,25(OH)2D3 remained statistically significant (PFDR = 0.012), whereas the association with 25(OH)D3 was marginally significant (PFDR = 0.064). No significant associations were observed for 3-epi-25(OH)D3 (0.81 [0.63-1.05]) or vitamin D3 (0.97 [0.76-1.24]). Restricted cubic spline analysis suggested a potential nonlinear association between 25(OH)D2 and CVD risk (P for overall = 0.007; P for nonlinearity = 0.002). In exploratory genetic analyses, nominal associations were observed for variants in CYP2R1 and CYP3A4, as well as for their potential interactions with vitamin D metabolites, although none remained significant after FDR correction. These findings suggest that vitamin D metabolites may have distinct associations with incident CVD among individuals with T2D, highlighting the importance of distinguishing individual vitamin D metabolites in CVD risk assessment. These findings warrant further validation in independent populations.",Food & function,2026,10.1039/d6fo02277d,,Journal Article,early_risk,PubMed
42750540,Predicting the Long-Term Risk of Type 2 Diabetes and Cardiovascular Disease With Orforglipron in People With Overweight or Obesity: A Post Hoc Analysis of the ATTAIN-1 Trial.,"OBJECTIVE: To assess change in long-term predicted 10-year cardiometabolic risk (Type 2 diabetes [T2D] and cardiovascular disease [CVD]) in adults with overweight or obesity without T2D. METHODS: This post hoc analysis used data from ATTAIN-1, a Phase 3 trial in adults (≥ 18 years) with obesity (BMI ≥ 30 kg/m2) or overweight (BMI ≥ 27 kg/m2 with ≥ 1 obesity-related complication) without T2D. Participants received orforglipron 5.5 mg, 9 mg, or 17.2 mg, or placebo for 72 weeks. Changes in predicted risk from baseline to 72 weeks were assessed using three validated risk prediction engines: Cardiometabolic Disease Staging (T2D risk), Framingham (total CVD risk), and PREVENT (total CVD, ASCVD, and HF risk). Mixed models for repeated measures compared change from baseline risk scores between groups. RESULTS: At week 72, mean relative reduction from baseline (median baseline scores: 16.0%-17.3%) in T2D risk score was significantly greater with orforglipron than placebo (-48.6% to -59.4% vs. -10.5%; p < 0.0001; HR-range 0.43-0.55). Using Framingham, at week 72, orforglipron was associated with a significant decrease in mean absolute change in total CVD risk vs placebo (-0.6% to -1.00% vs. +0.6%; p < 0.0001; HR range: 0.82-0.87). Similarly, at week 72, orforglipron was associated with reduced predicted ASCVD, HF, and total CVD risks compared to placebo, assessed using PREVENT (p < 0.0001). CONCLUSIONS: In this post hoc analysis, once-daily oral orforglipron was associated with statistically significant improvements in predicted 10-year risk of incident T2D and CVD compared with placebo over 72 weeks using three validated risk prediction models. TRIAL REGISTRATION: ATTAIN-1: NCT05869903.","Diabetes, obesity & metabolism",2026,10.1111/dom.71322,,Journal Article,early_risk,PubMed
42750344,Free Fatty Acids and Sarcopenia Risk in Type 2 Diabetes: Insights From SHAP Analysis.,"BACKGROUND: Sarcopenia is a prevalent and disabling complication of Type 2 diabetes mellitus (T2DM), which significantly elevates the risks of falls, fractures, institutionalization, and all-cause mortality. Lipotoxicity mediated by circulating free fatty acids (FFA) is crucial in the pathogenesis of diabetes-related sarcopenia, but the independent association and dose-response pattern between serum FFA levels and sarcopenia risk in T2DM patients remain poorly clarified. METHODS: This single-center cross-sectional study enrolled 299 patients with T2DM. Sarcopenia was diagnosed in accordance with the 2019 Asian Working Group for Sarcopenia criteria. Fasting serum FFA levels were measured by enzymatic colorimetry. Sequential multivariate logistic regression, restricted cubic spline (RCS) analysis, receiver operating characteristic (ROC) curve, calibration curve, decision curve analysis (DCA), and SHapley Additive exPlanations (SHAPs) analysis were applied to explore the association and predictive value of FFA. RESULTS: The overall prevalence of sarcopenia was 23.4%. After full adjustment for confounders, log-transformed FFA remained an independent risk factor for sarcopenia (OR = 2.73, 95% CI: 1.31-5.70, p = 0.007). RCS analysis identified a significant nonlinear relationship with a threshold at 0.6 mmol/L; sarcopenia risk declined slightly with increasing FFA below this threshold, but rose steeply and linearly when FFA exceeded 0.6 mmol/L. FFA showed excellent predictive performance with an AUC of 0.852, satisfactory calibration and significant clinical net benefit. SHAP analysis confirmed FFA as the core predictive feature, and the association was consistent across all prespecified subgroups. CONCLUSIONS: Serum FFA levels are independently and nonlinearly associated with sarcopenia risk in T2DM patients, with a clinically actionable threshold of 0.6 mmol/L. FFA can serve as a simple, accessible, and cost-effective biomarker for early risk stratification of sarcopenia in patients with T2DM.",Geriatrics & gerontology international,2026,10.1111/ggi.70835,PMC13583366,Journal Article,early_risk,PubMed
42745970,Beyond Soil Selenium: Agroindustrial Exposure Pathways and Diabetes Risk Assessment in Contemporary China.,"A recent multicenter Chinese cohort study reported a prospective association between high serum selenium (Se) status and incident type 2 diabetes (T2D), while interpreting regional serum Se variation largely through local soil geochemistry. Although the correlation between soil and serum Se is robust at the regional scale, the inferential leap from geochemistry to dietary exposure may underestimate contemporary food system inputs. Two structural features of modern China, institutionalized Se supplementation in compound feed since 2009 and large-scale importation of soybean meal from geochemically heterogeneous origins, have introduced agroindustrial Se pathways that may partially decouple animal-source dietary Se from local soils. Risk mapping based solely on geochemical proxies may misclassify exposure burden in regions where these pathways dominate. Future Se exposure assessments should integrate geochemical, dietary, food supply chain, environmental, and biomarker data, particularly for populations with serum Se levels comparable to the highest tertile in that cohort.",China CDC weekly,2026,10.46234/ccdcw2026.166,PMC13575425,Journal Article,early_risk,PubMed
42796988,Enhanced Metabolic Risks in Patients with Obesity and Nutritional Deficiencies in the U.S.: A TriNetX Study.,"BACKGROUND/OBJECTIVES: Nutrient deficiencies associated with progression from obesity to metabolic dysfunction are poorly characterized. Using electronic health records (TriNetX Research Network), we evaluated the association between key nutritional deficiencies and metabolic outcomes among patients with obesity. METHODS: Deficiencies assessed included protein-energy malnutrition, deficiencies in vitamin D, calcium, magnesium, and vitamin B12, and prior underweight status. Outcomes included severe obesity, prediabetes, type 2 diabetes, metabolic syndrome, metabolic dysfunction-associated steatotic liver disease (MASLD), and metabolic dysfunction-associated steatohepatitis (MASH). After matching propensity scores, cohorts with the double burden of malnutrition (DBM) were compared with a reference cohort of patients with obesity but no history of nutritional deficiencies. RESULTS: The most prevalent types of DBM were vitamin D deficiency (10.6%), protein deficiency (8.9%) and calcium deficiency (7.5%). Incidence rates of obesity and all types of DBM increased from 2023 to 2025. Although middle-aged White and Black/African American patients represented the largest demographic groups, adults aged >70 years exhibited higher incidence rates of protein, calcium, magnesium, and B12 deficiencies. Vitamin D deficiency (median hazard ratio [HR] 3.09; IQR 2.32-5.66), vitamin B12 deficiency (median HR 2.49; IQR 2.16-6.08), and prior underweight (median HR 2.23; IQR 1.76-3.98) were associated with the highest burden of metabolic diseases. CONCLUSIONS: These findings underscore the interplay between nutritional deficiencies and metabolic disease risk in obesity and support targeted interventions for populations affected by DBM, especially older adults, and in the context of racial and socioeconomic disparities.",Nutrients,2026,10.3390/nu18183005,PMC13610809,Journal Article,prediabetes_progression,PubMed
42796931,Effects of Chokeberry Juice Added to a Mediterranean-Style Diet on Glycemic Control and Redox Homeostasis in Women with Prediabetes: A Randomized Controlled Trial.,"Background: Prediabetes is characterized by impaired glucose regulation and altered redox homeostasis, which may contribute to progression to type 2 diabetes. Polyphenol-rich foods may improve metabolic and redox balance. Methods: Fifty-four women aged 30-60 years with prediabetes were randomly assigned to an intervention group (IG) or control group (CG); 50 completed the 12-week study (25 per group). Both groups received Mediterranean diet recommendations. The IG additionally consumed 100 mL/day of chokeberry juice, providing 457 mg GAE of total polyphenols and 9.7 mmol antioxidant capacity (FRAP), whereas the CG received no study product. Fasting plasma glucose (FG), HbA1c, 2 h plasma glucose (2h-PG), total oxidant status (TOS), total antioxidant status (TAS), and oxidative stress index (OSI) were assessed at baseline and 12 weeks. Between-group differences in individual changes were analyzed using the Mann-Whitney U test with Benjamini-Hochberg false discovery rate correction. The randomized substudy reported here was conducted within the broader single-group parent study registered at ClinicalTrials.gov (NCT06435130), which enrolled a larger mixed-sex cohort; the present analysis concerns only the nested 12-week randomized comparison in women with prediabetes. Results: Compared with the CG, the IG showed greater reductions in FG, HbA1c, 2h-PG, TOS, and OSI and a greater increase in TAS. All between-group differences remained significant after FDR correction (adjusted p < 0.001), with large Cliff's delta values. Conclusions: Adding 100 mL/day of chokeberry juice to Mediterranean diet recommendations for 12 weeks was associated with modest but statistically significant improvements in glycemic and redox-related outcomes in women with prediabetes. The small sample, short follow-up, and lack of placebo control limit generalizability; larger, longer placebo-controlled trials are warranted.",Nutrients,2026,10.3390/nu18182948,PMC13610533,Journal Article; Randomized Controlled Trial,prediabetes_progression,PubMed
42796049,Effects of High-Intensity Interval Versus Moderate-Intensity Continuous Training in Adults with Prediabetes: A Single-Blind Randomized Controlled Trial.,"Background: Prediabetes is associated with impaired glycemic regulation and increased cardiometabolic risk, making effective lifestyle management important for preventing progression to type 2 diabetes. Exercise is a key component of prediabetes management, but the comparative effects of high-intensity interval training (HIIT) and moderate-intensity continuous training (MICT) remain unclear. Methods: This single-blind randomized controlled trial included 24 sedentary adults with prediabetes (HbA1c 5.7-6.4%; BMI > 24.9 kg/m2), randomized to HIIT (n = 12) or MICT (n = 12). Participants completed supervised treadmill-based aerobic exercise three times weekly for 12 weeks. The primary outcome was HbA1c, while secondary outcomes included anthropometric measures, lipid parameters, and inflammatory and metabolic biomarkers. Outcomes were evaluated using two-way repeated-measures ANOVA. Results: For the primary outcome, HbA1c decreased significantly over time in both groups (p = 0.001), with no significant group × time interaction (p > 0.05). Among the secondary outcomes, both interventions significantly improved body mass index, waist circumference, hip circumference, and waist-to-height ratio (all p ≤ 0.001), while lipid parameters remained unchanged (p > 0.05). Exploratory biomarker analyses showed within-group decreases in TNF-α in the HIIT group and resistin in the MICT group, an increase in osteocalcin in the MICT group, and increases in IL-6 in both groups (p < 0.05); however, no significant group × time interactions were observed for these biomarkers. CRP, irisin, adiponectin, and chemerin remained unchanged. Conclusions: Both HIIT and MICT were associated with improvements in glycemic control and anthropometric outcomes in this sample of adults with prediabetes, with no evidence of superiority of either exercise protocol. Given the small sample size and the absence of significant group × time interactions, the exploratory biomarker findings should be interpreted cautiously. These findings suggest that both exercise modalities may represent feasible options within individualized lifestyle management for adults with prediabetes. Larger studies with longer intervention periods and post-intervention follow-up are needed to clarify the comparative and longer-term effects of these exercise modalities.",Journal of clinical medicine,2026,10.3390/jcm15187277,PMC13607590,Journal Article,prediabetes_progression,PubMed
42786573,"Glycemic Status, Cardiac Structure, and Function by Magnetic Resonance Imaging: The Jackson Heart Study.","BACKGROUND: Type 2 diabetes is associated with a high risk of heart failure. Hence, precise cardiac imaging can help early detection of subclinical myocardial dysfunction. We investigated the associations of glycemic status and markers with left ventricular (LV) remodeling assessed by cardiac magnetic resonance imaging among Black adults. METHODS: Peak systolic circumferential strain (Eulerian circumferential systolic strain), LV mass, end-diastolic volume, end-systolic volume, LV ejection fraction, and LV remodeling index were measured by cardiac magnetic resonance imaging in JHS (Jackson Heart Study) participants between 2008 and 2012. We evaluated the associations of glycemic markers (fasting plasma glucose and hemoglobin A1C) and glycemic status (diabetes, prediabetes, and normoglycemia) with cardiac magnetic resonance imaging measures of LV structure and function. RESULTS: A total of 1609 Black participants (mean age, 59 years; 63% women; 27.4% with diabetes and 46.8% with prediabetes) were included. Participants with diabetes had higher LV mass (adjusted β, 4.94 [95% CI, 0.51-9.37]), higher LV remodeling index (β, 0.05 [95% CI: 0.01- 0.09]), impaired global circumferential systolic strain (β, 0.44 [95% CI, 0.04-0.84]), and a higher odds of abnormal strain compared with those with normoglycemia (adjusted odds ratio, 1.43 [95% CI, 1.01-2.04]). Each SD increase in hemoglobin A1C was associated with higher LV mass (β, 2.48 [95% CI, 0.76-4.21]), LV remodeling index (β, 0.02 [95% CI, 0.01-0.04]), and impaired global circumferential systolic strain (β, 0.21 [95% CI, 0.06-0.37]). CONCLUSIONS: In a large community-based cohort of Black individuals, diabetes was associated with differences in LV structure and myocardial strain measured by cardiac magnetic resonance imaging.",Journal of the American Heart Association,2026,10.1161/JAHA.125.048360,,Journal Article,prediabetes_progression,PubMed
42785658,The oral microbiome of prediabetes: a scoping review.,"OBJECTIVE: To map evidence on oral bacterial microbiome shifts in adults with prediabetes and compare them with normoglycemic and type 2 diabetes populations. DATA AND SOURCES: A scoping review in accordance with PRISMA-ScR was conducted. PubMed, Cochrane Central Register of Controlled Trials, Web of Science, Embase, and Scopus, were searched from inception to May 1, 2026, including English-language original clinical studies using high-throughput sequencing of oral samples from adults with prediabetes and normoglycemic and/or type 2 diabetes comparison groups. Findings were narratively synthesized by sample size, diversity measure, taxonomic composition and relative abundance, and predicted microbial function. STUDY SELECTION/RESULTS: 2,320 publications were screened, and nine cross-sectional studies met eligibility criteria. Samples composed of saliva, tongue coating, oral rinse, and dental plaque; all studies used 16S rRNA gene sequencing. Alpha and beta-diversity findings were heterogeneous, partly reflecting differences in sample size, glycemic definitions, study populations, and analytical methods. Prediabetes was not consistently distinguishable from normoglycemia, while diabetes more frequently differed from normoglycemia and/or prediabetes. Actinomyces and Prevotella were among the taxa more often reported as enriched at higher glycemic status, whereas Haemophilus and Neisseria were more frequently reported as depleted; however, taxonomic findings were not uniform across studies. Only one study reported computationally predicted functional profiles. CONCLUSION: Current evidence suggests that prediabetes may be associated with subtle oral microbiome alterations, but there is insufficient consistency to define a reproducible prediabetes-specific microbial signature. Standardized, longitudinal, and functionally resolved studies are needed to establish temporality, clinical utility, and potential mechanisms. CLINICAL SIGNIFICANCE: Identifying prediabetes-associated oral microbiome shifts may support earlier recognition of metabolic dysregulation and inform future preventive strategies. Longitudinal and functionally oriented studies are needed to determine whether oral microbiome changes precede, accompany, or result from progression toward diabetes.",Journal of dentistry,2026,10.1016/j.jdent.2026.107076,,Journal Article; Review,prediabetes_progression,PubMed
42783393,Cardiometabolic Risk Factors and Domain-Specific Cognitive Function in Prediabetes and Type 2 Diabetes.,"Background: Cardiometabolic risk factors are increasingly recognised as contributors to cognitive decline, yet their associations with domain-specific cognitive performance in adults with prediabetes or well-controlled type 2 diabetes (T2DM) remain poorly characterised. Methods: This cross-sectional study included 49 adults with prediabetes or well-controlled T2DM (managed by diet or metformin alone; HbA1c < 8%). Cognitive function was assessed using the Cambridge Neuropsychological Test Automated Battery (CANTAB), Trail Making Tests (TMTs) parts A and B, Stroop, and Digit Symbol Substitution Test (DSST). Multivariable linear regression examined associations between cardiometabolic predictors (adiposity [DXA], glycaemic indices [OGTT], and serum lipids) and cognitive outcomes, adjusting for age, BMI, and education. Results: Higher HbA1c was independently associated with increased false alarms on the rapid visual processing task (RVPPFA; β = 0.04 [95% CI 0.01, 0.07]; p = 0.015); fasting and 2 h glucose were not associated with any cognitive measure. Higher triglycerides were associated with lower sustained attention accuracy (RVPA; β = -0.02 [95% CI -0.04, -0.004]; p = 0.016) and lower DSST scores (β = -4.61 [95% CI -8.81, -0.40]; p = 0.033). Higher HDL cholesterol was independently associated with better sustained attention (RVPA; β = 0.08 [95% CI 0.02, 0.15]; p = 0.017). No consistent associations were found between adiposity measures and any cognitive outcome, with no effect modification by sex or diabetes status (all Pinteraction > 0.05). Conclusions: In cognitively healthy adults with prediabetes or well-controlled T2DM, higher HbA1c and triglycerides and lower HDL were associated with poorer domain-specific cognitive performance in the absence of overt cognitive impairment. Larger longitudinal studies are needed to establish whether these associations represent early cognitive changes and to determine whether reducing cardiometabolic risk can preserve cognitive function.","Medical sciences (Basel, Switzerland)",2026,10.3390/medsci14050520,PMC13609006,Journal Article,prediabetes_progression,PubMed
42771870,Applying the ORBIT model to design a patient-facing mHealth app for diabetes prevention in urban primary care: translating patient perspectives into app design.,"BACKGROUND: Prediabetes affects nearly one in three U.S. adults-often progressing to type 2 diabetes within 10 years. Although prediabetes is increasingly identified in primary care and prevention strategies exist, uptake remains low, particularly in urban safety-net settings. This translational gap reflects the complexity of prevention, which is preference- and context-sensitive. Mobile health could bridge this gap and improve engagement, but effective design requires understanding patient needs, barriers, and care context. PURPOSE: Guided by the Obesity-Related Behavioral Intervention Trials (ORBIT) model, this formative study identified perspectives on prediabetes and diabetes prevention and translated them into components of a patient-facing digital intervention. METHODS: Semi-structured qualitative interviews were conducted among 24 adult primary care patients with documented prediabetes in an urban safety-net health system. Interviews explored understanding of prediabetes, decision-making about prevention options, motivation for lifestyle change, and integration of behavioral changes into daily routines. Interviews were transcribed and analyzed using rapid qualitative analysis. RESULTS: Participants (mean age 58.8 years; 83% women; 46% African American/Black; 46% Hispanic/Latino) described six interrelated themes: understanding the diagnosis; making informed treatment decisions; integrating lifestyle change into daily life; finding motivation; staying on track with behavior change; and navigating prevention within health and financial constraints. Themes revealed gaps in risk understanding, counseling, and action planning and were mapped to preliminary app features. CONCLUSIONS: This study translated patient-identified needs into initial components for a patient-informed mHealth tool. The findings define early-stage content domains and behavioral targets that will inform prototype refinement, usability testing, and evaluation in primary care.",Translational behavioral medicine,2026,10.1093/tbm/ibag065,PMC13596773,Journal Article,prediabetes_progression,PubMed
42769838,Triglyceride-glucose index as a biochemical predictor of hypertension in patients with type 2 diabetes and prediabetes: Evidence from the NHANES database.,"BACKGROUND: The triglyceride-glucose (TyG) index, derived from fasting triglyceride and glucose levels, has emerged as a reliable biochemical marker of insulin resistance. However, its relationship with hypertension (HTN) in diabetic and prediabetic populations remains insufficiently studied. METHODS: Using data from 2,440 adults in the U.S. National Health and Nutrition Examination Survey (NHANES, 2011-2018), we investigated the association between the TyG index and HTN. Biochemical assays included enzymatic measurement of serum triglycerides (Beckman Coulter DxC800) and plasma glucose (hexokinase-based methods on Roche Cobas systems), from which the TyG index and related indices (TyG-BMI, TyG-WC, TyG-WHtR) were calculated. Logistic regression models adjusted for demographic, anthropometric, and biochemical covariates were used to estimate odds ratios (OR) for HTN risk. RESULTS: Participants with HTN exhibited significantly higher TyG index levels compared with non-hypertensives (8.44 vs. 8.38, P&lt; 0.01). In fully adjusted models, each unit increase in TyG was associated with a 31% higher risk of HTN (OR = 1.31, 95% CI: 1.02-1.69). Stratified analyses revealed significant associations among Mexican Americans and individuals without prior cardiovascular or hepatic disease. TyG-WC and TyG-WHtR indices also correlated positively with HTN risk, whereas TyG-BMI did not. CONCLUSIONS: Elevated TyG index and related biochemical indices are independently associated with increased HTN risk among individuals with diabetes or prediabetes. As a simple and reproducible biochemical parameter, the TyG index may serve as a valuable tool in laboratory medicine for early HTN risk identification and prevention strategies.",Journal of medical biochemistry,2026,10.5937/jomb0-61307,PMC13592863,Journal Article,prediabetes_progression,PubMed
42769672,Obstructive sleep apnoea and glucose dysregulation in type 2 diabetes: a systematic review of the literature.,"BACKGROUND: Obstructive sleep apnoea (OSA) and type 2 diabetes mellitus (T2DM) are common chronic conditions with a potentially bidirectional relationship mediated by insulin resistance, intermittent hypoxia, and systemic inflammation. However, evidence linking OSA with glucose dysregulation remains inconsistent. OBJECTIVE: To evaluate the association between OSA and glucose dysregulation, including prediabetes and T2DM, and related metabolic and cardiovascular outcomes. Methods: A PRISMA-based systematic review was conducted using major databases. RESULTS: In total, eleven studies from Asia, Europe, Africa, and South America were included in this review. The results show that OSA was consistently associated with poorer glycemic control, increased insulin resistance, and adverse metabolic profiles, with several studies demonstrating severity-dependent effects. In addition, poor sleep quality and short sleep duration were also linked to adverse metabolic outcomes, although findings were less consistent. Finally, limited evidence suggested that continuous positive airway pressure (CPAP) therapy may improve some metabolic and renal outcomes. CONCLUSION: OSA is consistently associated with impaired glucose metabolism and increased cardiometabolic risk in individuals with T2DM. Further longitudinal and interventional studies are needed to clarify causal pathways and the metabolic effects of OSA treatment. SYSTEMATIC REVIEW REGISTRATION: PROSPERO (CRD420261402284).",Frontiers in medicine,2026,10.3389/fmed.2026.1915032,PMC13592258,Journal Article; Systematic Review,prediabetes_progression,PubMed
42763677,Effectiveness of Structured Education Programmes on Diet and Exercise for Preventing Type 2 Diabetes in Adults With Prediabetes: A Systematic Review.,"Diet and exercise can prevent or delay progression from prediabetes to type 2 diabetes mellitus, but lifestyle advice in routine care may be brief, inconsistent, or unstructured. This systematic review assessed whether structured education programmes on diet and exercise are more effective than usual care, standard advice or less intensive lifestyle intervention in preventing or delaying type 2 diabetes among adults with prediabetes. The review was conducted in accordance with Preferred Reporting Items for Systematic Reviews and Meta-Analyses (PRISMA) guidance and registered in PROSPERO (CRD42023484038). CINAHL (Cumulative Index to Nursing and Allied Health Literature), Embase, Ovid MEDLINE, Web of Science and Google Scholar were searched for English-language studies from database inception to July 2026. Randomised and cluster-randomised controlled trials involving adults with prediabetes, impaired glucose tolerance, or impaired fasting glucose were included if they compared structured education focused on diet, exercise or both with usual care, standard advice or a less intensive intervention. Data were synthesised narratively. Eighteen randomised or cluster-randomised controlled trials met the inclusion criteria. Most studies reported favourable effects of structured education on diabetes incidence, glycaemic indices and weight-related outcomes compared with usual care or less intensive lifestyle advice, while effects on cardiovascular risk markers were less consistent. Structured education on diet and exercise appears more effective than usual care or less intensive lifestyle advice in preventing or delaying type 2 diabetes among adults with prediabetes.",Cureus,2026,10.7759/cureus.114859,PMC13589475,Journal Article; Review,prediabetes_progression,PubMed
42760230,Chronic coffee consumption and diabetogenic risk: data from the PAMELA study.,"BACKGROUND AND AIM: The present study was designed to investigate a controversial issue, namely whether and to what extent chronic coffee consumption is associated with an increased diabetogenic risk. METHODS AND RESULTS: We examined data collected cross-sectionally and prospectively in 1158 healthy subjects belonging to the general population of the Pressioni Arteriose Monitorate E Loro Associazioni (PAMELA) study. Results collected at the cross-sectional examination performed at baseline show fasting serum glucose (89.4 ± 12.6 vs 89.9 ± 20.9 mg/dl, means ± SD, PNS) and incidence of impaired fasting glucose (IFG, 8.1%vs 5.5%, PNS) superimposable in coffee consumers (≥2-3 cups of coffee per day) and non-consumers. This was the case also when incidence of diabetes mellitus and use of antidiabetic drug treatment were examined. Furthermore, data collected at the 10-years follow-up examination show that the risk of new IFG and new diabetes mellitus was similar in coffee consumers and non-consumers. CONCLUSIONS: The results of the present PAMELA study suggest that in our general population chronic consumption of coffee has a neutral long-term impact on glucose metabolism.","Nutrition, metabolism, and cardiovascular diseases : NMCD",2026,10.1016/j.numecd.2026.104987,,Journal Article,prediabetes_progression,PubMed
42758599,Longitudinal HbA1c trajectories and clinical prognosis in type 2 diabetes: a population-based cohort study.,"OBJECTIVE: To characterize longitudinal glycated haemoglobin (HbA1c) trajectories before and after the diagnosis of type 2 diabetes and to evaluate their association with major cardiovascular events and all-cause mortality. DESIGN: Retrospective population-based cohort study using Spanish electronic health records. Adults with incident type 2 diabetes diagnosed between 2005 and 2019 were included. Longitudinal HbA1c trajectories were modelled using functional principal component analysis and classified using Gaussian mixture modelling. The primary outcome was a composite of hospital admission for ischaemic heart disease, cerebrovascular disease, and all-cause mortality. Associations were assessed using adjusted Cox proportional hazards models. RESULTS: A total of 264 634 individuals with incident type 2 diabetes and 1 719 720 HbA1c measurements were included. Three distinct HbA1c trajectory classes were identified. Mean HbA1c values remained within the prediabetes range until ~10 years before diabetes diagnosis. The highest risk of the composite outcome was observed in the trajectory class with intermediate, rather than the highest, HbA1c levels. Compared with trajectory class 2, trajectory class 1 was associated with a substantially increased risk of the composite outcome in women (HR: 3.34, 95% CI: 3.18-3.50) and men (HR: 2.93, 95% CI: 2.81-3.05). CONCLUSIONS: The trajectory associated with the greatest risk was not the one with the highest HbA1c levels, but the one characterized by greater baseline clinical vulnerability. The greatest impact of the associations falls on total mortality. These findings highlight the importance of considering long-term glycaemic patterns alongside clinical context when stratifying cardiovascular risk in people with type 2 diabetes.",Postgraduate medical journal,2026,10.1093/postmj/qgag124,,Journal Article,prediabetes_progression,PubMed
42754851,Nutrigenomics in the prevention and management of type 2 diabetes and obesity: A systematic review of clinical trials.,"BackgroundThe increasing global burden of obesity and type 2 diabetes mellitus (T2DM) poses a major public health challenge. Nutrigenomics has emerged as a promising approach for managing these metabolic diseases through specific gene-diet interactions.AimThis systematic review aimed to synthesize evidence on the effects of nutrigenomics in the prevention and management of obesity and T2DM in human populations.MethodsAn extensive search was performed across four databases from inception to June 2025. Eligibility criteria were: randomized controlled trials (RCTs), participants with obesity (body mass index (BMI): 25-40 kg/m2), prediabetes, and/or diagnosed with T2DM, nutrigenomics-based dietary intervention studies, and reporting obesity or diabetes management as the primary outcome. Risk of bias (RoB) was assessed using the RoB visualization tool. Narrative evidence synthesis was done owing to heterogeneity in study populations, genotypes, diet-gene associations, and outcome measures.SummaryOf 1278 articles screened, six RCTs met the eligibility criteria. The included studies demonstrated that nutrigenomics-based dietary interventions and related molecular responses may influence obesity and T2DM-related outcomes. Specific genetic variants, including APOA2, Melatonin receptor 1B (MTNR1B), Circadian locomotor output cycles kaput (CLOCK), and PP2C domain-containing protein phosphatase 1K (PPM1K), as well as molecular response markers such as RIPK3 and RNF216, were associated with changes in weight, BMI, waist circumference, and insulin sensitivity following dietary interventions. RoB analysis revealed that only one study (16.7%) demonstrated low RoB. The findings suggest a potential role for nutrigenomics in the prevention and management of obesity and T2DM; however, more robust and standardized RCTs are needed.",Nutrition and health,2026,10.1177/02601060261487857,,Journal Article; Review,prediabetes_progression,PubMed
42751742,"Nutritional Deficiencies, Complications, and Nutrition Therapy/Counseling in Pediatric Patients Using GLP-1 Receptor Agonists.","BACKGROUND: Glucagon-like peptide-1 receptor agonists (GLP-1RAs) are increasingly used to treat childhood obesity, prediabetes, and type 2 diabetes. We examined nutritional deficiency incidence and nutrition therapy/counseling (NT/C) utilization among pediatric GLP-1RA users. METHODS: We analyzed Inovalon administrative claims data from 2017 to 2022 covering over 100 million patients to identify 2,031 GLP-1RA users aged 10-17 years who met continuous enrollment criteria and had no prior diagnosis of nutritional deficiency. Nutritional deficiencies were identified using the International Classification of Diseases, 10th edition codes for up to 1 year following GLP-1RA initiation. NT/C visits, time to first NT/C visit, and differences in nutritional deficiency diagnoses by NT/C consultation were assessed. Results are reported as proportions and means, with group comparisons using chi-square tests. RESULTS: The mean age was 15 (±1.8) years, 61.5% were female, and 62.6% had obesity. Liraglutide (78.6%), dulaglutide (10.4%), and semaglutide (9.1%) were the most prescribed GLP-1RA drugs. Within 1 year, 16.88% of patients were diagnosed with at least one nutritional deficiency or deficiency-related complication, most frequently vitamin D deficiency (12.4%), followed by nutritional anemia (1.55%), and iron-deficiency anemia (1.44%). Only 23.3% had NT/C visit within 180 days (mean time to first visit: 149 days). Patients with NT/C consultations had higher rates of nutritional deficiencies and deficiency-related complications than those without (23.2% vs. 14.8%, p < 0.01). CONCLUSIONS: Nutritional deficiencies are a meaningful and under-recognized risk among pediatric patients receiving GLP-1RA therapy. Current care patterns suggest missed opportunities for proactive and preventative nutrition support. Integration of NT/C care into pediatric GLP-1RA treatment may support healthy growth and long-term outcomes.",Childhood obesity (Print),2026,10.1177/21532176261486979,,Journal Article,prediabetes_progression,PubMed
42744583,Differences in screen-detected type 2 diabetes in two targeted community-based screening campaigns in Denmark.,"OBJECTIVE: Targeted type 2 diabetes screening campaigns aim to improve patients' quality of life and life expectancy and reduce healthcare costs, although different setups may yield varying detection outcomes. The aim of this study is to assess whether at-home self-sampling improves the detection rates of prediabetes and diabetes compared with standard mobile unit screening. RESEARCH DESIGN AND METHODS: Between June 2022 and November 2024, the Danish Diabetes Association offered free capillary HbA1c tests to individuals at high risk of diabetes based on the Leicester's Risk Assessment score. Two community-based screening setups were applied: (a) a mobile unit using a point-of-care device and (b) at-home self-sampling screening tests using mailed Hemoglobin Capillary Collection System analyzed by high-performance liquid chromatography. RESULTS: In total, 4051 individuals were tested via the mobile unit and 5609 via the at-home setup. In the mobile unit setup, the proportion of individuals aged ≥65 years was 54.3%, whereas in the at-home setup, they constituted 38.1%. HbA1c ≥48 mmol/mol (≥6.5%) was found in 3.1% of participants in the mobile unit and 3.5% in the at-home setup, while HbA1c values of 42-47 mmol/mol (6.0-6.4%) occurred in 9.1% and 15.2%, respectively. CONCLUSIONS: Mobile units and at-home self-sampling are complementary screening approaches, finding similar rates of screen detection with HbA1c ≥48 mmol/mol (≥6.5%), though the latter is more efficient in detecting individuals with HbA1c values of 42-47 mmol/mol (6.0-6.4%).",BMJ open diabetes research & care,2026,10.1136/bmjdrc-2026-006034,PMC13583803,Journal Article,prediabetes_progression,PubMed
42743331,Temporal patterns of tuberculosis-associated hyperglycaemia and its effect on treatment outcomes in individuals not previously diabetic: A prospective cohort study.,"BACKGROUND: Active tuberculosis (TB) infection can induce hyperglycaemia and insulin resistance, increasing the risk of type 2 diabetes mellitus and worsening TB disease severity. However, data on the dynamics of TB-associated hyperglycaemia and its effect on TB treatment outcomes among individuals not previously diabetic remain limited, particularly in high TB-burden settings. In this study, we aimed to investigate the prevalence and temporal patterns of TB-associated hyperglycaemia and its impact on disease presentation and TB treatment outcomes among a cohort of individuals not previously diabetic. METHODS: This was a five-month longitudinal prospective cohort study conducted at two urban specialized TB healthcare facilities in Kenya among adults aged >18 years with bacteriologically confirmed pulmonary TB (PTB). Known diabetes mellitus (DM) or prediabetic individuals were excluded during enrolment. Glycaemic status was assessed at baseline and months two and five using glycated haemoglobin (HbA1c) according to the American Diabetes Association guideline. Hyperglycaemia was defined as HbA1c ≥5.7% and categorized as normoglycaemia, persistent, transient, or incident hyperglycaemia based on longitudinal measurements. Socio-demographic and clinical data were collected using a structured questionnaire and analysed using SPSS version 26.0 and GraphPad Prism version 9.0. Longitudinal trends in HbA1c levels and the association of hyperglycaemia with DM-related symptoms, as well as TB treatment outcomes, were assessed using the Friedman test and the Generalized Estimating Equations (GEE), respectively. RESULTS: We enrolled and followed 87 individuals newly diagnosed with PTB. Of these, 66 were tested for hyperglycaemia in month two after 7 died and 14 were lost to follow-up/transferred out (LTFU/TO), and 70 in month 5, after an additional death, 7 re-engagements, and 2 LTFU/TO were reported. At enrolment, the cohort was predominantly male (76%), not married (53%), and HIV-negative (84%), with a median age of 37 years (IQR 29-44). Prevalence of hyperglycaemia at baseline was 75% (95% Confidence Interval [CI] 65-83), with 45% of the individuals presenting as prediabetic and 30% as diabetic. At the month-two and month-five time points, the proportion of participants with prediabetes (pre-DM) increased from 24% (16/66) to 30% (21/70), while the prevalence of DM declined from 21% (14/66) to 9% (6/70). Across the time points, HbA1c levels varied significantly (p < 0.001). In GEE analysis, hyperglycaemic participants were more likely to experience classic symptoms of DM such as frequent micturition (adjusted Relative Risk [aRR] 1.76, 95% CI 1.12-2.77), increased thirst (aRR 2.37, 95% CI 1.38-4.05), unintentional weight loss (aRR 1.84, 95% CI 1.24-2.75), and blurred vision (aRR 1.95, 95% CI 1.20-3.18). After adjusting for age, BMI, HIV, alcohol use, and smoking, hyperglycaemia was independently associated with an increased risk of sputum positivity (aRR 4.22, 95% CI 2.09-8.52). Glycaemic variability was significantly associated with unfavourable TB treatment outcomes (p < 0.001). CONCLUSIONS: New-onset hyperglycaemia was highly prevalent in adults newly diagnosed with TB and persisted through the fifth month of TB treatment. Hyperglycaemia was associated with classic diabetic symptoms and persisting sputum positivity, highlighting the need to integrate glycaemic monitoring and management into routine TB follow-up care.",PloS one,2026,10.1371/journal.pone.0358593,PMC13577521,Journal Article,prediabetes_progression,PubMed
42738932,Whole-Grain Staple Replacement and Cardiometabolic Phenotypes in Adults at High Risk of Type 2 Diabetes: An Extended Randomized-Trial Analysis with NHANES and Country-Level Context.,"BACKGROUND/OBJECTIVES: Adults at high risk of type 2 diabetes frequently show concurrent dyslipidemia, insulin resistance, and central adiposity before overt diabetes develops. We evaluated cardiometabolic responses to standardized whole-grain staple replacement and examined grain-quality patterns in free-living and country-level settings. METHODS: This secondary exploratory analysis included 144 participants (48 per group) from a 12-week, three-arm randomized dietary trial. Participants were analyzed according to their randomized assignments to 100 g/day, 50 g/day, or control. Lipid, anthropometric, body composition, and composite cardiometabolic phenotypes were evaluated. Longitudinal and time-weighted cumulative effects were estimated using linear mixed-effects and regression models, with Benjamini-Hochberg false discovery rate (FDR) correction applied within the corresponding multiplicity domains. Complementary analyses included 30,769 NHANES adults without diabetes, including 12,169 with prediabetes, and descriptive country-level data on whole-grain intake, high-FPG-attributable diabetes burden, and cereal supply. RESULTS: Within the extended phenotype panel, HWG versus control time-weighted cumulative effects included triglycerides (β = -0.220, 95% CI -0.397 to -0.043; FDR-adjusted p = 0.047), the atherogenic index of plasma (β = -0.125, -0.191 to -0.060; FDR-adjusted p = 0.002), and the triglyceride-glucose index (β = -0.301, -0.429 to -0.173; FDR-adjusted p < 0.001). Conventional lipid components showed distinct temporal responses. In NHANES, higher whole-grain exposure and more favorable grain-quality ratios were associated with lower adiposity- and insulin resistance-related phenotypes, whereas refined-grain exposure generally showed the opposite pattern. Country-level analyses showed marked heterogeneity in whole-grain intake, diabetes burden, and cereal supply context. CONCLUSIONS: Standardized whole-grain staple replacement was associated with short-term changes across several cardiometabolic dimensions in adults at high risk of type 2 diabetes, with the clearest extended-phenotype signals involving triglyceride-related and glucose-triglyceride coupling measures. NHANES identified cross-sectional grain-quality associations in free-living adults; country-level analyses described heterogeneity in whole-grain intake, diabetes burden, and cereal supply context.",Nutrients,2026,10.3390/nu18172758,PMC13567143,Journal Article; Randomized Controlled Trial,prediabetes_progression,PubMed
42736402,Differential physical activity responses to diabetes risk reduction interventions according to prediabetes phenotype in at-risk individuals: pooled analysis from three randomised controlled trials.,"AIMS/HYPOTHESIS: Emerging research suggests that the effects of lifestyle interventions to reduce the risk of type 2 diabetes progression differ by prediabetes phenotype. We investigated whether this divergent effectiveness is accompanied by differing physical activity responses to the intervention. METHODS: Pooled data from three randomised controlled trials were used (n=2150), with up to 48 months annual follow-up. Participants at risk of type 2 diabetes were randomised to either: (1) usual care (control) or (2) similar interventions, in which they received structured group-based lifestyle interventions to promote increases in physical activity and other behaviours associated with diabetes risk reduction, supported by education, goal setting, pedometer use and maintenance support. Change in physical activity and glucose levels were stratified by the presence of impaired fasting glucose (IFG) and/or impaired glucose tolerance (IGT). RESULTS: Participants in the group with normoglycaemia were 63 years old (mean), with a mean BMI of 29.9 kg/m2; 56.4% were men and 76.7% were White European. Participants in the IFG group were 63 years old, with a BMI of 29.8 kg/m2; 70.0% were men and 79.1% were White European. Participants in the IGT group were 65 years old, with a BMI of 31.1 kg/m2; 60.4% were men and 80.5% were White European. Participants in the group with both IFG and IGT were 65 years old, with a BMI of 31.7 kg/m2; 62.7% were men and 82.6% were White European. The number of baseline steps/day was 6130 ± 3201 in the normoglycaemia group, 7244 ± 3489 in the IFG group, 5984 ± 2904 in the IGT group and 6310 ± 2872 in the IFG+IGT group (means ± SD). The intervention increased the mean number of steps/day relative to usual care by 247 (95% CI 4, 491) in the normoglycaemia group, 523 (95% CI 229, 818) in the IGT group, and 808 (95% CI 402, 1213) in the IFG+IGT group, but not in the IFG group (mean 71; 95% CI -429, 571). The intervention improved 2 h post-challenge glucose levels in the IFG+IGT group only (mean -0.5 mmol/l; 95% CI -0.9, 0.0). CONCLUSIONS/INTERPRETATION: The effectiveness of structured, group-based interventions with goal setting to promote physical activity differs by glycaemic status; those with IFG were least responsive. This may contribute to previously observed differences in the clinical effectiveness of diabetes prevention programmes.",Diabetologia,2026,10.1007/s00125-026-06873-5,1370926,Journal Article,prediabetes_progression,PubMed
42732963,Progressive islet remodeling during the prediabetic stage in female SDT rats.,"Prediabetes represents a critical stage in the progression to type 2 diabetes, during which early alterations in pancreatic islet structure and function occur. We investigated temporal histopathological changes associated with islet remodeling in female Spontaneously Diabetic Torii (SDT) rats, a non-obese type 2 diabetes model. Focusing on structural alterations, fibrosis, altered endocrine cell organization, and pancreatic stellate cell activation. Female SDT and Sprague-Dawley (SD) rats were examined between 8 and 40 weeks of age. Blood glucose and plasma insulin levels were measured cross-sectionally in separate groups of animals from 8 to 40 weeks, and oral glucose tolerance tests (OGTTs) were performed between 16 and 24 weeks of age. Pancreatic tissues were evaluated by histopathology, immunohistochemistry, and morphometric analyses. SDT rats exhibited progressive glucose intolerance accompanied by elevated plasma insulin levels during the prediabetic stage, suggesting altered glucose homeostasis. These abnormalities were accompanied by structural alterations of islets, including architectural disruption, enlargement, and intra-islet fibrosis beginning at 18-24 weeks. Representative immunostaining suggested altered organization of insulin- and glucagon-positive endocrine cells within remodeled islets. α-SMA- and desmin-positive stromal cells were observed within fibrotic regions of SDT islets. These findings demonstrate progressive islet remodeling during the prediabetic stage in female SDT rats, characterized by structural disruption, fibrosis, and the presence of α-SMA- and desmin-positive stromal cells within fibrotic islets. These alterations may contribute to early endocrine dysfunction by disrupting the islet microenvironment and cell-cell interactions.",Experimental animals,2026,10.1538/expanim.26-0125,,Journal Article,prediabetes_progression,PubMed
42729417,Whole wheat bread improves postprandial glucose tolerance in adults with prediabetes: a controlled-feeding randomized crossover trial with microbiome-associated variation in response.,"BACKGROUND/HYPOTHESIS: Whole grain intake is associated with reduced risk of type 2 diabetes, yet inconsistent findings from randomized trials and substantial interindividual variability suggest that gut microbiota may influence glycemic responses. We hypothesized that whole wheat bread would improve glucose tolerance compared with refined white bread under controlled feeding conditions in adults with prediabetes, and that gut microbial features would be associated with variability in glycemic response. METHODS: In this randomized, controlled crossover trial, adults with prediabetes (n = 39; 34.7 ± 0.9 kg/m2) consumed fully controlled diets differing only in whole wheat (WHEAT) or refined white bread (WHITE) for 2-weeks each, separated by a 2-week washout. Fasting blood and stool samples were collected at baseline and post-intervention, and a 75 g oral glucose tolerance test was performed after each phase. RESULTS: Compared with WHITE, WHEAT reduced postprandial glucose excursion by 27% (p = 0.04), independent of body weight, inflammation, carbonyl stress, and fecal short-chain fatty acids (SCFAs). Fasting glucose and insulin improved over time irrespective of treatment (PTime < 0.05), whereas inflammatory biomarkers, plasma methylglyoxal, and fecal SCFAs did not differ between interventions. Gut microbial α- and β-diversity were unchanged. However, compositional analyses identified directional shifts in selected taxa during WHEAT, including higher relative abundances of Agathobacter, Agathobaculum, and Lachnospiraceae NK4A136 group and lower Streptococcus, Lachnoclostridium, and Mediterraneibacter (nominal p < 0.05). Moderation analysis revealed that baseline abundances of Lachnoclostridium and Lachnospiraceae NK4A136 group predicted postprandial glycemic responses in a diet-dependent manner, identifying distinct microbial profiles associated with greater metabolic benefit from WHEAT relative to WHITE (PInteraction < 0.05). CONCLUSION: Whole wheat bread improves postprandial glucose tolerance in adults with prediabetes while exhibiting microbiome-associated variation in glycemic response. These findings support whole wheat as an effective dietary strategy and highlight baseline gut microbial features as key contributors to inter-individual responses, advancing precision nutrition approaches to whole grain consumption. CLINICAL TRIALS REGISTRATION: ClinicalTrials.gov: NCT05318183.",Frontiers in nutrition,2026,10.3389/fnut.2026.1907908,PMC13562025,Journal Article,prediabetes_progression,PubMed
42723036,Carotid plaque burden across the glycaemic spectrum: a cross-sectional study.,"BACKGROUND: Dysglycaemia accelerates atherosclerosis, but the extent to which carotid plaque burden and morphology differ across the full glycaemic spectrum, and which cardiometabolic factors are most strongly associated with this burden, remain incompletely characterised. This study aimed to evaluate carotid plaque burden and morphology across the glycaemic spectrum, from normoglycaemia to type 2 diabetes mellitus (T2D). METHODS: This cross-sectional study included 169 participants: 24 normoglycaemic controls, 28 with prediabetes, and 117 with T2D stratified by glycaemic control. All underwent clinical, laboratory, and carotid ultrasonographic assessment. Plaque presence, morphology, and stenosis severity were evaluated. Multivariable logistic regression and receiver operating characteristic analyses were performed. RESULTS: Carotid plaque was present in 50.9% of participants (0% in normoglycaemia, with 8.3% showing isolated intima-media thickness [IMT] increase); a combined outcome of carotid plaque or isolated IMT increase was present in 60.4% overall. Carotid plaque prevalence increased markedly from normoglycaemia (0%) to prediabetes (42.9%) and ranged from 58.6% to 72.4% across the HbA1c-defined T2D subgroups, without a consistent further increase within this range (p < 0.001). Plaque morphology also differed across glycaemic categories, with echolucent plaques proportionally more frequent in prediabetes and echogenic plaques predominating in T2D. In the multivariable model, age, urinary albumin-to-creatinine ratio (UACR), and total cholesterol were independent predictors of carotid plaque, whereas diabetes duration, HOMA-IR, and glycated haemoglobin (HbA1c) were not (AUC 0.821). CONCLUSIONS: Carotid plaque burden is markedly higher across the dysglycaemic spectrum than in normoglycaemia, and is already substantial in prediabetes, suggesting early subclinical vascular involvement. Age, UACR, and total cholesterol, rather than HbA1c alone, showed the strongest associations with carotid atherosclerosis. Carotid ultrasonography, including assessment of plaque morphology, may provide additional information for cardiovascular risk stratification beyond glycaemic status alone. This potential role merits evaluation in future prospective studies.",BMC endocrine disorders,2026,10.1186/s12902-026-02455-z,PMC13563818,Journal Article,prediabetes_progression,PubMed
42717332,Postpartum GLP-1 receptor agonists and SGLT-2 therapies in women with prior gestational diabetes: current evidence and uncertainties.,"BACKGROUND: Gestational diabetes mellitus (GDM) affects approximately 14% of pregnancies and is associated with adverse pregnancy outcomes and a substantially increased risk of long-term cardiometabolic disease. Although glucose levels often normalise postpartum, women with prior GDM have a ten-fold increased risk of developing type 2 diabetes mellitus (T2DM), particularly when early postpartum prediabetes is present. Current prevention strategies, including lifestyle modification and metformin, have in general shown limited effectiveness in this high-risk population. MAIN BODY: Glucagon-like peptide-1 receptor agonists (GLP-1 RA) improve glycaemic control, promote weight loss, and reduce cardiovascular risk in people with T2DM and/or obesity. Given the central role of insulin resistance and weight retention in progression from GDM to T2DM, these therapies represent a promising strategy for postpartum diabetes prevention. However, available evidence in women with prior GDM is limited and largely derived from small, short-term studies not adequately powered to assess sustained diabetes prevention or long-term outcomes. Whether GLP-1 RA therapy should be considered an early preventive strategy in this high risk population remains therefore uncertain. The evidence base is now evolving, with the first large multicentre randomised controlled trial (RCT) with a potent GLP-1 RA in women with early postpartum prediabetes following GDM currently underway. In parallel, sodium-glucose cotransporter 2 (SGLT-2) inhibitors have demonstrated robust cardiovascular and renal benefits in T2DM, independent of glycaemic status, and may offer additional preventive potential. Their insulin-independent mechanism and favourable cardiovascular profile are particularly attractive in women with prior GDM, who face elevated long-term cardiometabolic risk. However, uncertainties persist regarding safety in women of reproductive age, use during lactation, optimal timing, and patient selection, highlighting the gap between therapeutic promise and dedicated postpartum trial data. CONCLUSION: This Debate examines the emerging role of GLP-1 RA and SGLT-2 inhibitors in preventing T2DM after GDM. Despite their potential, important uncertainties remain regarding long-term efficacy and safety. While these therapies may provide a shift beyond lifestyle intervention and metformin, robust trial data and careful consideration of reproductive factors are required before routine implementation. We discuss how pharmacological prevention strategies could be integrated into postpartum care for this high-risk population.",BMC medicine,2026,10.1186/s12916-026-05182-3,PMC13560376,Journal Article; Review,prediabetes_progression,PubMed
42716862,One-year progression from prediabetes to type 2 diabetes in a Turkish primary-care cohort: a prospective study.,"AIMS: To estimate one-year progression to type 2 diabetes among adults with prediabetes in primary care and explore associated baseline characteristics. METHODS: Adults with prediabetes identified using FPG, 2-h OGTT glucose and/or HbA1c criteria at a Turkish family health centre were followed for one year. Incident diabetes was defined by repeat-confirmed diabetes-range FPG or HbA1c; the oral glucose tolerance test was not repeated at follow-up, for resource and participant-burden reasons. Progressors and non-progressors were compared using Mann-Whitney U and Fisher's exact tests, without adjustment for multiple comparisons. ROC analyses were exploratory, and the derived cut-offs were neither internally nor externally validated. RESULTS: Among 152 participants (67.8% women; mean age 52.9 ± 12.6 years), 9 (5.9%; 95% CI 2.7-10.9%) progressed to diabetes, while 20 had normal-range FPG and HbA1c and 123 retained prediabetes-range values. Progressors had higher BMI, waist and hip circumference, FPG, HbA1c and 2-h glucose; antidepressant use was also more frequent, although this unadjusted association is likely confounded by indication. All nine incident cases occurred in participants with combined IFG and IGT. In exploratory analyses based on only nine events, higher 2-h glucose showed the strongest apparent separation between progressors and non-progressors. CONCLUSIONS: One-year progression was uncommon but concentrated among participants with combined IFG and IGT. Because only nine events occurred, roughly two dozen baseline factors were compared without adjustment for multiple testing, and the OGTT was not repeated at follow-up, every association reported here is hypothesis-generating and the study-derived thresholds are exploratory and unvalidated; neither should be used to guide clinical decisions until confirmed in larger, independent cohorts.",Primary care diabetes,2026,10.1016/j.pcd.2026.09.001,,Journal Article,prediabetes_progression,PubMed
42711998,Evidence-based ranking of diabetes prevention in prediabetes: A comprehensive network meta-analysis of 378 randomised controlled trials.,"BACKGROUND: Ten percent of the global population presents impaired glucose tolerance. Although numerous interventions have been investigated to prevent type 2 diabetes (T2D), their comparative effectiveness remains uncertain. In this study, we assessed and ranked current pharmacological and non-pharmacological interventions for preventing diabetes in individuals with prediabetes. METHODS: The study protocol was registered on PROSPERO (CRD42023473875). Randomised controlled trials (RCTs) reporting on adult patients with prediabetes undergoing any intervention addressing dysglycaemia were eligible. Our systematic search was conducted from database inception to 19 December 2025 in three databases (MEDLINE, Embase and Cochrane Library [CENTRAL]). Network meta-analysis was performed using the random-effect frequentist method. Our primary outcomes were the incidence of T2D, haemoglobin A1c (HbA1c), fasting plasma glucose (FPG) and 2-h glucose after the glucose oral tolerance test (2hPG) expressed as relative risk (RR) and mean difference (MD), respectively, with the corresponding 95% confidence intervals (CIs). RESULTS: We included 378 RCTs comprising 113 122 patients. The highest risk reduction for T2D when compared with control was obtained with dual incretin-based therapy (glucagon-like peptide 1 [GLP-1] and gastric inhibitory polypeptide (GIP) receptor agonists [GLP-1 + GIP RAs]) (RR = .1, CI [.05;  .21]), with GLP-1 receptor agonists (GLP-1 RAs) ranking second (RR = .26, CI [.19;  .4]) followed closely by metformin plus intensive lifestyle intervention (ILI) (RR = .27, CI [.12;  .64]). Only curcumin (MD = -.49, CI [-.70; -.28]), dual GLP-1 + GIP RA (MD = -.46, CI [-.63; -.29]), single GLP-1 RA (MD = -.41, CI [-.50; -.31]) and physical activity (MD = -.35, CI [-.48; -.23]) achieved >.3% HbA1c reductions after 1 year. Sulphonylureas and physical activity were most effective for the 1-year FPG decrease, while the greatest 2hPG reduction was obtained with zinc supplementation and sulphonylureas. CONCLUSION: Incretin-based therapies, particularly dual GLP-1 + GIP RA and single GLP-1 RA, followed by metformin together with ILI, are the most effective interventions to prevent T2D in patients with prediabetes.",Clinical and translational medicine,2026,10.1002/ctm2.70829,PMC13554713,Journal Article; Network Meta-Analysis,prediabetes_progression,PubMed
42798566,The association between maternal diabetes and the risk of epilepsy in offspring: a systematic review and meta-analysis.,"BACKGROUND: Epilepsy is among the most prevalent neurological disorders in children, with nearly half of all cases remaining idiopathic. The global prevalence of maternal diabetes-encompassing both pregestational types (type 1 diabetes mellitus (T1DM) and type 2 diabetes mellitus (T2DM)) and gestational diabetes mellitus (GDM)-has been steadily increasing, raising growing concerns regarding its impact on offspring neurodevelopment. While accumulating evidence suggests that maternal diabetes is associated with an elevated risk of various neurodevelopmental disorders in children, its specific relationship with the risk of epilepsy remains unclear, with available data being both limited and conflicting. To address this gap, we conducted a meta-analysis to comprehensively evaluate the association between distinct types of maternal diabetes (pregestational and gestational) and the subsequent risk of epilepsy in offspring. METHODS: We systematically searched the PubMed, Embase, Web of Science, and the Cochrane Library for observational studies examining the association between maternal diabetes and offspring epilepsy risk, covering the period from database inception to July 2026. Two independent reviewers performed literature screening, data extraction, and risk-of-bias assessment. Statistical analyses were performed using Stata version 14.0. RESULTS: A total of three studies, encompassing 5,287,837 participants, met the inclusion criteria. Pregestational diabetes-both T1DM and T2DM-was significantly associated with an increased risk of epilepsy in offspring (T1DM: HR = 1.33, 95% CI [1.17, 1.52], P < 0.001; T2DM: HR = 1.38, 95% CI [1.25, 1.51], P < 0.001). Nevertheless, owing to the observational design of the included studies, these associations should not be interpreted as causal. Regarding GDM, the pooled estimate did not reach conventional statistical significance (HR = 1.04, 95% CI [0.93, 1.16], P = 0.469). Furthermore, sensitivity analyses revealed that this null finding lacked robustness, with the pooled estimate being substantially influenced by individual studies. Consequently, the current evidence is insufficient to either support or refute a conclusive association between GDM and offspring epilepsy, and any positive findings must be interpreted with considerable caution. CONCLUSIONS: This meta-analysis suggests that pregestational T1DM and T2DM may increase the risk of epilepsy in offspring. In contrast, for GDM, the available analytical evidence remains inconclusive and displays notable between-study heterogeneity; although the summary effect was not statistically significant, it proved highly unstable under sensitivity testing. Given the limited number of included studies and the inability to fully exclude residual confounding, the above findings-particularly those pertaining to GDM-should be regarded as exploratory rather than definitive causal inferences. Interpretation of these results warrants prudence. Future large-scale, high-quality prospective cohort studies are urgently needed to validate these observations, with special emphasis on stringent glycemic management in pregnant women with diabetes and long-term neurodevelopmental surveillance of their offspring. SYSTEMATIC REVIEW REGISTRATION: https://www.crd.york.ac.uk/PROSPERO/view/CRD420261465624, identifier CRD420261465624.",Frontiers in endocrinology,2026,10.3389/fendo.2026.1960502,PMC13612357,Journal Article; Systematic Review; Meta-Analysis,screening,PubMed
42798559,Pooled prevalence of anxiety and depressive symptoms among adults with type 2 diabetes: a systematic review and meta-analysis.,"PURPOSE: Anxiety and depressive symptoms are highly prevalent among individuals with type 2 diabetes mellitus (T2DM), yet they remain underdiagnosed despite their substantial impact on health outcomes. In addition to impairing treatment adherence, these conditions may contribute to the development of chronic complications, reduce quality of life, and, in severe cases, increase mortality. Therefore, this review aims to estimate the pooled prevalence of anxiety symptoms and depressive symptoms among adults with T2DM and to explore potential sources of between-study heterogeneity, including assessment instruments and cut-off points. METHODS: PubMed, Embase, PsycINFO, Scopus, and Web of Science were searched from inception to July 6, 2026. After screening 6,948 records according to PRISMA 2020, 34 cross-sectional studies involving 21,024 participants were included. We considered observational studies involving adults with T2DM that reported the prevalence of anxiety symptoms or depressive symptoms assessed using validated screening instruments or diagnostic criteria. Two reviewers independently screened the records, extracted the data, and assessed the risk of bias. Separate random-effects meta-analyses were conducted for anxiety symptoms and depressive symptoms. RESULTS: Thirty-four cross-sectional studies involving 21,024 participants were included. The pooled prevalence was 43.82% for anxiety symptoms (95% CI 36.86-50.90; [Formula: see text]) and 41.83% for depressive symptoms (95% CI 33.83-50.06; [Formula: see text]). Estimates varied substantially across assessment instruments and cut-off points. Several studies reported associations with sex, glycemic control, and social support; however, differences in the definitions, measurements, and analytical methods prevented quantitative pooling of these factors. CONCLUSION: Anxiety and depressive symptoms were frequently reported among adults with T2DM. However, the extreme between-study heterogeneity limits the interpretation of the pooled estimates, which should be understood as summary measures across diverse study populations rather than universal prevalence estimates. These findings should not be interpreted as estimates of clinically diagnosed anxiety or depressive disorders. SUPPLEMENTARY INFORMATION: The online version contains supplementary material available at https://doi.org/10.1007/s40200-026-02079-z.",Journal of diabetes and metabolic disorders,2026,10.1007/s40200-026-02079-z,PMC13612785,Journal Article; Review,screening,PubMed
42798458,Repurposing a prostate tumor marker: elevated FPSA/TPSA ratio as a novel non-invasive biomarker for declining eGFR in male type 2 diabetes.,"BACKGROUND: Diabetic kidney disease (DKD) lacks accessible, cost-effective biomarkers for early screening. Given the distinct clearance pathways of free prostate-specific antigen (FPSA, renally excreted) and total prostate-specific antigen (TPSA, hepatically metabolized), this study investigated the association between serum FPSA/TPSA ratio and estimated glomerular filtration rate (eGFR) in male patients with type 2 diabetes mellitus (T2DM). METHODS: In this real-world cross-sectional study, 4,487 male patients with T2DM were retrospectively enrolled. eGFR was determined using the Kidney Disease: Improving Global Outcomes (KDIGO)-recommended Chronic Kidney Disease Epidemiology Collaboration (CKD-EPI) creatinine-cystatin C (Cr-CysC) equation. Multivariable linear regression and subgroup analyses were conducted to elucidate the independent effect of the FPSA/TPSA ratio on eGFR, with adjustment for age, prostate-specific diseases, and metabolic confounders. RESULTS: Baseline TPSA levels remained stable across renal function stages (median 0.9ng/ml, P = 0.524), minimizing interference from macroscopic prostate pathologies. After adjustment for age and metabolic profiles, the FPSA/TPSA ratio exhibited a robust independent negative association with eGFR (β = -0.2, P < 0.001). This inverse correlation remained consistent across all clinical subgroups (P for interaction > 0.05), with a more pronounced predictive trend among elderly patients (≥ 65 years). Notably, our multivariable models also captured the chronic kidney disease ""lipid paradox"", whereby higher triglyceride levels paradoxically correlated with preserved eGFR (β = 0.51, P = 0.018). CONCLUSION: An elevated serum FPSA/TPSA ratio is a robust, non-invasive indicator of declining eGFR in male patients with T2DM and may improve DKD risk stratification and early clinical warning without additional economic burden.",Frontiers in endocrinology,2026,10.3389/fendo.2026.1905743,PMC13612289,Journal Article,screening,PubMed
42795462,"Toward AI-Driven Detection of Asymptomatic Chronic Conditions from Stool Metagenomics and Dietary Data: A Multimodal Deep Learning Framework for T1DM, T2DM, MOS/PCOS, Cancer, and Autoimmune Disease.","Chronic non-communicable conditions-type 1 and type 2 diabetes mellitus (T1DM, T2DM), metabolic obesity syndrome (MOS), polycystic ovary syndrome (PCOS), colorectal and extra-intestinal cancers, and systemic autoimmune disease-share a prolonged asymptomatic phase during which conventional screening is invasive, insensitive, or resource-intensive. This review synthesizes the 2021-2026 literature on fecal microbiome-based artificial intelligence (AI) diagnostics across these conditions, extracting reported discrimination, validation strategy, microbial and short-chain fatty acid (SCFA) biomarkers, and cross-cohort reproducibility. Across the primary classifier studies tabulated here, reported areas under the curve (AUCs) span 0.76-0.99 under internal validation but 0.69-0.91 under external or cross-population validation; in the four studies reporting both, the median AUC falls from 0.875 to 0.810. Verified external-validation values include 0.82 for colorectal cancer, 0.79 for T2DM and 0.792 for discrimination of systemic lupus erythematosus from rheumatoid arthritis and controls. Clinical readiness turns on this internal-to-external gap more than on the headline AUC. We propose a multimodal deep learning architecture coupled with explainable AI; no component has been implemented or evaluated on data, and it is presented as a design proposal. Fecal-microbiome-based multimodal AI is technically feasible but clinically unvalidated, pending prospective, harmonized cross-cohort trials.",Microorganisms,2026,10.3390/microorganisms14091880,PMC13609121,Journal Article; Review,screening,PubMed
42794786,CRISPR Technologies in Type 2 Diabetes: From Mechanistic Insights to Therapeutic Discovery.,"Type 2 diabetes (T2D) is a complex metabolic disorder driven by the interplay of genetic susceptibility, β-cell dysfunction, and insulin resistance. Although genome-wide association studies (GWAS) have identified numerous T2D risk loci, translating these genetic findings into biological mechanisms and therapeutic strategies remains challenging. The emergence of CRISPR (Clustered Regularly Interspaced Short Palindromic Repeats)-based technologies has provided powerful tools for precise genome manipulation and functional interrogation of disease-associated genes and genetic variations. This review summarizes the development of CRISPR technologies and highlights their applications in T2D research. We review the application of CRISPR technologies in T2D genetic factor analysis and high-throughput phenotypic screening, with a focus on three key areas: glucose metabolism, lipid metabolism, and pancreatic functionality. We further examine the role of CRISPR in therapeutics that target pancreatic β-cells via gene correction, stress protection, and epigenetic reprogramming. Finally, we briefly discuss the major challenges encountered in the applications of CRISPR technology, including delivery efficiency, off-target effects, safety concerns and ethical considerations.",International journal of molecular sciences,2026,10.3390/ijms27188360,PMC13607165,Journal Article; Review,screening,PubMed
42789757,Alcohol use disorder and cardiovascular risk in type 2 diabetes: beyond alcohol consumption.,"AIMS: Alcohol use disorder (AUD) is a chronic neuropsychiatric condition associated with clustering cardiovascular risk factors, yet its independent contribution to incident cardiovascular disease in type 2 diabetes (T2D) remains incompletely defined. METHODS AND RESULTS: Using the Korean National Health Insurance Service database, we identified 364 950 adults with T2D (AUD, n = 4888 [1.34%]; non-AUD, n = 360 062 [98.66%]) who underwent national health screening in 2012. Incident major adverse cardiovascular events (MACE), defined as a composite of myocardial infarction, ischaemic stroke, and cardiovascular death, were ascertained over a median follow-up of 10.2 years. Associations were evaluated using multivariable Cox proportional hazards models. AUD was independently associated with a higher risk of incident MACE (hazard ratio [HR] 1.70; 95% confidence interval [CI], 1.59-1.82), with the strongest association for cardiovascular death (HR 2.37; 95% CI, 2.06-2.72 Among individuals without AUD, a J-shaped association between alcohol consumption and MACE was observed. In contrast, among those with AUD, cardiovascular risk remained elevated across all levels of alcohol intake (all P < 0.001), including among low-risk drinkers (HR 1.44; 95% CI, 1.30-1.61). The association was most pronounced in middle-aged adults (40-64 years; HR 1.89; 95% CI, 1.75-2.05). CONCLUSION: In adults with T2D, AUD was associated with increased risk of incident MACE, even after adjustment for self-reported alcohol consumption volume. These findings suggest that assessment of disordered drinking may complement volume-based alcohol evaluation in cardiovascular risk stratification, although prospective studies are needed to confirm its clinical utility.",European journal of preventive cardiology,2026,10.1093/eurjpc/zwag455,,Journal Article,screening,PubMed
42787001,"Ethnic differences in the patterns, incidence and prevalence of multiple long-term conditions: a systematic review protocol.","BACKGROUND: Multiple long-term conditions (MLTC) or multimorbidity is increasing among populations worldwide in the last decades. Less is known about the prevalence, incidence, socio-demographic patterning and combinations of long-term conditions among different ethnic groups globally. This systematic review protocol plans to review the current literature to understand the incidence, patterns, prevalence, and impact of MLTC in different ethnic populations. METHODS: This systematic review will include quantitative studies (cohort studies, cross-sectional, case-control, and baseline data from Randomised Control Trials) reporting on MLTC among adults across different ethnic groups in all settings (primary care, community or hospital). The following databases will be searched: Ovid MEDLINE, EMBASE, PsycINFO, CINAHL, ASSIA and COCHRANE CENTRAL using a combination of search terms including MLTC or multimorbidity and ethnicity. The exposure of interest is ethnicity, and included studies will report on at least one of these outcomes by ethnicity or a proxy of it: 1. prevalence and incidence of MLTC; 2. MLTC types (combinations or patterns of conditions including physical-only, mental and physical and complex multimorbidity, which is three or more (3+) chronic conditions across 3+ body system), and 3. health related outcomes (healthcare utilisation and mortality). Two reviewers will screen potential articles by titles/abstracts and full texts independently. A synthesis without meta-analysis approach to comprehensively summarise the key attributes and findings reported from each included study will be employed initially. Meta-analysis will be conducted where data allow, to estimate the risk of MLTC in minority ethnic groups vs majority ethnicity. DISCUSSION: Some studies suggest people from ethnic minority backgrounds have a greater burden of MLTC, yet they are usually underserved in health research. Synthesising primary studies that focus on MLTC and ethnicity in this review will provide a global overview of prevalence or incidence data and their reported health outcomes among diverse ethnic populations.",Wellcome open research,2026,10.12688/wellcomeopenres.25227.2,PMC13598395,Journal Article,screening,PubMed
42784439,Factors Associated With Falls Among the Elderly With Type 2 Diabetes in Urban Shanghai: A Cross-Sectional Study.,"AIM: This study is aimed at identifying the factors associated with falls among community-dwelling elderly individuals with Type 2 diabetes mellitus (T2DM) in urban Shanghai, China. METHODS: The study analyzed data from 842 diabetic patients aged 60 years or older. Information about associated factors and main outcome measures was collected using structured questionnaires. Chi-square tests and binary logistic regression were used to identify factors associated with falls. RESULTS: Among the participants, 239 (28.4%) experienced at least one fall and 41 (17.2%) of these fallers had recurrent falls in the past 1 year. Univariate analysis identified a range of potential factors for falls, including physical impairments (e.g., dizziness, fatigue, unsteadiness), psychological factors (e.g., depression, activity restriction due to fear of falling), and adverse lifestyle factors (e.g., inactivity, poor sleep, frequent nocturia) (p < 0.05). Logistic regression analysis revealed that balance test score (OR = 1.687, 95% CI: 1.162-2.447, p = 0.006), PHQ-9 depression category (OR = 1.663, 95% CI: 1.028-2.691, p = 0.038) and activity restriction due to fear of falling (OR = 2.503, 95% CI: 1.752-3.575, p < 0.001) were independently associated with falls. For recurrent falls, activity restriction due to fear of falling remained significantly associated across models (OR range: 2.045-2.165, p < 0.05). CONCLUSION: Falls were common among elderly diabetic residents in urban Shanghai, and multiple factors were identified as potential correlates. Our findings support the use of multidomain screening to identify high-risk individuals for falls and to inform targeted assessment approaches, warranting further prospective investigations.",Journal of diabetes research,2026,10.1155/jdr/8624656,PMC13606027,Journal Article,screening,PubMed
42783419,Lifestyle and Psychosocial Determinants of Type 2 Diabetes Risk Across Adulthood: The Role of Burnout in a Large Occupational Cohort.,"BACKGROUND: Lifestyle behaviors and psychosocial factors are key determinants of cardiometabolic health across the life course. Beyond traditional risk factors, emerging evidence suggests that chronic stress and burnout may influence metabolic risk through behavioral pathways such as physical inactivity and poor diet. However, their joint contribution to type 2 diabetes risk in working populations remains insufficiently understood. OBJECTIVES: Our objectives were to examine the joint contribution of lifestyle habits, sociodemographic factors, and burnout to type 2 diabetes risk, and to explore potential behavioral pathways linking psychosocial stress to metabolic risk in a large adult population. METHODS: A cross-sectional study was conducted in 92,480 Spanish workers undergoing routine occupational health assessments between 2021 and 2023. Type 2 diabetes risk was assessed using validated tools (FINDRISC, QDScore, CANRISK). Lifestyle indicators included adherence to the Mediterranean diet and physical activity levels; burnout was assessed using the Burnout Assessment Tool (BAT). Multivariable logistic regression models were used to evaluate associations between determinants and diabetes risk. Mediation analyses were performed to assess the contribution of lifestyle behaviors to the association between burnout and diabetes risk, and predictive performance analyses evaluated the incremental value of burnout. RESULTS: Burnout was independently associated with a higher probability of moderate-to-high diabetes risk across all screening tools. Exploratory cross-sectional mediation analyses indicated that lifestyle behaviors, particularly physical inactivity and low adherence to the Mediterranean diet, statistically accounted for approximately 45% of the observed association. Adding burnout to the models significantly improved discrimination and reclassification of moderate-to-high diabetes-risk classification. In addition, higher diabetes risk was consistently observed among individuals from lower socioeconomic groups and those with unhealthy lifestyle profiles. CONCLUSIONS: Lifestyle behaviors and psychosocial stress were associated with estimated diabetes risk across adulthood. Burnout was independently associated with a higher probability of moderate-to-high diabetes-risk classification, with exploratory analyses suggesting that lifestyle behaviors may statistically account for part of this association. These cross-sectional findings highlight the potential relevance of considering both behavioral and psychosocial factors when studying cardiometabolic risk in working populations, while prospective studies are needed to establish temporal and causal relationships.","Medical sciences (Basel, Switzerland)",2026,10.3390/medsci14050546,PMC13609176,Journal Article,screening,PubMed
42783225,Demographic Vulnerability and Mental Health in Older Adults with Type 2 Diabetes: A Lifespan-Informed Analysis of Diabetes Distress.,"BACKGROUND: Diabetes distress is a key mental health dimension of type 2 diabetes (T2D) and a growing concern as populations age, yet its determinants in older adults remain insufficiently characterized. The independent contributions of demographic and metabolic factors to severe distress and their implications for multidisciplinary screening across the lifespan remain unclear. METHODS: In this cross-sectional study, we assessed 453 adults with T2D using the 17-item Diabetes Distress Scale (DDS-17). We categorized participants as experiencing low (<2), moderate (2-2.9), or severe (≥3) distress. We compared categories using the Kruskal-Wallis H test and chi-square tests. Logistic regression models were constructed with severe distress (DDS ≥ 3) as the outcome, adjusting for sex, educational level, and HbA1c. RESULTS: Severe distress was identified in 19 participants (4.2%). Age differed significantly across DDS categories (Kruskal-Wallis H test, p = 0.003), with the severe group being significantly older (72.95 ± 4.38 years). Emotional burden was the dominant subscale across all groups. In multivariable logistic regression, increasing age (aOR = 1.163 per year; 95% CI: 1.055-1.282; p = 0.002) and lower educational level (high school vs. basic: aOR = 0.187; p = 0.020) were independently associated with severe distress, whereas metabolic variables were not independently associated with severe distress. ROC analysis identified age ≥ 70 years as an exploratory, sample-derived cut-off (AUC = 0.726, 95% CI 0.602-0.827; sensitivity 84%, specificity 55%). Results were robust in sensitivity analyses that excluded patients with diabetes duration < 5 years. CONCLUSIONS: Severe diabetes distress is more strongly associated with demographic vulnerability than with metabolic burden. Age ≥ 70 years and lower educational attainment may help identify older adults at increased risk of diabetes-related distress, supporting targeted psychological screening strategies in this lifespan stage.","Diseases (Basel, Switzerland)",2026,10.3390/diseases14090332,PMC13605092,Journal Article,screening,PubMed
42774416,Sarcopenia and diabetes in older adults in the decade of healthy aging: A comprehensive review.,"The incidence and prevalence of metabolic diseases like type 2 diabetes mellitus increases with age due to increase in insulin resistance and changes in body composition. With advancements in the management of diabetes and its complications, life expectancy of diabetic patients has increased, leading to an increase in number of older people. Sarcopenia refers to progressive and generalized loss of muscle mass with reduced muscle performance and strength, integral to the aging process. Sarcopenia is both a risk factor for and a complication of type 2 diabetes mellitus. Sarcopenia can be assessed by measuring muscle mass, strength, and muscle function. The clinical relevance of sarcopenia is more among aging population as it is associated with reduced mobility, increased incidence of falls and fractures, dependence, functional disability, cognitive impairment, depression, and mortality. It is of paramount importance to screen the older diabetic population for the presence of sarcopenia and implement appropriate therapeutical strategies focusing on adequate nutrition intake and regular physical activity.","Medical journal, Armed Forces India",2026,10.1016/j.mjafi.2025.06.013,PMC13594493,Journal Article; Review,screening,PubMed
42774103,"Comparative screening performance and multicenter validation of novel inflammatory biomarkers (NLR, SII, and CAR) for risk stratification of diabetic foot ulcer in patients with type 2 diabetes mellitus.","OBJECTIVE: To compare the screening performance of the neutrophil-to-lymphocyte ratio (NLR), systemic immune-inflammation index (SII), and C-reactive protein-to-albumin ratio (CAR) for risk stratification of diabetic foot ulcer (DFU) in patients with type 2 diabetes mellitus (T2DM), and to develop an integrated risk screening model with clinically applicable cutoff values. METHODS: This multicenter retrospective cross-sectional study included hospitalized patients with T2DM from Dujiangyan People's Hospital and Chongqing University Fuling Hospital between January 2024 and December 2025. Demographic characteristics, clinical variables, and laboratory parameters were collected, and NLR, SII, and CAR were calculated. Univariate and multivariate logistic regression analyses were performed to identify risk factors associated with DFU, and these results were combined with random forest analysis for variable selection. Four risk screening models were subsequently constructed. Model discrimination was evaluated using receiver operating characteristic (ROC) curves, area under the curve (AUC), and DeLong's test. Optimal cutoff values were determined using the Youden index. Model stability was assessed using bootstrap resampling (1000 iterations). Calibration performance was evaluated using the Hosmer-Lemeshow test and calibration curves, while clinical utility was assessed by decision curve analysis (DCA). A prespecified sensitivity analysis excluding patients with moderate-to-severe DFU infection was performed. The Fuling cohort served as an independent external validation cohort, with the development-derived threshold fixed and applied without recalibration. RESULTS: A total of 962 patients from the Dujiangyan cohort (161 with DFU, 16.7%) and 600 patients from the Fuling cohort (204 with DFU, 34.0%) were included. Multivariate logistic regression analysis demonstrated that CAR was significantly associated with DFU in both cohorts [Dujiangyan cohort: odds ratio (OR) per 0.1-unit increase = 1.029, 95% confidence interval (CI): 1.017-1.041, P < 0.001; Fuling cohort: OR = 1.013, 95% CI: 1.001-1.025, P = 0.031]. The integrated risk model (Model 4) achieved an AUC of 0.84 (95% CI: 0.80-0.87) in internal validation, with a bias-corrected C-index of 0.83 (95% CI: 0.80-0.87) and good calibration (Hosmer-Lemeshow P = 0.866). In the external validation cohort, Model 4 achieved an AUC of 0.61 (95% CI: 0.56-0.66) using the fixed development-derived threshold (0.136). However, a prespecified sensitivity analysis excluding patients with moderate-to-severe DFU infection substantially attenuated the CAR association in both cohorts, indicating that CAR's performance is largely driven by acute infection-related inflammation. CONCLUSION: CAR is independently associated with prevalent DFU in hospitalized patients with T2DM, but its association is largely driven by acute infection-related inflammation. The integrated risk model demonstrated good internal discrimination and modest external performance, and may assist in cross-sectional risk stratification for hospitalized patients; however, local recalibration is recommended before clinical deployment, and prospective studies in non-infected populations are needed before broader implementation.",Frontiers in medicine,2026,10.3389/fmed.2026.1890603,PMC13593486,Journal Article,screening,PubMed
42772751,Assessment of Cardiorespiratory Fitness in Individuals With Type 2 Diabetes Mellitus: Protocol for a Systematic Review and Meta-Analysis.,"BACKGROUND: Reduced cardiorespiratory fitness (CRF) is a well-recognized but underaddressed complication of type 2 diabetes mellitus (T2DM), contributing substantially to cardiovascular morbidity, mortality, and reduced quality of life. Evidence related to pulmonary function, functional exercise capacity, and autonomic dysfunction in T2DM remains fragmented and methodologically heterogeneous. OBJECTIVE: This protocol describes a systematic review and meta-analysis that aims to synthesize evidence on CRF in adults with T2DM, evaluate associated clinical and demographic determinants, and examine relationships with glycemic control and diabetes-related outcomes. METHODS: The protocol is registered with PROSPERO (CRD420251009300) and follows PRISMA-P (Preferred Reporting Items for Systematic Review and Meta-Analyses Protocols) guidelines. A comprehensive search of PubMed, Cochrane Library, Web of Science, ClinicalTrials.gov, World Health Organization's International Clinical Trials Registry Platform, and gray literature will be conducted for studies published between 2013 and 2024. Randomized controlled trials, cohort studies, and cross-sectional and case-control studies involving adults with T2DM will be included. Primary outcomes include pulmonary function test parameters, 6-minute walk test distance, and heart rate variability indexes. Two reviewers will independently screen studies, extract data, and assess risk of bias using the Revised Cochrane Risk-of-Bias Tool for Randomized Trials (RoB 2), Newcastle-Ottawa Scale, and the JBI critical appraisal tools, as appropriate. Meta-analyses will be performed using random-effects models when sufficient homogeneity exists. The GRADE (Grading of Recommendations Assessment, Development and Evaluation) framework will be used to assess certainty of evidence. RESULTS: The study was approved by the Doctoral Research Committee on December 19, 2024, and the Standing Scrutiny Committee and Institutional Ethical Committee on October 1, 2025. Data collection began after approval in December 2024, and the meta-analysis was completed in April 2026. The results of the meta-analysis will be published in August 2026. CONCLUSIONS: The findings will support evidence-based clinical assessment and guide future research on integrative cardiopulmonary and autonomic evaluation in T2DM. TRIAL REGISTRATION: PROSPERO CRD420251009300; https://www.crd.york.ac.uk/PROSPERO/view/CRD420251009300. INTERNATIONAL REGISTERED REPORT IDENTIFIER (IRRID): DERR1-10.2196/91185.",JMIR research protocols,2026,10.2196/91185,,Journal Article,screening,PubMed
42767624,Lipoedema and Obesity Misclassification: A Phenotype Based Approach to Cardiometabolic Risk Beyond Body Mass Index.,"Lipoedema is a painful adipose tissue disorder marked by disproportionate limb fat and often misclassified as generalized obesity or lymphoedema. This review examines its metabolic phenotype and implications for cardiometabolic assessment and management. PubMed/MEDLINE was searched from inception through May 2026 for studies on lipoedema, obesity, body composition, metabolic risk, insulin resistance, diabetes, lifestyle interventions, pharmacotherapy and liposuction. Relevant clinical, mechanistic, review and consensus literature was narratively synthesized. Evidence is limited and heterogeneous, consisting mainly of observational cohorts, referral-centre series, mechanistic studies and consensus guidance, predominantly involving women. Some studies report fewer metabolic abnormalities in women with lipoedema than in women with BMI-matched lifestyle-related overweight or obesity. These findings do not establish metabolic protection and may reflect differences in central adiposity, disease stage, diagnostic criteria, body composition, inflammation or referral patterns. Obesity and glucose-lowering therapies, including glucagon-like peptide-1 receptor agonists, remain appropriate for established indications, but direct modification of lipoedema has not been demonstrated. Cardiometabolic risk in lipoedema should be assessed using a phenotype-based approach that distinguishes painful limb adiposity from central and ectopic fat while considering age, sex, menopausal status and established risk factors. BMI should be interpreted with waist measures, metabolic screening, body composition and muscle mass when relevant. Prospective studies using standardized diagnostic criteria, direct measures of insulin sensitivity, detailed body composition and clinically meaningful outcomes are needed to clarify long-term risk and distinguish lipoedema biology from coexisting central obesity.",Clinical obesity,2026,10.1111/cob.70115,PMC13593362,Journal Article; Review,screening,PubMed
42764545,Dolutegravir Is Associated With Lower Odds of Gestational Diabetes Compared to Other Antiretroviral Therapy Regimens Among Pregnant Women in India: A Cross-Sectional Analysis.,"INTRODUCTION: In non-pregnant adults living with HIV, dolutegravir is associated with weight gain and increased type 2 diabetes risk. In pregnancy, data on the effect of dolutegravir on gestational diabetes (GDM) risk is inconclusive. Data are particularly limited in Asian populations, where diabetes risk is especially high and not always associated with weight gain. We examined the association of dolutegravir with GDM among women living with HIV in India. METHODS: We combined data from two cohorts of pregnant women living with HIV conducted at BJ Government Medical College in Pune, India-the PRACHITi study (2016-2019) and the PRAGATHi study (2023-present). Women were screened for GDM with the fasting 2-h 75 g oral glucose tolerance test and diagnosed by World Health Organization criteria. Demographics, anthropometrics, antiretroviral therapy (ART), CD4 count and HIV viral load were collected at screening. Multivariate logistic regression was used to determine the association between current dolutegravir use and GDM. RESULTS: Of 254 women living with HIV, 99.2% (n = 252) were on ART, of whom 66.3% (n = 167) were on dolutegravir-, 22.6% (n = 57) were on efavirenz- and 6.3% (n = 16) were on protease inhibitor (PI)-based ART. Overall, median CD4 count was 549.5 cells/mm3 (IQR 401-753), and 82.2% (n = 198) had undetectable viral load. Median body-mass index (BMI) was 21.3 kg/m2 (IQR 19.4-23.8). The prevalence of GDM was 11.8% (N = 30). Among women on dolutegravir-based ART, the prevalence was 10.8% (N = 18); among women on efavirenz-based ART, the prevalence was 12.3% (N = 7), and the prevalence was 25% (N = 4) among women on PI-based ART. Compared to women not taking dolutegravir, women taking dolutegravir had similar age and BMI but greater weight gain from the second to the third trimester (3.7 vs. 2.9 kg, p <0.01) and infant birthweight percentile (14.2 vs. 6.9, p <0.01). On multivariate logistic regression, dolutegravir use was associated with lower odds of GDM than other ART (aOR 0.2, 95% CI 0.1-1.0) irrespective of viral load and time on ART. Older age (aOR 1.1, 95% CI 1.1-1.2) and second-trimester BMI (aOR 1.2 per kg/m2, 95% CI 1.1-1.3) were also associated with GDM. CONCLUSIONS: Women on dolutegravir had lower odds of GDM compared to women taking other ART, despite greater weight gain. Ongoing studies are investigating the possible anti-inflammatory mechanisms.",Journal of the International AIDS Society,2026,10.1002/jia2.70200,PMC13591013,Journal Article,screening,PubMed
42763671,Metabolic Predictors and Diagnostic Performance of Fundus Autofluorescence for Diabetic Macular Edema: A Cross-Sectional Diagnostic Accuracy Study Using Swept-Source Optical Coherence Tomography as Reference Standard.,"PURPOSE: To evaluate the diagnostic performance of fundus autofluorescence (FAF) imaging for detecting diabetic macular edema (DME) using swept-source optical coherence tomography (SS-OCT) as the reference standard, and to identify metabolic factors associated with FAF detection accuracy in patients with type 2 diabetes mellitus. PATIENTS AND METHODS: This cross-sectional diagnostic accuracy study enrolled 120 eyes from 68 patients with type 2 diabetes mellitus at the Vitreoretina Subdivision, Department of Ophthalmology, RSUP Dr. Mohammad Hoesin, Palembang, Indonesia, between January 2024 and June 2025. All participants underwent comprehensive ophthalmic examination including FAF imaging and en face SS-OCT (DRI OCT Triton Plus, Topcon). Metabolic parameters including glycated hemoglobin (HbA1c), fasting lipid profile, body mass index (BMI), estimated glomerular filtration rate (eGFR), and diabetes duration were recorded. Diagnostic accuracy indices were calculated using 2×2 contingency tables. Multivariate logistic regression identified metabolic predictors of FAF detection concordance with SS-OCT. RESULTS: DME was present in 78 eyes (65.0%) by SS-OCT. FAF demonstrated sensitivity of 73.1% (95% CI: 61.8-82.5%), specificity of 76.2% (95% CI: 61.5-87.2%), positive predictive value of 85.1%, negative predictive value of 60.4%, positive likelihood ratio of 3.07, negative likelihood ratio of 0.35, and diagnostic odds ratio of 8.68. HbA1c ≥8.5% (OR 3.42, 95% CI: 1.28-9.14, p=0.014), diabetes duration ≥10 years (OR 2.87, 95% CI: 1.15-7.16, p=0.024), and BMI ≥30 kg/m2 (OR 2.31, 95% CI: 0.94-5.68, p=0.068) were independently associated with FAF-OCT concordance. Center-involved DME showed higher FAF sensitivity (82.4%) compared to non-center-involved DME (55.6%, p=0.012). CONCLUSION: FAF imaging demonstrates moderate diagnostic accuracy for DME detection, with performance significantly influenced by metabolic status and DME subtype. Integration of metabolic risk stratification may optimize FAF-based screening in diabetic populations.","Diabetes, metabolic syndrome and obesity : targets and therapy",2026,10.2147/DMSO.S626077,PMC13589541,Journal Article,screening,PubMed
42758305,Menopause hormone therapy and type 2 diabetes risk and prognosis: systematic review and meta-analyses.,"AIMS/HYPOTHESIS: Menopause hormone therapy (MHT) may have effects on metabolic conditions. This study was conducted to systematically review the literature, to summarise and quantify the effect of MHT on glucose or insulin levels and on new-onset type 2 diabetes among women without type 2 diabetes and to summarise and quantify the effect of MHT on glucose, insulin, lipid and blood pressure levels among women with type 2 diabetes. METHODS: Data from six electronic databases (PubMed, Embase, Cochrane, CINAHL, PsyclNFO and MEDLINE) from inception to 29 July 2025 were searched for randomised controlled trials (RCTs) and cohort studies comparing MHT users with non-users among postmenopausal women or women undergoing the menopausal transition. Eligible studies reported the effects of MHT on glucose metabolism, lipid levels or blood pressure in women with or without type 2 diabetes. The risk of bias in RCTs and cohort studies was assessed with version 2 of the Cochrane risk-of-bias for randomised trials (RoB 2) tool and the Risk of Bias in Non-randomised Studies of Interventions (ROBINS-I) tool, respectively. Certainty of evidence (CoE) was assessed with the Grading of Recommendations Assessment, Development and Evaluation (GRADE) approach. Random-effects models were used to estimate the pooled effects. RESULTS: In total, 49 articles (33 reporting on RCTs and 16 on cohort studies) from 15 countries were identified, involving 1,472,277 participants. The study durations ranged from 1 week to 13.2 years for RCTs and from 6 months to 17 years for cohort studies. Seven of these were assessed as having a low risk of bias. Among women without type 2 diabetes, MHT use was associated with small reductions in fasting insulin (11 studies: N=4262, mean difference [MD] -5.90 pmol/l [95% confidence interval (CI) -8.03, -3.77 pmol/l]; high CoE) and in homeostasis model assessment of insulin resistance score (four studies: N=2883, MD -0.21 [95% CI -0.32, -0.09]; moderate CoE), as well as a lower risk of new-onset type 2 diabetes (14 studies: N=1,450,134, risk ratio 0.83 [95% CI 0.75, 0.92]; very low CoE], compared with non-MHT users. Among women with type 2 diabetes, MHT was associated with small reductions in fasting plasma glucose (16 studies: N=1379, MD -1.07 mmol/l [95% CI -1.86, -0.28 mmol/l]; very low CoE), haemoglobin A1c (17 studies: N=15,720, MD -5.47 mmol/mol [-0.50%] [95% CI -8.32, -2.62 mmol/mol (-0.76, -0.24%)]; very low CoE), cholesterol (15 studies: N=907, MD -0.37 mmol/l [95% CI -0.50, -0.24 mmol/l]; low CoE), low-density lipoprotein cholesterol (16 studies: N=961, MD -0.33 mmol/l [95% CI -0.54, -0.13 mmol/l]; low CoE) and systolic blood pressure (nine studies: N=630, MD -3.43 mmHg (-0.46 kPa) [95% CI -4.88, -1.98 mmHg]; low CoE), compared with non-MHT users. CONCLUSIONS/INTERPRETATION: MHT showed small beneficial associations with glucose metabolism among women with and without type 2 diabetes, while the effect size was generally too small to be clinically significant. Future studies are needed to shed more light on the effect of MHT by initiation age. Study limitations include the predominantly single-reviewer screening and assessment, the high risk of bias of the included studies and restricted geographical representation. REGISTRATION: The study protocol was registered with the International Prospective Register of Systematic Reviews (PROSPERO; CRD420251230387). FUNDING: This work was supported by a National Health and Medical Research Council investigator grant (APP2009577).",Diabetologia,2026,10.1007/s00125-026-06856-6,5898980,Journal Article; Review,screening,PubMed
42758219,Adolescent Obesity: A Stepwise Clinical Approach.,"Adolescent obesity is one of the most pressing pediatric public health challenges of this generation, with a near tripling of prevalence over three decades. Most adolescents with obesity have an exogenous cause, but a small proportion harbor pathological causes that warrant timely recognition. The Indian context is distinctive as complications develop at lower BMI thresholds, low birth weight and a family history of type 2 diabetes are key predictors of metabolic risk, and metabolically healthy obesity is observed in around 40% of obese children. Stepwise evaluation distinguishing exogenous from pathological causes, followed by screening for metabolic and mechanical complications, provides cost-effective assessment. Management combines structured lifestyle change with judicious pharmacotherapy and bariatric surgery in carefully selected adolescents. Prevention strategies anchored in early-life nutrition, physical activity, sleep, and screen-time regulation remain the cornerstone of long-term control.",Indian journal of pediatrics,2026,10.1007/s12098-026-06466-5,4481652,Journal Article; Review,screening,PubMed
42755175,Layered Effects of LDL-C Burden and Variability on Cardiovascular Events and Mortality in Type 2 Diabetes: A Nationwide Cohort Study.,"AIMS: To assess whether threshold-based low-density lipoprotein cholesterol (LDL-C) burden and visit-to-visit variability jointly stratify cardiovascular and mortality risk in adults with Type 2 diabetes (T2DM). MATERIALS AND METHODS: We studied 258 183 Korean adults with T2DM who underwent National Health Insurance Service health screening in 2015-2016. LDL-C burden was defined as the number of measurements ≥ 130 mg/dL across four examinations (0-4), and variability was assessed using average successive variability (Q4 vs. Q1-Q3). Outcomes through 2022 were incident cardiovascular disease (CVD), myocardial infarction (MI), ischemic stroke, cardiovascular mortality, and all-cause mortality. Adjusted hazard ratios (HRs) were estimated using Cox models. RESULTS: During a median 7.14 years, composite CVD occurred in 10 886 participants. Incidence was 6.22 versus 6.62 per 1000 person-years in participants with 0 versus 4 LDL-C elevation episodes; adjusted HRs increased from 1.10 (95% CI 1.04-1.15) to 1.49 (1.39-1.60). The association was stronger for MI (HR 1.66, 1.52-1.82) than for stroke (HR 1.32, 1.20-1.46). High variability modestly increased CVD risk overall (HR 1.09, 1.05-1.14), but in the four-episode group, Q4 had a higher event rate than Q1-Q3 (7.49 vs. 6.47 per 1000 person-years). Cardiovascular mortality risk was elevated only at the highest burden (HR 1.48, 95% CI 1.21-1.81) and increased further with concurrent Q4 variability (HR 2.48, 95% CI 1.53-4.00). All-cause mortality was inversely associated overall, but this pattern was modified by high variability, particularly in younger adults or longer-duration diabetes subgroups. CONCLUSIONS: In T2DM, LDL-C burden and variability jointly identified patients at greater risk, especially for MI and cardiovascular mortality.","Diabetes, obesity & metabolism",2026,10.1111/dom.71356,,Journal Article,screening,PubMed
42800899,Knowledge and Attitudes Regarding Continuous Glucose Monitors as Predictors of Current Use.,"PURPOSE: The purpose of this study was to evaluate the individual influences of knowledge and attitudes about continuous glucose monitors (CGMs) among adults with type 1 or type 2 diabetes. METHODS: Adults diagnosed with type 1 or type 2 diabetes completed an online survey regarding knowledge and attitudes about CGM use. Knowledge was measured using the benefits subscale of the CGM Satisfaction Scale, and attitudes were measured using the hassles subscale. Binomial regression was used to evaluate the individual influence of knowledge and attitudes and their predictive ability for current CGM use. RESULTS: A total of 58 adults participated. Of these, 38 (66%) reported current CGM use, and among current users, 90% reported a diagnosis of type 1 diabetes, and 10% reported a diagnosis of type 2 diabetes. Attitudes regarding CGM were statistically better than knowledge. Current use of a CGM correlated with knowledge and attitudes, and therefore, knowledge and attitudes were entered into binomial logistic regression. The model was statistically significant, explaining 36% of the variance in current CGM use. Participants with better attitudes were more likely to use a CGM, while those with greater knowledge were less likely to do so. CONCLUSIONS: Consistent with the hypothesis, knowledge and attitudes influenced use of CGM differently. Based on these findings, patient education to promote use of CGM should focus on improving attitudes regarding the hassles of CGM as these exert the greatest influence on current use.",The science of diabetes self-management and care,2026,10.1177/26350106261483745,,Journal Article,diagnosis,PubMed
42799518,Diabetic Autonomic Neuropathy Among Patients With Diabetes in Rural Warangal in India: A Cross-Sectional Study.,"Background Diabetic autonomic neuropathy (DAN) is a common but frequently underdiagnosed complication of diabetes mellitus that affects multiple organ systems and contributes to increased morbidity and mortality. Early identification using simple screening tools is essential, particularly in resource-limited primary care settings. However, community-based data on DAN from rural India remain limited. Objectives The objective of this study is to estimate the proportion of screen-positive DAN and identify factors associated with its occurrence among individuals with type 2 diabetes mellitus in rural Warangal, Telangana. Methods A community-based cross-sectional study was conducted among 400 adults aged ≥30 years with previously diagnosed type 2 diabetes mellitus residing in the rural field practice area of Kakatiya Medical College, Warangal, during 2020-2021. Participants were selected through simple random sampling from the Non-Communicable Disease (NCD) register. Data were collected using a pre-tested semi-structured questionnaire. DAN was screened using the validated Composite Autonomic Symptom Score (COMPASS-31), with a score ≥17 indicating DAN. Descriptive statistics, binary logistic regression, and multivariable logistic regression analyses were performed to identify independent predictors. A p-value <0.05 was considered statistically significant. Results The prevalence of diabetic autonomic neuropathy was 21.0% (84/400). On multivariable logistic regression analysis, younger age (≤44 years) (adjusted odds ratio (AOR): 3.10), female sex (AOR: 1.72), illiteracy (AOR: 1.85), unemployment (AOR: 1.67), smoking (AOR: 7.95), alcohol consumption (AOR: 5.21), inadequate daily vegetable intake (AOR: 1.64), physical inactivity (AOR: 1.72), and poor glycaemic control (random blood glucose ≥200 mg/dL; AOR: 6.03) were identified as significant independent factors associated with DAN (p<0.05). Conclusion Approximately one in five individuals with type 2 diabetes in this rural population had DAN. Lifestyle-related factors, poor glycaemic control, and adverse socioeconomic characteristics were independently associated with DAN. Community-based screening using validated symptom-based tools such as COMPASS-31, along with interventions promoting glycaemic control and healthy lifestyle practices, may facilitate early detection and reduce the burden of diabetic complications in rural settings.",Cureus,2026,10.7759/cureus.115194,PMC13614469,Journal Article,diagnosis,PubMed
42799419,Recurrent Euglycemic Diabetic Ketoacidosis Weeks After SGLT2 Inhibitor Cessation: A Case Report.,"Euglycemic diabetic ketoacidosis (EDKA) is a complication of sodium-glucose cotransporter-2 (SGLT2) inhibitors that is being increasingly documented. It is challenging to diagnose, especially in critically ill patients because hyperglycemia is absent or mild. We report the case of a 71-year-old man with type 2 diabetes mellitus previously treated with dapagliflozin, which had been discontinued 2 weeks before presentation, who was admitted for tracheostomy and percutaneous endoscopic gastrostomy (PEG) placement in the context of a neurodegenerative disorder. On postoperative day 2, he was transferred to the intensive care unit (ICU) for aspiration pneumonia complicated by septic shock. He subsequently experienced recurrent episodes of high anion gap metabolic acidosis associated with positive ketonuria and relative euglycemia. The initial episode was interpreted as mixed septic lactic acidosis and SGLT2 inhibitor-associated EDKA, whereas later episodes were more consistent with isolated recurrent EDKA. Management consisted of treatment of the underlying septic shock, and repeated courses of fixed intravenous (IV) insulin infusions to close the anion gap while maintaining euglycemia. This case demonstrates the importance of suspecting EDKA, especially in critically ill patients on SGLT2 inhibitors who present with unexplained high anion gap metabolic acidosis, even when lactic acidosis is present. Early diagnosis and treatment are essential to prevent complications and relapse.",Case reports in endocrinology,2026,10.1155/crie/9610048,PMC13613943,Journal Article,diagnosis,PubMed
42798868,Episodic hypercortisolemia-mediated periods of worsening hyperglycemia in cyclic Cushing syndrome.,"Cyclic Cushing syndrome (CCS) is a rare subtype of Cushing syndrome (CS) characterized by hypercortisolism alternating with periods of physiologic or even low cortisol secretion. Most patients with CCS present with clinical signs of CS; however, in some patients, signs of hypercortisolism may be subtle or even absent. The fluctuating clinical picture and discrepant biochemical findings make CCS difficult to diagnose. We describe a case of a 70-year-old man with well-controlled type 2 diabetes mellitus who experienced recurrent, spontaneous hypercortisolemic episodes resulting in worsening and difficult-to-control hyperglycemia, followed by eucortisolemic phases during which his glycemic control rapidly returned to baseline. Further biochemical evaluation revealed intermittent hypercortisolemia without a clearly identifiable source of an adrenocorticotropic hormone secreting lesion. Data from his continuous glucose monitoring system (CGMS) proved pivotal in detecting the hypercortisolemic phases and tailoring management. After declining bilateral adrenalectomy and opting for a block-and-replace regimen with osilodrostat and hydrocortisone, he was able to anticipate and initiate this treatment based on his CGMS readings, facilitating improved glycemic control during these periods. This case highlights the diagnostic complexity of CCS and the utility of CGMS as both a monitoring tool and treatment guide for CCS in patients with concurrent type 2 diabetes mellitus.",JCEM case reports,2026,10.1210/jcemcr/luag279,PMC13613223,Case Reports; Journal Article,diagnosis,PubMed
42798681,Necrotizing Oesophagitis Associated with Ketoacidosis: A Case Series Exploring the Diagnostic Dilemma of Metabolic Overlap Syndromes.,"BACKGROUND: Necrotizing esophagitis, or acute esophageal necrosis (AEN), is a rare but serious cause of upper gastrointestinal bleeding, typically associated with critical illness. While traditionally linked to hypoperfusion states, its occurrence in metabolic emergencies-particularly where diabetic ketoacidosis (DKA), alcoholic ketoacidosis (AKA), and starvation ketosis overlap-remains underrecognized. MATERIALS AND METHODS: We present a case series of four patients admitted to a rural Indian hospital with upper gastrointestinal bleeding in the setting of severe metabolic derangement, all diagnosed with AEN on upper gastrointestinal endoscopy. RESULTS: Case 1 involved a patient with type 2 diabetes and chronic alcohol use presenting an ""overlap syndrome"" with extreme lactate elevation (11.6 mmol/L), biochemical pancreatitis (lipase 534 IU/L), and normal ultrasound. Case 2 demonstrated ""pseudo-DKA"" with normal glycated hemoglobin (HbA1c) (5.9%) and acute pancreatitis [lipase 1,946 IU/L, computed tomography (CT)-confirmed]. Case 3 represented a ""cytokine tsunami"" with thyroid storm, DKA, and multi-drug resistant (MDR) sepsis culminating in grade D necrotizing esophagitis. Case 4 illustrated ""two hits from the same bottle""-AKA with portal hypertensive gastropathy (PHG). All patients improved with conservative management. No deaths occurred. CONCLUSION: Acute esophageal necrosis should be considered when upper GI bleeding complicates ketoacidosis. The underlying etiology is often multifactorial, requiring clinicians to look beyond simple diagnostic labels. Recognizing distinct clinical patterns-overlap syndromes, pseudo-DKA, cytokine storms, and dual alcohol-related pathologies-may aid in early diagnosis and severity assessment in resource-limited settings.",Euroasian journal of hepato-gastroenterology,2026,10.5005/jp-journals-10018-1507,PMC13612712,Journal Article,diagnosis,PubMed
42798655,Case Report: Unicentric Castleman disease at the superior border of the pancreatic body mimicking a pancreatic neuroendocrine tumor: a case report and literature review.,"Peripancreatic unicentric Castleman disease is rare and may mimic a primary pancreatic neoplasm because it often presents as a well-circumscribed hypervascular mass. We report a 26-year-old woman with type 2 diabetes mellitus in whom an incidentally detected upper abdominal mass was initially considered to arise from the pancreatic body. Computed tomography and magnetic resonance imaging showed a sharply marginated hypervascular lesion with diffusion restriction at the superior border of the pancreatic body, leading to a preoperative suspicion of pancreatic neuroendocrine tumor. Laparoscopic exploration revealed a well-encapsulated mass in the lesser sac closely abutting the superior surface of the pancreas. A clear dissection plane between the lesion and the pancreatic parenchyma allowed complete excision without pancreatic resection or splenectomy. Histopathological examination confirmed hyaline vascular-type unicentric Castleman disease. The postoperative course was uneventful, and no residual or recurrent lesion was detected during 1 year of follow-up; glycemic status also remained stable. This case highlights that close proximity of a hypervascular mass to the pancreas does not necessarily indicate pancreatic origin. Careful multiplanar imaging and direct intraoperative assessment of the lesion-pancreas interface may help determine the appropriate surgical extent and avoid unnecessary pancreatic resection when complete excision is technically feasible.",Frontiers in surgery,2026,10.3389/fsurg.2026.1947071,PMC13612572,Case Reports; Journal Article,diagnosis,PubMed
42798462,Factors associated with sarcopenia in elderly patients with type 2 diabetes mellitus.,"BACKGROUND AND AIMS: Sarcopenia is a common geriatric syndrome that substantially impairs physical function, mobility, and quality of life in older patients with type 2 diabetes mellitus. However, evidence regarding factors associated with sarcopenia in this population remains fragmented and inconsistent, and previous studies have often included mixed-age populations or provided limited quantitative synthesis specifically focused on older adults. Therefore, this systematic review and meta-analysis aimed to comprehensively identify and quantify the associations between clinical factors and sarcopenia in older patients with type 2 diabetes mellitus, thereby providing age-specific evidence for clinical assessment, early identification, and individualized management. METHODS: Relevant studies examining factors associated with sarcopenia in older patients with type 2 diabetes mellitus were systematically searched in six databases: PubMed, Web of Science, Embase, the Cochrane Library, CNKI, and Wanfang Data. The search covered the period from database inception to January 2026. Study characteristics, participant characteristics, potential associated factors, and sarcopenia-related outcomes were extracted. The methodological quality of the included cross-sectional studies was assessed using the AHRQ checklist. Meta-analyses were conducted using Review Manager version 5.3. Continuous variables were pooled using mean differences or standardized mean differences, and dichotomous variables were pooled using odds ratios. Publication bias and small-study effects were assessed using funnel plots and Egger's regression test when at least 10 studies were available for a given outcome. For outcomes with substantial heterogeneity, REML-based 95% prediction intervals and exploratory univariable meta-regression analyses were conducted when sufficient data were available. The certainty of evidence for each pooled outcome was assessed using the GRADE approach. RESULTS: A total of 19 cross-sectional studies involving 4,727 older patients with type 2 diabetes mellitus were included. The included studies were of moderate to high methodological quality, with no low-quality studies identified. Sarcopenia was diagnosed using different criteria, including the Asian Working Group for Sarcopenia 2014 criteria, the AWGS 2019 criteria, the European Working Group on Sarcopenia in Older People criteria, and the revised EWGSOP2 criteria. Meta-analysis showed that patients with sarcopenia were significantly older than those without sarcopenia, and had a longer duration of diabetes, higher fasting blood glucose levels, higher HbA1c levels, lower body mass index, and lower hemoglobin levels. No statistically significant associations were observed for male sex, total cholesterol, triglycerides, HDL-C, LDL-C, serum albumin, 25(OH)D, hypertension, smoking exposure, insulin therapy, or coronary/ischemic heart disease. Although sensitivity analyses generally supported the directional stability of the main findings, substantial heterogeneity remained for several outcomes, and all REML-based 95% prediction intervals crossed the null value. Exploratory meta-regression identified geographic region as a significant moderator only for HbA1c. Egger's tests did not indicate statistically significant small-study effects for outcomes with sufficient studies. The certainty of evidence was rated as low for HDL-C, hypertension, and insulin therapy and as very low for all other pooled outcomes, primarily because of the cross-sectional study design, substantial inconsistency, and imprecision. CONCLUSION: In conclusion, older age, lower BMI, longer diabetes duration, higher fasting blood glucose, higher HbA1c, and lower hemoglobin levels were associated with sarcopenia in older patients with type 2 diabetes mellitus. However, the certainty of evidence was low to very low, and substantial heterogeneity and prediction intervals crossing the null value indicate that the magnitude and presence of these associations may vary across populations and clinical settings. These findings may heighten clinical suspicion during guideline-based sarcopenia assessment but should not be regarded as evidence of independent prediction, validated screening thresholds, or causality. Future prospective studies with standardized measurements and comprehensive adjustment for confounders are required. SYSTEMATIC REVIEW REGISTRATION: https://www.crd.york.ac.uk/prospero/, identifier CRD420261301123.",Frontiers in endocrinology,2026,10.3389/fendo.2026.1933664,PMC13612276,Journal Article; Systematic Review; Meta-Analysis,diagnosis,PubMed
42798428,Higher visceral fat area is inversely associated with ketosis in Chinese patients with type 2 diabetes mellitus: a cross-sectional study.,"BACKGROUND: The relationship between visceral fat area (VFA) and ketosis remains a subject of debate, with a paucity of research specifically addressing this association in individuals with type 2 diabetes mellitus (T2DM). This research seeks to investigate the connection between VFA and ketosis among Chinese patients diagnosed with T2DM. METHODS: A cross-sectional study was performed, encompassing 1,058 patients with T2DM from real-world clinical environments. Body composition and visceral obesity were assessed through bioelectrical impedance analysis. The clinical characteristics of patients across varying quartiles of VFA were compared, and the relationships between VFA quartiles, visceral obesity, and ketosis were investigated. RESULTS: After adjusting for age, gender and diabetes duration, ketosis prevalence appeared to gradually decrease across ascending VFA quartiles, with rates of 15.5%, 11.5%, 9.1% and 5.3% respectively, presenting a statistically significant trend (P < 0.001). Higher VFA categories tended to correlate with higher MASLD prevalence and elevated C-peptide levels (P < 0.001 for trend). Multivariate binary logistic regression indicated a potential inverse link between visceral obesity (OR = 0.409, 95%CI: 0.251-0.644, P<0.001), VFA quartile and ketosis occurrence among T2DM patients (P = 0.022 for trend). CONCLUSIONS: Higher visceral fat mass was associated with a lower prevalence of ketosis. Evaluation of visceral fat status can provide reference for personalized diet and medication management. Attention should be paid to ketosis in patients with low visceral fat.",Frontiers in endocrinology,2026,10.3389/fendo.2026.1948929,PMC13612281,Journal Article,diagnosis,PubMed
42798059,Serum FAM19A5 in newly diagnosed type 2 diabetes mellitus and its association with metabolic and inflammatory parameters: A case-control study.,"We aimed to investigate serum levels of FAM19A5, a novel adipokine implicated in inflammation and metabolic regulation, and to examine its association with key metabolic and inflammatory markers in individuals newly diagnosed with type 2 diabetes mellitus (T2DM). This case-control study included 54 patients with newly diagnosed T2DM and 54 age- and sex-matched normoglycemic controls aged 35 to 65 years. Continuous variables were summarized according to their distributions and compared using the independent-samples t test or Mann-Whitney U test, as appropriate. Spearman rank correlation was used to examine associations in the pooled sample, with false discovery rate correction for multiple testing. Subgroup analyses were conducted by metabolic syndrome, insulin resistance, and body mass index (BMI) category. The incremental value of FAM19A5 beyond conventional markers was explored using multivariable logistic regression and DeLong comparisons of the areas under the curve (AUCs). Serum FAM19A5 was lower in the T2DM group than in controls (376.1 [312.1-577.6] vs 554.5 [365.6-1524.2] ng/L; P < .001). In the pooled sample, FAM19A5 was inversely correlated with fasting glucose (ρ = -0.266, P = .005), 2-hour oral glucose tolerance test (ρ = -0.308, P = .001), and HbA1c (ρ = -0.212, P = .028), but not with BMI, waist circumference, lipid parameters, homeostasis model assessment of insulin resistance (HOMA-IR), or high-sensitivity C-reactive protein (hs-CRP). After false discovery rate correction, the associations with fasting and 2-hour oral glucose tolerance test remained significant. Within the T2DM group, FAM19A5 was lower in patients with metabolic syndrome (P = .004), insulin resistance (HOMA-IR > 2.71; P = .023), or BMI ≥25 kg/m² (P = .021). FAM19A5 alone showed poor discrimination for T2DM (AUC: 0.684; sensitivity: 66.7%; specificity: 53.7%). Adding FAM19A5 to a model containing BMI, HOMA-IR, and hs-CRP improved model fit (likelihood-ratio χ² = 13.1, P < .001) but not discrimination (AUC: 0.920 vs 0.943; DeLong P = .154). Serum FAM19A5 levels were lower in newly diagnosed T2DM and remained independently associated with diabetes status after adjustment for BMI, HOMA-IR, and hs-CRP. Correlations with glycemic measures were weak, and FAM19A5 alone had poor discriminatory performance. These findings support further investigation of FAM19A5 as a molecule of potential mechanistic interest, but not as a clinically useful diagnostic biomarker. Larger longitudinal studies are needed.",Medicine,2026,10.1097/MD.0000000000050782,,Journal Article,diagnosis,PubMed
42796983,"Dietary Bioactive Compounds: Cellular Sensory Pathways, Microbial Partners, and Clinical Realities.","Background/Objectives: Dietary bioactive compounds (BCs) modulate multiple cellular pathways involved in inflammation, oxidative stress, energy metabolism, and tissue homeostasis. This narrative review aimed to synthesize the mechanistic roles and therapeutic relevance of major dietary BC classes, including polyphenols, carotenoids, organosulfur compounds, and polyunsaturated fatty acids, in chronic non-communicable diseases. Methods: We conducted a narrative review to integrate current evidence on the classification, bioavailability, molecular targets, microbiota interactions, and clinical relevance of dietary BCs. The literature considered experimental, observational, and clinical studies addressing key signaling pathways, including NF-κB, Nrf2, AMPK, mTOR, SIRT1, PPARs, and the NLRP3 inflammasome, as well as the diet-microbiota-host axis. Results: The literature indicates that BCs exert pleiotropic effects through the coordinated modulation of transcription factors, metabolic sensors, nuclear receptors, and inflammatory mediators. Their biological activity is also shaped by bioavailability, food matrix effects, host metabolism, and gut microbial transformation into bioactive metabolites. Across obesity, type 2 diabetes, cardiovascular disease, inflammatory bowel disease, and neurodegenerative conditions, BCs appear associated with improved inflammatory, metabolic, and redox regulation. However, findings remain limited by heterogeneity in study design, intervention duration, and compound characterization. Conclusions: Dietary BCs show therapeutic potential as modulators of molecular and microbial pathways relevant to chronic diseases. However, greater standardization in study design and longer-term human trials are needed to support robust evidence-based recommendations.",Nutrients,2026,10.3390/nu18183001,PMC13610585,Journal Article; Review,diagnosis,PubMed
42796308,Clinical and Biomechanical Predictors of Forefoot Plantar Pressure in Individuals with Type 2 Diabetes and Peripheral Neuropathy.,"Background and Objectives: Abnormal plantar pressure distribution is an important biomechanical risk factor for diabetic foot ulceration in individuals with type 2 diabetes (T2D) and peripheral neuropathy. Although several factors have been linked to increased forefoot plantar pressure, factors associated with the forefoot-to-rearfoot pressure ratio remain unclear. This study aimed to investigate the clinical factors associated with the forefoot-to-rearfoot pressure ratio and peak forefoot pressure in this population. Materials and Methods: This study was a cross-sectional analysis of 84 individuals with T2D and peripheral neuropathy enrolled in a randomized controlled trial. Vibration perception threshold (VPT), passive ankle dorsiflexion range of motion, ankle stiffness, plantar pressure distribution, body mass index (BMI), HbA1c, duration of diabetes, and foot deformities were assessed. Multiple linear regression analyses were performed to identify factors associated with plantar pressure outcomes. Results: The model for forefoot-to-rearfoot pressure ratio explained 51.2% of the variance (adjusted R2 = 0.467); ankle stiffness (β = 0.505, p < 0.001), foot deformity (β = 0.194, p = 0.030), and ankle dorsiflexion range of motion (β = -0.363, p = 0.001) were independent predictors. The model for peak forefoot pressure explained 31.4% of the variance (adjusted R2 = 0.251); ankle stiffness (β = 0.337, p = 0.002), foot deformity (β = 0.278, p = 0.009), and BMI (β = 0.226, p = 0.029) were independent predictors. HbA1c, diabetes duration, and VPT were not significant in either model. Conclusions: In individuals with T2D and peripheral neuropathy, plantar pressure distribution, particularly forefoot loading, appears to be more closely related to biomechanical and structural factors than to metabolic indicators. These findings suggest that assessment of ankle stiffness, joint mobility, and foot posture may provide clinically relevant information for identifying biomechanical factors associated with unfavorable plantar loading in individuals with T2D and peripheral neuropathy.","Medicina (Kaunas, Lithuania)",2026,10.3390/medicina62091701,PMC13609213,Journal Article; Randomized Controlled Trial,diagnosis,PubMed
42795915,"Serum Neurofilament Light Chain in Diabetic Polyneuropathy: Associations with Neuropathy Burden, Balance Impairment, and Fear of Falling.","Objective: To compare serum neurofilament light chain (NfL) concentrations between individuals with type 2 diabetes mellitus (T2DM) with and without diabetic polyneuropathy (DPN), and to examine associations with neuropathy burden, balance impairment, fear of falling, and fall history. Methods: This analytical cross-sectional study included 88 participants with T2DM (44 with DPN and 44 without DPN). Serum NfL was measured by enzyme-linked immunosorbent assay (ELISA); neuropathy burden was assessed with the Michigan Neuropathy Screening Instrument (MNSI), balance with the Berg Balance Scale (BBS), and fear of falling with the Falls Efficacy Scale-International (FES-I). Results: Serum NfL was higher in DPN than non-DPN participants [3.47 (2.68-4.77) vs. 2.47 (1.48-3.07) pg/mL; p < 0.001]. NfL correlated with MNSI-A (ρ = 0.562), MNSI-B (ρ = 0.550), FES-I (ρ = 0.431), falls (ρ = 0.344), and BBS (ρ = -0.450) (all p ≤ 0.001). In the comprehensively adjusted model, the NfL association was attenuated (adjusted odds ratio [aOR] = 1.352; 95% confidence interval [CI], 0.991-1.844; p = 0.057). NfL showed moderate discrimination (area under the receiver operating characteristic curve [AUC] = 0.716; 95% CI, 0.607-0.825); the internally derived Youden threshold was ≥2.823 pg/mL (sensitivity 72.7%, specificity 65.9%). Conclusions: NfL may be a complementary marker of DPN-related neuropathy and functional burden, but the adjusted association was attenuated and the study-specific threshold requires external validation. Study Registration: ClinicalTrials.gov identifier NCT07480330. The study was prospectively registered; the initial registry release occurred on 14 March 2026, before study initiation on 25 March 2026.",Journal of clinical medicine,2026,10.3390/jcm15187142,PMC13607116,Journal Article,diagnosis,PubMed
42795722,Low Serum C-Peptide and Albuminuria Severity in Type 2 Diabetes Mellitus: A Cross-Sectional Study.,"Background/Objectives: Lower serum C-peptide, reflecting reduced beta-cell reserve, has been linked to diabetic complications, but whether these associations are independent of diabetes duration and glycaemic control is unclear. The objective of this study was to determine which microvascular and macrovascular complications of type 2 diabetes mellitus (T2DM) remain associated with fasting C-peptide after adjustment for these factors. Methods: In this single-centre, cross-sectional study with consecutive prospective enrolment, non-pregnant adults with an established diagnosis of T2DM attending routine outpatient follow-up were eligible; those with pancreatic malignancy or exocrine pancreatic insufficiency, monogenic or autoimmune diabetes, or acute hyperglycaemic crises were excluded. A total of 590 patients were stratified by fasting C-peptide into insufficient (<1.0 ng/mL; n = 35), borderline (1.0-1.8 ng/mL; n = 212) and normal/high (≥1.8 ng/mL; n = 343) groups. Logistic regression adjusted for age, sex, diabetes duration, HbA1c and body mass index assessed each complication. Receiver operating characteristic analysis using DeLong's test assessed incremental discrimination. Results: In the unadjusted analyses, every complication was more frequent at lower C-peptide. After adjustment, C-peptide was not associated with the presence of albuminuria (insufficient versus normal/high, odds ratio 1.60, 95% CI 0.16-15.86) but was strongly associated with its severity: for severely increased or nephrotic-range albuminuria, the adjusted odds ratios were 13.47 (5.33-34.07) and 6.90 (3.83-12.44) in the insufficient and borderline groups (both p < 0.001). Adding C-peptide to a model of diabetes duration, HbA1c and fasting glucose was associated with a statistically significant, but modest, improvement in discrimination for severe albuminuria (area under the curve of 0.748 to 0.783; ΔAUC = 0.035, p = 0.027). Associations with macrovascular complications were present in the unadjusted analyses but were substantially attenuated after adjustment and no longer statistically significant, except for peripheral arterial disease and foot ulcer, which remained associated with insufficient C-peptide in models based on small numbers of events and should be regarded as exploratory. Conclusions: Low C-peptide was independently associated with the severity of albuminuria rather than its presence and was associated with a modest incremental improvement in discrimination. These exploratory findings suggest that C-peptide, an inexpensive and widely available measurement, may provide information associated with advanced diabetic kidney disease; prospective, externally validated studies are needed before clinical application.",Journal of clinical medicine,2026,10.3390/jcm15186950,PMC13607856,Journal Article,diagnosis,PubMed
42795560,Association Between Thiazolidinedione Therapy and Tuberculosis-Related Events in Type 2 Diabetes: A Population-Based Cohort Study.,"Tuberculosis (TB) remains a major global health burden, and diabetes mellitus increases the risk of active TB. Thiazolidinediones (TZDs) have immunomodulatory effects, but their association with TB remains unclear. This study investigated the associations between TZD use and TB-related events in patients with type 2 diabetes (T2D), including TB requiring anti-TB treatment, pulmonary TB, and TB-related hospitalization. Using Taiwan's National Health Insurance Research Database, adults with newly diagnosed T2D between 2000 and 2017 were identified. Propensity score matching and Cox proportional hazards models were used to estimate adjusted hazard ratios (aHRs) and 95% confidence intervals (CIs) for TB requiring anti-TB treatment, pulmonary TB, and TB-related hospitalization. After 1:1 matching, 44,095 TZD user-nonuser pairs and 9225 rosiglitazone user-nonuser pairs were identified. Overall, TZD use was not significantly associated with TB-related outcomes. However, rosiglitazone use was associated with lower risks of TB requiring anti-TB treatment (aHR, 0.56; 95% CI, 0.36-0.86), pulmonary TB (aHR, 0.79; 95% CI, 0.68-0.92), and TB-related hospitalization (aHR, 0.59; 95% CI, 0.43-0.81). Rosiglitazone use was associated with lower risks of TB-related outcomes in the primary Cox analyses; however, these associations were attenuated in time-dependent analyses and were no longer statistically significant after accounting for death as a competing event. These observational findings should therefore be considered hypothesis-generating rather than evidence of a causal or protective effect and require confirmation using more robust causal-inference approaches.",Microorganisms,2026,10.3390/microorganisms14091979,PMC13609190,Journal Article,diagnosis,PubMed
42795278,Feasibility of Multi-Wavelength LED Irradiation on the Skull and Preliminary Glycemic Outcomes in Individuals with Type 2 Diabetes: A Prospective Pilot Study.,"BACKGROUND: Type 2 diabetes mellitus (T2DM) is a chronic metabolic disorder characterized by impaired glucose homeostasis, insulin resistance, and progressive β-cell dysfunction. Increasing evidence suggests that glucose homeostasis is regulated not only by peripheral metabolic organs but also by central nervous system and autonomic pathways. Photobiomodulation (PBM) has been reported to modulate mitochondrial function, oxidative stress, vascular responses, and neural activity; however, its potential influence on glycemic outcomes remains largely unexplored. OBJECTIVE: This prospective pilot study aimed to evaluate the feasibility of applying multi-wavelength LED irradiation to a predefined cranial region and to explore preliminary glycemic outcomes in individuals with T2DM. METHODS: Seven participants with physician-diagnosed T2DM receiving stable antidiabetic medication regimens were enrolled. Multi-wavelength LED irradiation (660, 850, and 940 nm) was applied bilaterally to the predefined S3 region of the skull. Irradiation parameters included an irradiance of 5 mW/cm2 (0.005 W/cm2), an energy density of 4.5 J/cm2, and an exposure duration of 900 s per session. Treatments were administered three times weekly for four weeks (12 sessions). Primary outcome measures included fasting blood glucose (Glucose AC) and glycated hemoglobin (HbA1c). Secondary outcomes included mean blood glucose, fasting insulin, C-peptide, homeostasis model assessment of insulin resistance (HOMA-IR), lipid profile, and C-reactive protein (CRP). Exploratory paired statistical analyses were performed following assessment of data normality using the Shapiro-Wilk test. RESULTS: Following the four-week intervention, fasting blood glucose and mean blood glucose were significantly reduced (p = 0.026 and p = 0.044, respectively), whereas HbA1c demonstrated a borderline reduction (p = 0.051). Changes in fasting insulin, C-peptide, HOMA-IR, lipid profile, and CRP were variable and did not reach statistical significance. No intervention-related adverse events were observed, and all participants completed the study protocol. CONCLUSIONS: Multi-wavelength LED irradiation applied to the predefined S3 region of the skull was feasible, safe, and well tolerated in individuals with T2DM. The observed preliminary glycemic outcomes support the feasibility of further investigation in larger randomized controlled trials. However, because of the small sample size, absence of a control group, and exploratory study design, the present findings should be interpreted cautiously and should not be considered evidence of clinical efficacy or causal effects.","Life (Basel, Switzerland)",2026,10.3390/life16091411,PMC13608685,Journal Article,diagnosis,PubMed
42794768,Trajectory-Oriented Brain Vulnerability Framework for Cognitive Decline in Type 2 Diabetes.,"Type 2 diabetes mellitus (T2DM) is associated with heterogeneous cognitive and functional trajectories rather than a single diabetes-specific encephalopathy. This structured narrative review proposes a conceptual, hypothesis-generating exposure-injury-structure-function framework linking metabolic, vascular, and frailty-related exposures with molecular and neurovascular injury, structural change, cognitive decline, and loss of independence. Its contribution is the temporal assignment of measurements, lagged testing between adjacent levels, and comparison with clinical-risk and unordered biomarker models. For example, a study-specific threshold of at least 10% improvement in held-out root-mean-square error for 24-36-month executive/processing-speed decline could indicate incremental value. Repeated failure of a specified temporal link challenges that link; failure to improve prediction rejects incremental predictive value, not biological plausibility. Molecular hypotheses focus on AGE-RAGE signalling, NLRP3-IL-1β activation, mitochondrial quality control, endothelial dysfunction, and neuroglial injury, although human timing is uncertain. Sodium-glucose cotransporter-2 (SGLT2) inhibitors and glucagon-like peptide-1 receptor agonists (GLP-1 RAs) are considered complementary therapeutic probes. Both offer systemic benefits, but neither has proven efficacy in preventing cognitive decline or direct target engagement in the human brain. Visceral adiposity, skeletal-muscle health, sarcopenia, sex/gender, kidney function, co-pathology, and reserve are treated as exposures or modifiers. This framework is intended for longitudinal research, not clinical staging or treatment selection.",International journal of molecular sciences,2026,10.3390/ijms27188342,PMC13607053,Journal Article; Review,diagnosis,PubMed
42793738,Establishment of Serum Cholesterol Sulfate Reference Intervals and Evaluation of Its Diagnostic and Metabolic Associations in Chinese Adults.,"Background/Objectives: Cholesterol sulfate (CS) is a multifunctional signaling molecule implicated in diverse physiological and pathological processes. Its clinical translation as a biomarker is hindered by the lack of established reference intervals, unclear disease-specific alterations, and undefined relationships with routine laboratory parameters. This study aimed to establish a serum CS reference range for Chinese populations, evaluate its associations with various diseases and clinical laboratory parameters, and define its clinical diagnostic utility. Methods: A total of 642 subjects were enrolled, comprising 372 healthy controls and 270 patients with one of six diseases: Alzheimer's disease, osteoporosis, obesity, type 2 diabetes mellitus (T2DM), non-alcoholic fatty liver disease (NAFLD), or Crohn's disease. Serum CS concentrations were quantified using LC-MS/MS. Reference intervals were established using non-parametric methods. Univariate analyses included Spearman's rank correlation, Mann-Whitney U test, and receiver operating characteristic (ROC) curve analysis; multivariate analysis employed a gamma-family generalized linear model (GLM) with a log-link function, incorporating age, sex, clinical laboratory parameters, and disease status as covariates. The age-by-sex interaction was examined to assess synergistic effects. Incremental diagnostic value of CS was evaluated using the DeLong test and likelihood ratio test. Results: The serum CS reference interval for healthy individuals was 0.55-2.24 mg/L (males: 0.60-2.25 mg/L; females: 0.54-2.20 mg/L), with a significant sex difference. The age-by-sex interaction effect was significant (two-way ANOVA interaction p = 0.005; GLM interaction β = 0.102, p = 0.002). Stratified analysis revealed a significant positive correlation between age and CS in males, but no such association in females. In univariate analysis, CS correlated significantly with total cholesterol (TC), non-HDL-C, hemoglobin A1c (HbA1c), and other biomarkers; CS levels were elevated in Alzheimer's disease and reduced in Crohn's disease. In the multivariate GLM, only TC and male sex emerged as independent significant determinants of CS, whereas HbA1c and NAFLD showed borderline effects; no disease group retained independent significance. After adjustment for TC and sex, the residual area under the curves (AUCs) of CS for all diseases were close to 0.50, and DeLong's test indicated no incremental diagnostic value beyond the baseline model (all p > 0.70). Conclusions: This study is the first to establish a serum CS reference range for the Chinese population. Serum CS levels are independently regulated by TC and sex, with a significant age-by-sex interaction. The associations between CS and disease status were largely mediated by confounding from lipid profiles and age. CS is not suitable as an independent disease biomarker but may serve as a supplementary indicator for assessing lipid metabolism-particularly in male populations, where it may indirectly reflect age-related changes in cholesterol metabolism.","Diagnostics (Basel, Switzerland)",2026,10.3390/diagnostics16182953,PMC13605642,Journal Article,diagnosis,PubMed
42793581,"Awareness of Diabetic Ketoacidosis and Associated Factors Among Adults with Diabetes or a Family Member with Diabetes in Jazan, Saudi Arabia.","Background: Diabetic ketoacidosis (DKA) is a life-threatening acute complication of diabetes mellitus that requires prompt recognition and timely management to reduce morbidity and mortality. Public awareness of DKA remains suboptimal in many settings, particularly among individuals with direct exposure to diabetes. This study aimed to assess DKA awareness and identify factors associated with appropriate DKA awareness among adults with personal or familial exposure to diabetes in the Jazan region of Saudi Arabia. Methods: A cross-sectional online survey was conducted among adults in the Jazan region between October 2024 and May 2025. Respondents with a personal diagnosis of diabetes or a family member diagnosed with diabetes were included. The questionnaire assessed sociodemographic characteristics, reported diabetes-related characteristics, and DKA awareness across multiple domains, including disease recognition, risk factors, precipitating factors, complications, prevention, and emergency management. Awareness was evaluated using a predefined scoring system, with scores ≥ 6/10 (≥60% of the maximum score) classified as appropriate DKA awareness. Factors associated with appropriate awareness were examined using chi-square tests and multivariable logistic regression. Results: A total of 417 respondents were included in the analysis, of whom 150 (36.0%) reported a personal diagnosis of diabetes and 267 (64.0%) reported having a family member with diabetes. Overall, 138 respondents (33.1%; 95% CI, 28.7-37.7%) demonstrated appropriate DKA awareness. Awareness varied across individual domains, with particularly limited recognition of DKA precipitating factors and preventive measures. In multivariable logistic regression analysis, age < 45 years (adjusted odds ratio [aOR] = 3.08, 95% CI: 1.47-6.48; p = 0.003), student status (aOR = 2.40, 95% CI: 1.18-4.90; p = 0.016), monthly household income > 15,000 SAR (aOR = 4.14, 95% CI: 1.83-9.37; p = 0.001), and a personal diagnosis of diabetes (aOR = 2.20, 95% CI: 1.29-3.75; p = 0.004) were independently associated with higher odds of appropriate DKA awareness. Reporting type 1 or type 2 diabetes, compared with an unknown diabetes type, was also independently associated with appropriate awareness. Educational attainment was not independently associated with awareness after multivariable adjustment. Conclusions: Overall DKA awareness among adults with personal or familial exposure to diabetes in the Jazan region was suboptimal. Appropriate DKA awareness was independently associated with younger age, student status, higher household income, and respondent relationship to diabetes. The association with reported diabetes type should be interpreted cautiously, as it may reflect greater familiarity with diabetes rather than an effect of diabetes subtype itself. These findings support the implementation of targeted educational strategies that include both individuals living with diabetes and their family members to improve recognition of DKA and promote timely healthcare seeking during acute diabetic emergencies. However, the findings should be interpreted in light of the non-probability, social-media-based recruitment strategy, which may have disproportionately represented younger and more highly educated individuals and limits population-level generalizability.","Healthcare (Basel, Switzerland)",2026,10.3390/healthcare14183042,PMC13606367,Journal Article,diagnosis,PubMed
42793510,Association Between Baseline Glucagon-like Peptide-1 Receptor Agonist Use and Newly Documented Depression Diagnosis in Adults with Type 2 Diabetes: A Multi-State Medicaid Cohort Study.,"Background/Objectives: Glucagon-like peptide-1 receptor agonists (GLP-1 RAs) are increasingly prescribed for type 2 diabetes mellitus (T2DM). However, its mental health safety profile in routine care, particularly among Medicaid beneficiaries, remains uncertain. We aim to examine the association between glucagon-like peptide-1 receptor agonist (GLP-1 RA) use and newly documented depression diagnosis among adults with type 2 diabetes mellitus (T2DM) enrolled in Medicaid. Methods: We conducted a retrospective longitudinal cohort study using the 2022-2023 Merative™ MarketScan® Multi-State Medicaid Database. Adults aged 18-64 years with T2DM, continuous Medicaid enrollment, and no documented depression during the 2022 baseline period were included. Baseline GLP-1 RA use was assessed in 2022, and newly diagnosed depression was identified in 2023. Associations were estimated using multivariable logistic regression, inverse probability weighting (IPW), and a doubly robust estimator. Results: Among 74,760 eligible adults, 14,953 (20.0%) were GLP-1 RA users. Incident depression occurred in 12.9% of users and 11.1% of non-users (absolute difference, 1.8 percentage points; p < 0.001). GLP-1 RA use was associated with higher odds of newly documented depression diagnosis in multivariable analysis (adjusted OR 1.10, 95% CI 1.04-1.16), IPW analysis (OR 1.09, 95% CI 1.03-1.15), and doubly robust analysis (OR 1.09, 95% CI 1.03-1.15). Conclusions: Baseline GLP-1 RA use was associated with modestly higher odds of a newly documented depression diagnosis during the subsequent year. Prospective studies are needed to determine whether this association is causal.","Healthcare (Basel, Switzerland)",2026,10.3390/healthcare14182971,PMC13606689,Journal Article,diagnosis,PubMed
42792737,Association Between the Triglyceride-to-HDL Cholesterol Ratio and Glycemic Control in Patients with Type 2 Diabetes Mellitus: A Real-World Retrospective Study.,"Background and Objectives: The triglyceride-to-high-density lipoprotein cholesterol ratio (TG/HDL-C) is a simple lipid index associated with insulin resistance and atherogenic dyslipidemia. Previous evidence has supported the TG/HDL-C ratio as a simple surrogate marker of insulin resistance and an adverse metabolic profile. However, its relationship with glycemic control in real-world patients with type 2 diabetes mellitus (T2DM) remains uncertain. This study evaluated the association between the TG/HDL-C ratio and poor glycemic control in patients with T2DM. Materials and Methods: This retrospective observational study included patients with T2DM followed in outpatient clinics. Poor glycemic control was defined as glycated hemoglobin A1c (HbA1c) ≥ 7%. The association between the TG/HDL-C ratio and glycemic control was assessed using group comparisons, Spearman correlation, tertile analysis, and multivariable logistic regression adjusted for age, sex, LDL-C, total cholesterol, insulin use, statin use, and fenofibrate use. Receiver operating characteristic (ROC) analysis was used to evaluate the discriminatory performance of the TG/HDL-C ratio for identifying poor glycemic control. A sensitivity analysis was performed after excluding patients receiving fenofibrate. Results: A total of 1001 patients with T2DM were included, of whom 568 (56.7%) had poor glycemic control. The mean age was 60.9 ± 11.4 years, and 57.1% of participants were women. The poor- and adequate-glycemic-control groups were comparable with respect to age and sex. The TG/HDL-C ratio was higher in patients with HbA1c ≥7% than in those with HbA1c < 7% [3.35 (2.35-5.00) vs. 2.74 (1.87-3.82), p < 0.001] and increased progressively across tertiles. In multivariable analysis, the TG/HDL-C ratio remained associated with poor glycemic control after adjustment for available covariates (OR: 1.201, 95% CI: 1.125-1.282, p < 0.001). The association remained significant after excluding fenofibrate users. ROC analysis showed modest discrimination (AUC: 0.601, 95% CI: 0.566-0.636). Conclusions: The TG/HDL-C ratio was associated with poor glycemic control in patients with T2DM, showing a graded association across tertiles. However, its standalone discriminatory performance is modest. Given its modest discriminatory performance, the TG/HDL-C ratio should not be considered a standalone diagnostic or predictive tool for poor glycemic control; rather, it may serve as an accessible adjunctive metabolic marker associated with an adverse glycemic and lipid profile.",Biomedicines,2026,10.3390/biomedicines14091995,PMC13604466,Journal Article,diagnosis,PubMed
42792629,"Mitophagy and Noncoding RNA Regulation in Type 2 Diabetes Mellitus: Molecular Mechanisms, Tissue-Specific Evidence and Translational Perspective.","Despite significant therapeutic advances, T2DM remains a global public health challenge that leads to multiple complications, including cardiovascular, renal, hepatic, and neurodegenerative disorders. Mitochondrial dysfunction and impaired mitophagy remain fundamental, yet incompletely understood, mechanisms driving pancreatic β-cell failure, chronic inflammation, insulin resistance and diabetic complications. Emerging evidence indicates that noncoding RNAs (including microRNAs, long noncoding RNAs, and circular RNAs) are critical regulators of mitophagy and mitochondrial quality control mechanisms across metabolically active tissues. This review comprehensively examines the interplay between mitochondrial dysfunction, mitophagy impairment, and T2DM pathophysiology. It provides an overview of recent mechanistic insights into mitophagy-noncoding RNA interactions in T2DM, emphasizing tissue-specific effects, and highlights the translational potential of mitophagy-associated proteins and regulatory ncRNAs as diagnostic biomarkers and therapeutic targets. By bridging fundamental molecular biology with translational and clinical perspectives, further it provides a comprehensive framework to guide future research, accelerate biomarker discovery, and support the development of personalized interventions aimed at reducing the growing worldwide burden of T2DM and its complications.",Biomedicines,2026,10.3390/biomedicines14091886,PMC13604183,Journal Article; Review,diagnosis,PubMed
42791914,Dual-Biomarker Oral-Rinse Testing for aMMP-8 and Calprotectin: A Potential Adjunctive Tool for Risk Stratification and Interdisciplinary Referral in Periodontitis and Type 2 Diabetes.,"Periodontitis is a chronic, biofilm-induced inflammatory disease characterized by episodic connective tissue destruction and is epidemiologically associated with cardiometabolic conditions, notably type 2 diabetes (T2D) and cardiovascular disease (CVD). Conventional clinical signs do not reliably distinguish quiescent from actively progressing disease, which delays intervention and interdisciplinary referral. Chair-side point-of-care testing (POCT) of oral fluids offers a pragmatic, non-invasive adjunct for real-time assessment of disease activity, not only in dental but also in medical settings. This narrative review, reported in line with the Scale for the Assessment of Narrative Review Articles (SANRA), examines the clinical rationale and current evidence for oral-rinse POCT targeting active matrix metalloproteinase-8 (aMMP-8) and calprotectin. Oral-rinse aMMP-8 reflects disease-active collagenolysis and shows the more robust single-marker performance for periodontitis, whereas oral-fluid calprotectin, a neutrophil-derived S100A8/A9 protein, behaves as a predominantly local inflammatory signal and lacks validated oral-fluid reference ranges. Combining the two markers may add information beyond either alone when used in tandem as a complementary pair, but the supporting data are heterogeneous, largely exploratory, and hypothesis-generating. Dual-biomarker oral-rinse POCT is therefore best framed as a risk-stratification and referral aid rather than a stand-alone diagnostic, with combined interpretation potentially supported by AI technologies. Standardized pre-analytics, transparent threshold reporting, oral-fluid calprotectin reference values, and prospective multicenter validation are required before broad implementation.","Bioengineering (Basel, Switzerland)",2026,10.3390/bioengineering13091042,PMC13603151,Journal Article; Review,diagnosis,PubMed
42791433,GLP-1 Receptor Agonists in Heart Failure: A Systematic Review and Meta-analysis with Phenotype-Specific Effects and Dual Analytical Frameworks.,"BACKGROUND: Although glucagon-like peptide-1 receptor agonists (GLP-1 RAs) reduce cardiovascular risk in patients with type 2 diabetes mellitus (T2D), evidence in heart failure (HF) has expanded across diverse trial populations and HF phenotypes but remains fragmented. We therefore performed an integrated systematic review and meta-analysis to evaluate the effects of GLP-1 RAs across the spectrum of HF using complementary trial-level and phenotype-based analyses. METHODS: PubMed, Embase, and Web of Science were systematically searched for studies published from inception to August 10, 2025. To provide an integrated assessment across heterogeneous HF populations, treatment effects were evaluated using dual analytical frameworks: trial-level analyses according to study design (dedicated HF with preserved ejection fraction [HFpEF] trials, HF with reduced ejection fraction [HFrEF] trials, and HF subgroups from cardiovascular outcome trials [CVOTs]) and phenotype-based analyses according to left ventricular ejection fraction (HFpEF vs HFrEF using a pragmatic threshold of 40%). A prespecified targeted analysis was conducted to specifically assess the efficacy of semaglutide. The primary outcomes were major adverse cardiovascular events (MACE), and the secondary outcomes included hospitalization for HF (HHF), the composite of cardiovascular death or any worsening HF events, cardiovascular death alone, and all-cause mortality. Pooled hazard ratios (HRs) with 95% confidence intervals (CIs) were calculated using random‑effects models. RESULTS: This meta-analysis included 14 trials, with a pooled total of 15,882 patients with HF. In phenotype‑based analyses for HFpEF, GLP‑1 RAs significantly reduced MACE (HR 0.79; 95% CI 0.66-0.94; p = 0.010), HHF (HR 0.48; 95% CI 0.27-0.85; p = 0.012), the composite of cardiovascular death or worsening HF (HR 0.57; 95% CI 0.37-0.89; p = 0.013), and all‑cause mortality (HR 0.75; 95% CI 0.62-0.89; p = 0.001). In contrast, in HFrEF, no significant reductions were observed for HHF, the composite of cardiovascular death or worsening HF, all-cause mortality, or MACE, although a reduction in cardiovascular death was noted (HR 0.71; 95% CI 0.54-0.95; p = 0.019). Trial-level analyses showed that cardiovascular benefits were primarily observed in HF subgroups from CVOTs, including reductions in MACE (HR 0.82; 95% CI 0.73-0.92; p = 0.001), cardiovascular death (HR 0.88; 95% CI 0.77-1.00; p = 0.05) and myocardial infarction (MI)/non-fatal MI (HR 0.84; 95% CI 0.70-1.00; p = 0.046). Semaglutide showed benefits in HHF and the composite of cardiovascular death or worsening HF events predominantly among overweight or obese patients with HFpEF. GLP-1 RAs also improved functional capacity and quality of life in HFpEF. CONCLUSION: GLP-1 RAs were associated with favorable cardiovascular and HF-related outcomes in HFpEF, predominantly among overweight or obese individuals, whereas evidence of benefit in HFrEF remains limited. In trial-level analyses, benefits were primarily observed for atherosclerotic endpoints in HF subgroups from CVOTs. By integrating evidence, this study provides a unified overview of the effects of GLP-1 RAs across the spectrum of HF and supports further phenotype-specific randomized trials, particularly dedicated studies in HFrEF. TRIAL REGISTRATION: Protocol registration PROSPERO (CRD420251079970).",Drugs,2026,10.1007/s40265-026-02380-4,8005924,Journal Article; Systematic Review,diagnosis,PubMed
42798482,A six-metabolite signature characterizes metabolically unhealthy obesity and reveals hidden metabolic risk within metabolically healthy obesity.,"BACKGROUND/OBJECTIVES: Metabolically healthy obesity (MHO) is commonly defined by the absence of metabolic syndrome-related abnormalities despite obesity. However, conventional clinical definitions may overlook substantial metabolic heterogeneity and hidden cardiometabolic risk. We aimed to identify metabolomic signatures distinguishing MHO from metabolically unhealthy obesity (MUHO), evaluate their discriminatory performance, and determine whether metabolomic profiling could further characterize heterogeneity within conventionally defined MHO. METHODS: We analyzed 13215 UK Biobank adults with obesity and available clinical biomarker and NMR-based metabolomic data. Metabolic health was defined using triglycerides, HDL cholesterol, hypertension, fasting glucose, type 2 diabetes, and lipid-lowering medication use. Univariable logistic regression and LASSO regression were used for metabolite selection. Logistic regression and XGBoost models were developed using clinical variables, metabolomic markers, and their combination. A weighted metabolic signature score was applied within the MHO group to characterize cross-sectional metabolic and clinical heterogeneity, and proteomic analyses were performed in approximately 1408 participants. RESULTS: A six-metabolite signature comprising HDL_size, S_HDL_CE, XL_HDL_TG, GlycA, M_VLDL_C, and Omega_3 was selected. The combined clinical-metabolomic model showed better discrimination than clinical variables alone in the test set, with AUCs of 0.78 and 0.69, respectively. Within MHO, higher metabolomic score was associated with higher triglycerides, HbA1c, waist-to-hip ratio, lower HDL cholesterol, and greater metabolic and cardiovascular comorbidity burden. Proteomic analyses identified 10 metabolite-associated core proteins implicating lipoprotein remodeling, adipokine signaling, inflammation, and vascular-related pathways. CONCLUSIONS: A six-metabolite signature distinguished MHO from MUHO and revealed hidden metabolic risk within conventionally defined MHO, provides a metabolomic framework for refining obesity phenotyping and warrants further validation before clinical translation.",Frontiers in endocrinology,2026,10.3389/fendo.2026.1910610,PMC13612310,Journal Article,hba1c,PubMed
42798476,Dose-response and time-course effects of ecnoglutide in type 2 diabetes: a systematic review and meta-analysis of efficacy.,"BACKGROUND: Ecnoglutide, a novel long-acting GLP-1 receptor agonist, is considered a promising therapeutic option for the treatment of diabetes. This study aims to evaluate the efficacy and safety of ecnoglutide in adults with type 2 diabetes and to further investigate its dose-time relationship. METHODS: This study followed the PRISMA guidelines and systematically searched PubMed, Web of Science, Embase, and Cochrane Library, with the search updated through February 2026. Randomized controlled trials comparing ecnoglutide with placebo or the active control, dulaglutide, were included. The primary outcome was the change in HbA1c (%). Secondary outcomes included FPG, PPG, 7-point SMBG, body weight, adverse events, and serious adverse events. Risk of bias was assessed using the Cochrane RoB-2 tool. Meta-analyses employed a random-effects model, and mean differences and risk ratios were calculated with 95% confidence intervals. RESULTS: Three randomized controlled trials involving 977 participants were included. Compared with placebo, ecnoglutide significantly reduced HbA1c (MD = -1.40, 95% CI -1.65, -1.14, p < 0.00001), FPG (MD = -1.98, 95% CI -2.34, -1.63, p < 0.00001), PPG (MD = -4.88, 95% CI -6.32, -3.44, p < 0.00001), and body weight (MD = -2.16, 95% CI -2.62, -1.71, p < 0.00001). Additionally, compared with the placebo group, the incidence of adverse events was higher in the ecnoglutide group (OR = 2.03, 95% CI 1.24-3.32, p = 0.005), while there was no significant difference in the incidence of serious adverse events. Dose-response analysis showed that ecnoglutide exhibited a clear dose-dependent relationship for HbA1c, FPG, and body weight at doses ranging from 0.4 to 1.2 mg, while PPG was less affected by dose. Time-response analysis indicated that the hypoglycemic efficacy of ecnoglutide peaked around week 35 and subsequently plateaued, whereas body weight exhibited a sustained linear downward trend. CONCLUSION: Ecnoglutide significantly improved glycemic control and reduced body weight, although it was associated with a higher incidence of adverse events without increasing serious adverse events. Despite these promising findings, the evidence remains limited and requires confirmation in larger, multicenter randomized controlled trials. SYSTEMATIC REVIEW REGISTRATION: https://www.crd.york.ac.uk/PROSPERO/view/CRD420261327235, identifier CRD420261327235.",Frontiers in endocrinology,2026,10.3389/fendo.2026.1934027,PMC13612292,Journal Article; Systematic Review; Meta-Analysis,hba1c,PubMed
42798338,Effects of short-bout accumulated physical activity and sedentary-break interventions on continuous glucose monitoring metrics in adults with type 2 diabetes: A systematic review and meta-analysis.,"OBJECTIVE: Glycated hemoglobin does not fully capture postprandial hyperglycemia or intraday glycemic fluctuation, whereas continuous glucose monitoring (CGM) characterizes mean glucose, hyperglycemic exposure, and glycemic variability. Short-bout accumulated physical activity and sedentary-break interventions are low-burden strategies that can be integrated into daily routines, but their overall effects on CGM-derived outcomes in adults with type 2 diabetes remain uncertain. We systematically reviewed and quantitatively synthesized these effects. METHODS: We searched 11 bibliographic and registry sources from inception to 29 July 2026, after an initial eight-database search through 4 June 2026. Randomized and controlled crossover trials were eligible. We retained the original broad eligibility criteria and examined a narrower post-hoc intervention definition in sensitivity analysis. Paired mean differences and standard errors were extracted or reconstructed. Random-effects meta-analysis used restricted maximum likelihood with Hartung-Knapp-Sidik-Jonkman inference. When paired covariance was unavailable, r = 0.50 was used, with r = 0.25 and r = 0.75 sensitivity analyses. Risk of bias was assessed for specific results with crossover RoB 2 and certainty was assessed with GRADE. RESULTS: Thirteen studies were included; 10 studies (175 participants) contributed to the overall mean-glucose synthesis. Short-bout activity reduced mean glucose (MD = -0.71 mmol/L, 95% CI -1.28 to -0.13; p = 0.021), with considerable heterogeneity (I² = 91%; tau² = 0.55) and a prediction interval that included the null value (no effect) (-2.48 to 1.06). Intervention category did not explain heterogeneity (p = 0.628). All leave-one-out estimates remained significant; omitting Dempsey (2017) reduced I² to 5.8% and yielded MD = -0.33 mmol/L (95% CI -0.50 to -0.16). Mean amplitude of glycemic excursions (MAGE) favored activity, whereas glucose standard deviation (SD), coefficient of variation (CV), and time in range (TIR) were inconclusive. Hyperglycemia time was pooled only for compatible thresholds and windows. Certainty ranged from moderate to very low and was low for mean glucose. CONCLUSION: Short-bout accumulated physical activity may reduce CGM-derived mean glucose in adults with type 2 diabetes. Although effects remained favorable across correlation, model, arm-selection, and leave-one-out analyses, considerable heterogeneity and a prediction interval that included the null value (no effect) limit confidence in the effect expected in a new setting. Evidence for other glycemic outcomes and safety remains uncertain. SYSTEMATIC REVIEW REGISTRATION: www.crd.york.ac.uk/prospero, identifier CRD420261415265.",Frontiers in endocrinology,2026,10.3389/fendo.2026.1901259,PMC13612268,Journal Article; Systematic Review; Meta-Analysis,hba1c,PubMed
42798329,The effectiveness of self-care interventions in working-age adults with type 2 diabetes mellitus: a systematic review and meta-analysis.,"BACKGROUND: The prevalence of type 2 diabetes mellitus (T2DM) is rapidly increasing among working-age adults. This group faces unique challenges in sustaining effective self-care due to social and occupational demands. We conducted a systematic review and meta-analysis to evaluate the effectiveness of self-care interventions on glycemic control and self-care behaviors among working-age adults with T2DM. METHODS: We searched nine databases (PubMed, Embase, CINAHL, Cochrane Library, Web of Science, CBM, CNKI, CQVIP, and Wan Fang) to identify randomized controlled trials (RCTs) published from January 2020 to April 2025. Eligible studies included 18-60-year-old adults with T2DM receiving self-care interventions. Review Manager 5.4 was employed to calculate pooled mean differences (MD) with 95% confidence intervals (CI). Risk of bias was assessed using the Cochrane RoB2 tool. RESULTS: Forty-seven RCTs with 6,464 participants met the inclusion criteria. Compared to controls, self-care interventions significantly reduced HbA1c (MD -0.26, 95% CI -0.43 to -0.09), total cholesterol (MD -0.15, 95% CI -0.28 to -0.02), body mass index (MD -0.52, 95% CI -1.01 to -0.03), and increased high-density lipoproteins levels (MD 0.19, 95% CI 0.06 to 0.33). Improvements were also observed in self-care behaviors (SMD 0.74, 95% CI 0.62 to 0.86) and self-efficacy (SMD 1.14, 95% CI 0.51 to 1.76). No significant effects were found for fasting blood glucose or 2-hour plasma glucose. Substantial heterogeneity existed across studies. CONCLUSIONS: Self-care interventions improved glycemic control and related outcomes in working-age adults with T2DM, although high heterogeneity and variable study quality limited interpretation and generalizability. Future trials should adopt standardized reporting systems for interventions, robust design, and longer follow-up to better inform clinical practice and public health policy. SYSTEMATIC REVIEW REGISTRATION: https://www.crd.york.ac.uk/PROSPERO/view/CRD420251037017, identifier CRD420251037017.",Frontiers in endocrinology,2026,10.3389/fendo.2026.1941060,PMC13612269,Journal Article; Systematic Review; Meta-Analysis,hba1c,PubMed
42798315,COVID-19 and subsequent risk of coded diabetic retinopathy in patients with type 2 diabetes: a multicenter propensity score-matched cohort study.,"BACKGROUND: Evidence remains limited regarding whether coronavirus disease 2019 (COVID-19) is associated with the subsequent risk of EHR-recorded diabetic retinopathy (DR) during available follow-up in patients with type 2 diabetes mellitus (T2DM). We evaluated the risk of EHR-recorded DR and clinically relevant DR subtypes after severe acute respiratory syndrome coronavirus 2 (SARS-CoV-2) infection during follow-up within a maximum 5-year analytic window. METHODS: This retrospective multicenter cohort study used the TriNetX Global Collaborative Network. Adults with T2DM were classified into COVID-19 and control groups between January 1, 2020, and June 30, 2022. A 6-month landmark design was applied to reduce early outcome misclassification. After 1:1 propensity score matching, 773,768 patients were included in each group. The primary outcome was electronic health record (EHR)-recorded incident DR. Secondary outcomes included EHR-recorded DR subtypes (non-proliferative DR, proliferative DR, and diabetic macular edema) and glycemic events, including hyperglycemia (glucose ≥180 mg/dL), poor glycemic control (HbA1c ≥9%), and hypoglycemia (glucose <70 mg/dL). Secondary and supportive analyses were exploratory and were not adjusted for multiplicity. RESULTS: Median follow-up was 1,487 days in the COVID-19 group and 1,634 days in controls. EHR-recorded incident DR occurred more frequently in the COVID-19 group than in the control group (2.17% vs. 1.64%; absolute risk difference, 0.53 percentage points; hazard ratio [HR], 1.51; 95% confidence interval [CI], 1.48-1.55; p<0.001). COVID-19 was also associated with higher risks of non-proliferative DR (HR, 1.53; 95% CI, 1.49-1.58), proliferative DR (HR, 1.67; 95% CI, 1.57-1.78), and diabetic macular edema (HR, 1.75; 95% CI, 1.67-1.83). In addition, COVID-19 was associated with increased risks of glycemic events. The associations remained consistent across sensitivity analyses, including survivor-only, healthcare-visit-restricted, eye-care-visit-restricted, 1-year landmark, and 2-year landmark models. Exploratory severe-COVID analysis showed a similar direction of association. CONCLUSIONS: Among adults with T2DM, COVID-19 was associated with an increased risk of EHR-recorded incident DR, including coded vision-threatening subtypes (proliferative DR and diabetic macular edema), during follow-up. These findings suggest a possible association between COVID-19 and subsequent EHR-recorded DR during available follow-up, although residual confounding and differential ophthalmic surveillance cannot be excluded.",Frontiers in endocrinology,2026,10.3389/fendo.2026.1914361,PMC13612189,Journal Article; Multicenter Study,hba1c,PubMed
42798080,Quantitative evaluation of the effect of hyperlipidemia on carotid artery stiffness in patients with type 2 diabetes mellitus using shear wave elastography.,"Type 2 diabetes mellitus (T2DM) is a major risk factor for atherosclerotic cardiovascular disease (CVD), and hyperlipidemia (HLD) frequently coexists. Shear wave elastography (SWE) quantifies carotid stiffness and may improve CVD risk stratification. To evaluate the impact of HLD on carotid stiffness in T2DM using SWE. We conducted a cross-sectional study of 112 adults with T2DM: simple diabetes (Group B, n = 52) and T2DM with HLD (Group C, n = 60): and 55 healthy controls (Group A). Demographic, clinical, and biochemical data were collected. Conventional ultrasound measured carotid intima-media thickness, diastolic diameter, systolic diameter, and peak systolic velocity. Arterial distensibility and the stiffness coefficient were calculated. SWE provided maximum, mean, and minimum elastic moduli. Pearson correlation tested associations between SWE parameters and risk factors; multivariable linear regression identified independent determinants of SWE values. Compared with controls, Groups B and C had higher fasting glucose, glycated hemoglobin, total cholesterol (TC), triglycerides (TG), and LDL-C (all P < .05); TC, TG, and LDL-C were higher in Group C than Group B (all P < .05). high-density lipoprotein cholesterol (HDL-C) were lower in both Group B and Group C compared to Group A (both P < .05), and were also lower in Group C than in Group B (P < .05). Mean elastic modulus, maximum elastic modulus, and minimum elastic modulus were greater in Groups B and C than in controls and were highest in Group C (all P < .05). SWE parameters correlated positively with carotid intima-media thickness, TC, TG, and LDL-C, and negatively correlated with HDL-C (all P < .05). In multivariable models, hyperlipidemia: driven primarily by elevated TC, TG, and LDL-C and reduced HDL-C: was independently associated with increased SWE values in T2DM (all P < .05). HLD exacerbates carotid atherosclerosis in T2DM. SWE is a noninvasive, quantitative, and efficient method for assessing carotid stiffness and cardiovascular risk in T2DM, particularly among patients with concurrent HLD.",Medicine,2026,10.1097/MD.0000000000050829,,Journal Article,hba1c,PubMed
42796704,Changes in Glycemic Control and Lipid Profiles Following COVID-19 Infection in Adults with Type 2 Diabetes: A Retrospective Study in Saudi Arabia.,"Background: The clinical course and mortality risk of COVID-19 in patients with type 2 diabetes (T2D) remain elevated. Understanding its pathogenesis is essential for prognostic and therapeutic strategies. Viral infections can disrupt host glucose and lipid metabolism. This study evaluated changes in glycemic and lipid parameters following COVID-19 infection in T2D patients. Methods: A retrospective analysis was conducted on T2D patients who tested positive for COVID-19 between April 2020 and December 2021. Laboratory results before and after infection were compared to assess changes in glycemic and lipid markers. Results: The study included 969 patients with T2D; 56.7% were female, and the median age was 58 years (IQR: 49-67). Hypertension, asthma, and chronic kidney disease were present in 51.5%, 14.2%, and 7.2% of patients, respectively. Fasting blood glucose did not change significantly from before to after COVID-19 infection [7.9 mmol/L (IQR: 6.2-10.6) vs. 7.8 mmol/L (IQR: 6.2-10.2)], nor did HbA1c [7.6% (IQR: 6.7-9.1) vs. 7.6% (IQR: 6.5-9.2)]. In contrast, modest but statistically significant reductions were observed in triglycerides [1.47 mmol/L (IQR: 1.13-2.00) vs. 1.44 mmol/L (IQR: 1.08-1.94)], total cholesterol [4.3 mmol/L (IQR: 3.67-5.03) vs. 4.1 mmol/L (IQR: 3.55-4.93)], and LDL cholesterol [2.7 mmol/L (IQR: 2.11-3.45) vs. 2.5 mmol/L (IQR: 1.98-3.23)]. HDL cholesterol remained unchanged [1.0 mmol/L (IQR: 0.90-1.21) vs. 1.0 mmol/L (IQR: 0.89-1.22)]. Conclusions: COVID-19 infection was not associated with significant long-term changes in glycemic control among patients with T2D, as fasting blood glucose and HbA1c levels remained broadly stable after infection. In contrast, significant reductions were observed in total cholesterol, LDL cholesterol, and triglyceride levels, while HDL cholesterol remained unchanged. These findings indicate that changes following COVID-19 infection were more apparent in lipid parameters than in glycemic markers.","Pathogens (Basel, Switzerland)",2026,10.3390/pathogens15090934,PMC13610501,Journal Article,hba1c,PubMed
42796348,Cardiovascular-Kidney-Metabolic Syndrome and Its Hepatic Dimension: A Narrative Review.,"Metabolic syndrome came to the attention of the scientific community several decades ago, and its definition has undergone multiple changes over time. It is currently defined by the coexistence of hypertension, central obesity, dyslipidemia, and impaired glucose metabolism, with insulin resistance, chronic inflammation, and oxidative stress representing important underlying pathophysiological mechanisms. The latter two processes are major promoters of the onset and progression of atherosclerosis. In parallel, many individuals develop metabolic dysfunction-associated steatotic liver disease (MASLD), formerly called non-alcoholic fatty liver disease (NAFLD). Growing evidence indicates that MASLD may interact bidirectionally with cardiovascular, renal, and metabolic dysfunction and may contribute to cardiometabolic risk. These observations have prompted proposals for a broader cardio-reno-hepato-metabolic axis. However, MASLD is not currently included in the established cardiovascular-kidney-metabolic (CKM) definition or staging system, and its incorporation remains an evolving conceptual extension. Prediabetes is a reversible condition characterized by abnormal glucose levels that do not meet the diagnostic criteria for diabetes. The American Diabetes Association defines prediabetes as glycated hemoglobin (HbA1c) = 5.7-6.4%, fasting plasma glucose = 100-125 mg/dL, or two-hour plasma glucose during an oral glucose tolerance test = 140-199 mg/dL. This comprehensive review examines traditional and genetic risk determinants, shared pathophysiological mechanisms, diagnostic strategies, clinical manifestations, emerging phenotypes, circulating microRNAs as non-invasive biomarkers, complications, and the principal therapeutic strategies, including diet, exercise, and pharmacotherapy. Particular attention is given to the recent approvals of resmetirom and semaglutide for metabolic dysfunction-associated steatohepatitis and to the expanding roles of sodium-glucose cotransporter 2 (SGLT2) inhibitors, glucagon-like peptide-1 (GLP-1) receptor agonists and non-steroidal mineralocorticoid receptor antagonists. Cardiovascular, renal, metabolic, and hepatic disorders are frequently present in the same patient. Other individuals may develop this high-risk cluster over time. The aim of this article is to define the interplay between different metabolic conditions and to outline the best approach to diagnosis, monitoring, and effective integrated therapy.","Medicina (Kaunas, Lithuania)",2026,10.3390/medicina62091742,PMC13609224,Journal Article; Review,hba1c,PubMed
42793853,Lifestyle Adherence and Metabolic Control in Adults with Type 2 Diabetes: Development of a Lifestyle Compliance Index.,"Background: Lifestyle modification is central to type 2 diabetes mellitus (T2DM) management, but adherence is difficult to assess in routine care. We developed a pragmatic Lifestyle Compliance Index (LCI) from routinely collected behavioral variables and examined its cross-sectional associations with cardio-renal-metabolic measures. Objectives: To describe the LCI, compare outcomes across adherence categories, evaluate adjusted associations, and quantify incremental discrimination for prevalent metabolic and renal abnormalities. Methods: Adults with T2DM attending a specialized outpatient diabetes clinic in Romania were assessed using a standardized clinical questionnaire and routine laboratory data. The LCI combined seven binary behaviors and graded physical activity (0-2 points; theoretical range 0-9). Group comparisons, unadjusted bivariate and adjusted multivariable regressions, false discovery rate correction, and stratified five-fold cross-validated logistic models were used. Results: Among 232 participants, 231 had a complete LCI; low, moderate, and high adherence included 84 (36.4%), 94 (40.7%), and 53 (22.9%) participants, respectively. Higher LCI scores were associated with lower adiposity, HbA1c, TyG index, triglycerides, creatinine, and SCORE2-Diabetes risk and with higher eGFR. In models adjusted for age, sex, and diabetes duration, each LCI point was associated with lower odds of obesity (aOR 0.749), elevated TyG index (0.757), albuminuria (0.716), reduced eGFR (0.802), and HbA1c ≥ 7% (0.833). Adding LCI improved cross-validated discrimination most for albuminuria (AUC 0.482 to 0.642), obesity (0.489 to 0.619), and elevated TyG index (0.524 to 0.646). The baseline albuminuria AUC was below chance, and the extended AUC remained modest. Conclusions: In this cross-sectional sample, higher self-reported lifestyle adherence was associated with a more favorable cardio-renal-metabolic profile. The LCI should be considered exploratory until validated against objective measures and tested in larger prospective populations.","Diagnostics (Basel, Switzerland)",2026,10.3390/diagnostics16183068,PMC13605148,Journal Article,hba1c,PubMed
42788116,Diabetic Myonecrosis: An Under-Recognised Complication of Poorly Controlled Diabetes with a High Morbidity- A Clinico-Radiological Study.,"INTRODUCTION: Diabetic myonecrosis is an uncommon and under-recognised complication of diabetes mellitus. We aimed to describe the clinical profile, imaging characteristics, management strategies, and outcomes of patients with diabetic myonecrosis. METHODS: This retrospective study included 30 patients diagnosed with diabetic myonecrosis between 2002 and 2024. Diagnosis - based on clinical suspicion, supported by characteristic ultrasonography and magnetic resonance imaging. Demographic data, diabetes characteristics, biochemical parameters, imaging features, management approaches, recurrence, and mortality were analysed. RESULTS: The mean age was 49.1 ± 11.7 years, with a mean diabetes duration of 12.6 ± 6.9 years and poor glycaemic control (HbA1c 8.83 ± 1.88%). Acute limb pain and swelling were the most common presentations (93.3%), predominantly involving the thigh and calf muscles. MRI revealed characteristic muscle oedema and infarction, frequently extending beyond the quadriceps to involve hamstrings, adductors, and posterior compartments. Diabetic nephropathy and retinopathy were present in 70% of patients. Most patients (83.3%) improved with conservative management. Recurrence occurred in 23.3% of cases, and the overall mortality rate was 33.3%. Recurrence was the strongest predictor of mortality (adjusted OR, 8.20; 95% CI, 1.45-46.40), while advanced kidney disease increased the risk, and higher serum albumin levels were protective. CONCLUSION: Diabetic myonecrosis should be considered in patients with diabetes who present with acute localised muscle pain; the presence of advanced CKD, significant proteinuria, or hypoalbuminemia identifies those at increased risk of adverse outcomes. MRI is the diagnostic modality of choice. Despite response to conservative therapy, high recurrence and mortality rates highlight the need for early recognition and long-term surveillance.",Indian journal of endocrinology and metabolism,2026,10.4103/ijem.ijem_1078_25,PMC13609916,Journal Article,hba1c,PubMed
42786007,"Current antiretrovirals, hyperglycemia, and type 2 diabetes in people with HIV.","People with HIV (PWH) are now effectively treated with antiretroviral therapy, including integrase strand transfer inhibitors (INSTIs) and nucleoside reverse transcriptase inhibitors (NRTIs). In the context of the global obesity epidemic, cardiometabolic complications, including type 2 diabetes, are increasingly common in PWH. In this article, we address the potential diabetogenic role of some current antiretrovirals. Beyond classical risk factors, INSTIs could promote diabetes through weight gain and drug-specific effects. They can also, rarely, induce severe acute ketosis-prone hyperglycemia. Because INSTIs and some NRTIs could alter insulin and lipid levels, standard indices of insulin resistance may be unreliable. Diabetes management generally follows recommendations for the general population, with the use of glucagon-like peptide-1 receptor agonists and sodium glucose cotransporter 2 inhibitors to reduce glycated hemoglobin A1c, weight, and cardiometabolic risk.",Trends in endocrinology and metabolism: TEM,2026,10.1016/j.tem.2026.09.001,,Journal Article; Review,hba1c,PubMed
42783806,Association Between Obesity Severity and Bioelectrical Impedance Analysis-Derived Metabolic Age in Individuals with Type 2 Diabetes Mellitus.,"BACKGROUND: Metabolic age (Met-Age), a bioelectrical impedance analysis (BIA)-derived index based on basal metabolic rate (BMR) and body composition, has been associated with cardiometabolic risk. However, its relationship with body mass index (BMI)-defined obesity severity in individuals with type 2 diabetes mellitus (T2DM) remains unclear. This study investigated the association between obesity severity and Met-Age and identified factors associated with Met-Age. METHODS: In this retrospective observational study, 683 adults with T2DM were classified into five BMI categories: normal weight, overweight, and class I, II, and III obesity. Anthropometric, laboratory, and BIA-derived body composition data were analyzed using correlation and sex-stratified multivariable linear regression analyses. RESULTS: Although chronological age did not differ significantly across groups, Met-Age increased progressively with increasing obesity severity (p < 0.001). The Jonckheere-Terpstra test confirmed a significant ordered increase in Met-Age across BMI categories. BMI, fat mass, and waist-to-height ratio (WHtR) also increased progressively with increasing obesity severity. In the multivariable regression analyses, chronological age and WHtR were positively associated with Met-Age in both sexes, whereas muscle mass showed a weak inverse association with Met-Age only in female participants. No significant correlations were found between Met-Age and fasting blood glucose (FBG) or hemoglobin A1c (HbA1c) levels (all p > 0.05). CONCLUSIONS: In individuals with T2DM, greater obesity severity was associated with higher BIA-derived Met-Age. WHtR was positively associated with Met-Age in both sexes, whereas muscle mass showed a weak inverse association among female participants. Met-Age may serve as a descriptive index reflecting body composition and metabolic characteristics; however, its incremental clinical value beyond BMI and WHtR remains unproven.",Metabolites,2026,10.3390/metabo16090681,PMC13609596,Journal Article,hba1c,PubMed
42783241,Clinical Correlates of Type 2 Diabetes Self-Management in Adults: A Cross-Sectional Study.,"BACKGROUND: Diabetes self-management is essential for type 2 diabetes care, but cross-sectional associations may be distorted when questionnaire scores are incorrectly derived or converted into arbitrary categories. We evaluated clinical and sociodemographic correlates of the continuous Diabetes Self-Management Questionnaire (DSMQ) total score in a secondary analysis of an outpatient clinical database. METHODS: The analysis included 262 adults with type 2 diabetes recruited between 1 November 2025 and 1 May 2026. DSMQ total and subscale scores were independently recalculated from the 16 item-level responses using the published scoring algorithm. The primary analysis retained the DSMQ score as a continuous outcome. The database provided a participant-level count of documented glucose measurements > 250 mg/dL. This operational count was not treated as a standardized clinical event or severity category; individual measurement timestamps, participant-specific observation duration, and the total number of glucose measurements were unavailable. RESULTS: The recalculated DSMQ score was 5.26 ± 2.35 (median 5.10; interquartile range 3.12-7.08). Among 261 participants with an interpretable sex code, 144 (55.2%) were women. In univariable analyses, lower DSMQ scores were concurrently associated with longer diabetes duration, a higher recorded severe-hyperglycemia count, higher HbA1c, and higher fasting glucose. In the adjusted model (n = 261), the recorded severe-hyperglycemia count remained negatively associated with DSMQ score (adjusted coefficient -0.412 points per recorded episode; 95% confidence interval -0.621 to -0.203; p < 0.001). Individualized versus hospital-based education was not independently associated with the corrected score. A beta-regression sensitivity analysis produced a concordant direction of association (coefficient -0.152 on the logit mean scale; p < 0.001). The linear model explained 17.2% of observed variance (adjusted R2 = 0.136), with an optimism-corrected R2 of 0.099. CONCLUSIONS: The recorded severe-hyperglycemia count was a concurrent correlate of lower DSMQ score. Because the study is cross-sectional and glucose-measurement counts were preaggregated without observation-time or monitoring-frequency data, the findings do not establish temporal direction, causality, or individual-level clinical prediction. Item-level score verification and continuous-outcome analysis materially changed the interpretation of the dataset.","Diseases (Basel, Switzerland)",2026,10.3390/diseases14090348,PMC13605858,Journal Article,hba1c,PubMed
42787147,Association of the CUN-BAE index with glycemic outcomes in individuals with impaired fasting glucose: a retrospective multicenter Chinese cohort study.,"BACKGROUND: Diabetes mellitus (DM) poses a significant global public health challenge, with impaired fasting glucose (IFG) representing a critical prediabetic state. The Clínica Universidad de Navarra-Body Adiposity Estimator (CUN-BAE) index, a body fat estimator integrating body mass index (BMI), age, and gender, has shown promise in assessing cardiometabolic risk. However, its longitudinal association with bidirectional glycemic transitions, specifically reversion to normoglycemia and progression to DM, in individuals with IFG remains unclear. This study aimed to evaluate the association between baseline CUN-BAE index and glycemic outcomes in a Chinese IFG population. METHODS: This retrospective multicenter cohort study included 26,247 adults with baseline IFG from a health screening program. The CUN-BAE index was calculated using a standardized formula. Cox proportional hazards regression, restricted cubic spline models, and threshold effect analyses were employed to assess associations between the CUN-BAE index and glycemic outcomes, with adjustments for confounders. Subgroup and sensitivity analyses were conducted to verify robustness. RESULTS: Higher CUN-BAE index levels were independently associated with a reduced probability of reversion to normoglycemia (adjusted HR 0.99 per unit increase; 95% CI 0.98-0.99) and an increased risk of DM progression (adjusted HR 1.04; 95% CI 1.03-1.04). Nonlinear relationships were identified, with threshold effects at CUN-BAE index = 24.53 for reversion and CUN-BAE index = 22.51 for progression. The CUN-BAE index quartile analysis demonstrated a graded association, with the highest CUN-BAE index quartile showing a significantly elevated risk of diabetes and a reduced rate of reversion to normoglycemia. CONCLUSION: Higher CUN-BAE index levels are strongly and independently associated with adverse glycemic transitions in IFG individuals, with higher values indicating poorer outcomes. Its nonlinear associations and threshold effects support its utility for risk stratification and personalized intervention strategies in prediabetes management.",Frontiers in nutrition,2026,10.3389/fnut.2026.1813094,PMC13600847,Journal Article,fasting_glucose,PubMed
42786582,Alcohol consumption and colorectal cancer risk in prediabetes and diabetes: a nationwide cohort study.,"BACKGROUND: The impact of light-to-moderate alcohol consumption on colorectal cancer (CRC) risk remains uncertain. We examined whether a dose-response association exists between alcohol consumption and CRC risk and whether it differs by glycemic status. METHODS: A nationwide cohort of 4,475,492 adults undergoing health screening provided by Korean National Health Insurance Service in 2012 was analyzed. Participants were followed until CRC development, death, or December 31, 2022 (median follow-up, 9.33 years). Alcohol intake was categorized as none, light-to-moderate (male, <30 g/day; female, <20 g/day), or heavy. Incident CRC identified using ICD-10-CM and cancer-specific reimbursement codes served as the primary outcome. RESULTS: During follow-up, 51,592 participants developed CRC. Worse glycemic status was significantly associated with increased risk of CRC (hazard ratio [HR], 1.11 [95% CI, 1.09-1.13] for impaired fasting glucose (IFG); HR, 1.26 [95% CI, 1.23-1.29] for diabetes). Light-to-moderate alcohol consumption significantly and synergistically increased CRC risk in individuals with IFG (HR, 1.23 [95% CI, 1.19-1.27]; synergy index, 1.72 [95% CI, 1.40-2.04]) and in those with diabetes (HR, 1.48 [95% CI, 1.42-1.54]; synergy index, 2.04 [95% CI, 1.84-2.25]). Greater alcohol intake amount and frequency showed a linear dose-response association with increased risk of all subsites of colorectal cancer across all glycemic categories (except normoglycemia for proximal colon cancer), with the steepest gradient for diabetes. CONCLUSIONS: Even light-to-moderate alcohol consumption was associated with increased CRC risk; therefore, strict restriction of alcohol intake may help reduce this risk, particularly among individuals with IFG or diabetes.",Journal of the National Cancer Institute,2026,10.1093/jnci/djag340,,Journal Article,fasting_glucose,PubMed
42781555,A Comparative Evaluation of Dapagliflozin and Sulfonylureas in Patients With Type 2 Diabetes Mellitus.,"Introduction Type 2 diabetes mellitus (T2DM) often requires combination therapy when metformin alone fails to achieve adequate glycemic control. Dapagliflozin, a sodium-glucose cotransporter-2 (SGLT2) inhibitor, and glimepiride, a sulfonylurea, are commonly prescribed as add-on therapies. This study compared their efficacy and safety in patients with inadequately controlled T2DM. Methods A nonrandomized prospective observational comparative study was conducted at a tertiary care teaching hospital between April and November 2024. A total of 170 adults with inadequately controlled T2DM receiving metformin (1000 mg) were allocated to receive either dapagliflozin (10 mg) (n=85) or glimepiride (2 mg) (n=85) and were followed for 24 weeks. Primary outcomes included changes in glycated hemoglobin (HbA1c), fasting blood sugar (FBS), and postprandial blood sugar (PPBS). Secondary outcomes included body weight, blood pressure, and adverse events. Results Both treatment groups demonstrated significant improvements in glycemic control over 24 weeks. At study completion, HbA1c was significantly lower in the dapagliflozin group than in the glimepiride group (7.60±0.64% vs. 8.00±0.68%; p=0.01). Glimepiride produced a greater reduction in FBS (101.82±20.65 vs. 115.98±15.09 mg/dL; p<0.001), while PPBS was comparable between groups (p=0.45). Dapagliflozin resulted in significant weight loss and reductions in systolic and diastolic blood pressure, whereas glimepiride was associated with weight gain. Overall, adverse events were more frequent with dapagliflozin, primarily polyuria and genital infections, while hypoglycemia and tremors occurred more frequently with glimepiride. Conclusions Both dapagliflozin and glimepiride were effective as add-on therapy to metformin in improving glycemic control. Dapagliflozin was associated with greater HbA1c reduction, weight loss, lower blood pressure, and a lower risk of hypoglycemia, whereas glimepiride achieved greater fasting glucose reduction. Treatment selection should be individualized based on patient characteristics, comorbidities, and therapeutic goals.",Cureus,2026,10.7759/cureus.115086,PMC13600097,Journal Article,fasting_glucose,PubMed
42780359,Clinical characteristics of subclinical carotid atherosclerosis in middle-aged and elderly populations with different glucose metabolism statuses: a cross-sectional study.,"BACKGROUND: Subclinical carotid atherosclerosis (SCAS) is linked to cardiovascular events, yet its characteristics across various glucose metabolism statuses remain unclear. This study investigated SCAS prevalence and its association with dysglycemia in a community-dwelling population. METHODS: In this cross-sectional study (September-December 2021, Beijing), 4,964 middle-aged and elderly residents underwent 75 g oral glucose tolerance tests and were categorized into normal glucose tolerance (NGT), prediabetes [including isolated impaired fasting glucose [IFG], isolated impaired glucose tolerance [IGT], and combined IFG + IGT], and new-onset diabetes mellitus (DM). Standardized carotid ultrasonography assessed carotid intima-media thickness (CIMT) and plaque presence. Multivariable logistic regression was used to identify factors associated with SCAS in the whole cohort and in the prediabetic subgroup, with adjustment for age, sex, blood pressure, body mass index, and lipid profiles. RESULTS: The cohort comprised 2,224 NGT, 2,022 prediabetes (758 IFG, 569 IGT, 695 mixed), and 718 DM participants. Anthropometric and metabolic parameters progressively worsened with increasing glucose dysregulation severity. SCAS prevalence was highest in the DM group (70.5%), followed by prediabetes (66.8%) and NGT (62.2%) (p < 0.05). Within the prediabetic cohort, SCAS was significantly more prevalent in the IGT group than the IFG group (63.5% vs. 55.8%, p < 0.05). After full adjustment, compared with NGT, both prediabetes (OR = 1.28, 95% CI: 1.10-1.49) and new-onset DM (OR = 1.52, 95% CI: 1.25-1.85) remained independently associated with SCAS (both p < 0.01). In the prediabetic subgroup, factors independently associated with SCAS included age, sex, 2 h postprandial glucose, total cholesterol, and HDL-C (protective). CONCLUSION: The prevalence of SCAS varies significantly across glucose metabolism statuses. Both new-onset diabetes and prediabetes-particularly the IGT phenotype-are closely associated with a higher burden of SCAS, independent of traditional cardiovascular risk factors. These findings provide a rationale for evaluating early screening strategies in future prospective studies, but prospective cohort studies are needed to establish causal relationships and to determine the clinical implications.",Frontiers in cardiovascular medicine,2026,10.3389/fcvm.2026.1868434,PMC13597245,Journal Article,fasting_glucose,PubMed
42764571,Evaluating Imeglimin as a Novel Therapeutic Action Type 2 Diabetes Mellitus: A Systematic Review and Meta-Analysis.,"INTRODUCTION/OBJECTIVE: Imeglimin is the first agent of the novel glimin class that targets mitochondrial dysfunction, a key pathophysiological mechanism underlying type 2 diabetes mellitus (T2DM). This systematic review and meta-analysis aimed to evaluate the efficacy and safety of imeglimin in patients with T2DM. METHODS: A systematic literature search was conducted in PubMed, Scopus, Embase, and the Cochrane Central Register of Controlled Trials (CENTRAL) from database inception to December 2025. Randomized controlled trials (RCTs) and prospective observational studies evaluating imeglimin as monotherapy or combination therapy were included. Risk of bias was assessed using the Cochrane RoB 2.0 and ROBINS-I tools. Continuous outcomes were pooled as mean differences (MDs) and dichotomous outcomes as risk ratios (RRs) with 95% confidence intervals (CIs). RESULTS: Twenty-four studies were included in the qualitative synthesis, comprising 13 experimental studies and 11 observational studies. Thirteen RCTs involving 1,925 participants were eligible for quantitative meta-analysis. Imeglimin significantly reduced glycated haemoglobin (HbA1c) compared with control therapy (MD -0.21%; 95% CI: -0.25 to -0.17), although substantial heterogeneity was observed (I2 = 96.1%). Fasting plasma glucose (FPG) was also significantly reduced (MD -0.97 mmol/L; 95% CI: -1.08 to -0.86; I2 = 92.3%). No statistically significant increase in serious adverse events was identified. Gastrointestinal adverse events were primarily dose-related and generally mild. Although the pooled analysis showed an increased risk of hypoglycaemia, subgroup analyses were limited by low event rates and wide confidence intervals. DISCUSSION: Imeglimin demonstrated consistent improvements in glycaemic control, particularly when used in combination with other antidiabetic therapies. Variations in study design, treatment duration, baseline glycaemic status, and comparator regimens likely contributed to the observed heterogeneity. CONCLUSION: Imeglimin is an effective glucose-lowering therapy with an acceptable safety profile in patients with T2DM. Optimal efficacy appears to be achieved at doses of 1000-1500 mg twice daily, particularly as add-on therapy. Further large-scale, long-term studies are required to evaluate cardiovascular and renal outcomes and establish its role in routine clinical practice.",Current diabetes reviews,2026,10.2174/0115733998495947260828082811,,Journal Article,fasting_glucose,PubMed
42764204,Quantitative Insights into Tirzepatide and Semaglutide Using Longitudinal Systems Modeling.,"CONTEXT: In a 28-week clinical trial of patients with type 2 diabetes (T2D), tirzepatide 15 mg (a dual GIP/GLP-1 receptor agonist) and semaglutide 1 mg (a GLP-1 receptor agonist) both improved fasting glucose, with tirzepatide showing superior efficacy. The longitudinal metabolic mechanisms underlying this difference remain incompletely defined. OBJECTIVE: To compare the longitudinal metabolic effects of tirzepatide and semaglutide using model-based analysis of fasting measures, elucidate underlying mechanisms, and explore strategies to enhance outcomes in low responders. METHODS: A mechanistic longitudinal model was developed based on the trial data from patients treated with tirzepatide or semaglutide. The model integrates fasting glucose, fasting insulin, insulin sensitivity, and beta-cell function over time, enabling quantification of hepatic glucose production (HGP) and isolation of insulin-independent drug effects on HGP. RESULTS: Beta-cell function, as assessed by HOMA-B, initially increased and then declined as insulin sensitivity improved, a reversal of the canonical T2D progression pathway. Tirzepatide's superior fasting glucose control versus semaglutide was driven primarily by greater insulin-independent suppression of HGP. Low responders exhibited deficient HGP suppression, and simulations suggested that enhancing HGP suppression improves fasting glucose without inducing β-cell stress associated with sustained hypersecretion. Simulated enhancement of weight loss accelerated early glycemic improvement but did not further reduce long-term fasting glucose levels. CONCLUSION: Greater suppression of hepatic glucose production was associated with greater efficacy of tirzepatide 15 mg versus semaglutide 1 mg in improving fasting glucose. Therapeutic strategies targeting suppression of hepatic glucose production may provide metabolic benefit beyond direct enhancement of beta-cell function or additional weight loss.",The Journal of clinical endocrinology and metabolism,2026,10.1210/clinem/dgag383,,Journal Article,fasting_glucose,PubMed
42760071,"Diabetes status, fasting glucose and HbA1c, and outcomes after myocardial infarction: a retrospective registry-based Swedish cohort study.","OBJECTIVES: This study aimed to assess cardiovascular (CV) risk across the full spectrum of dysglycaemia levels following myocardial infarction (MI). DESIGN: Retrospective registry-based cohort study. SETTING: All patients with MI in Sweden registered in the cardiac rehabilitation registry within the Swedish Web-system for Enhancement and Development of Evidence-based care in Heart disease Evaluated According to Recommended Therapies (SWEDEHEART) between 2006 and 2017. PARTICIPANTS: In total, 47 558 patients over the age of 18 attending cardiac rehabilitation post-MI, with available information on glycaemic levels. PRIMARY AND SECONDARY OUTCOME MEASURES: The primary outcome was major adverse CV events (MACE), a composite of all-cause mortality, MI and ischaemic stroke until the end of follow-up (30 June 2018). Secondary outcomes included all the components of MACE, CV mortality and hospitalisation for heart failure. RESULTS: Pre-diabetes and possible diabetes were present in 20.6%, new-onset diabetes in 3.2% and known diabetes in 21.1%. During a median follow-up of 4.7 years, 9321 patients experienced MACE. A stepwise increase across glycaemic categories was observed, with HRs of 1.07 (95% CI 1.00 to 1.14) for pre-diabetes, 1.22 (95% CI 1.11 to 1.34) for possible diabetes, 1.22 (95% CI 1.08 to 1.37) for new-onset diabetes and 1.73 (95% CI 1.64 to 1.82) for known diabetes, compared with normoglycaemia. A near-linear association between fasting glucose and outcomes was observed across all patients, while glycated haemoglobin appears predictive mainly in those with established diabetes. CONCLUSIONS: Glycaemic disturbances early after MI, including hyperglycaemia below the diagnostic threshold for diabetes, are associated with a progressively higher risk of adverse outcomes. Beyond routine screening, these findings support close follow-up of at-risk patients, irrespective of diabetes status.",BMJ open,2026,10.1136/bmjopen-2026-121970,PMC13599995,Journal Article,fasting_glucose,PubMed
42752803,Beyond Traditional Glycemic Measures: CGM Glycemic Profiles Reveal Associations With Cardiometabolic Risk in Individuals Without Diabetes.,"OBJECTIVE: Fasting plasma glucose (FPG) and hemoglobin A1c (HbA1c) may not fully capture the heterogeneity underlying dysglycemia or its associations with cardiometabolic risk factors (CMRFs). We cross-sectionally investigated whether continuous glucose monitoring (CGM) measures and glycemic profiles could reveal 10-year cardiovascular disease (CVD) risk and individual CMRFs among individuals without diabetes. RESEARCH DESIGN AND METHODS: We included 1,356 participants without prevalent diabetes or CVD from the Framingham Heart Study, who wore a blinded Dexcom G6 Pro CGM for up to 10 days. CGM glycemic profiles were characterized using 1) binary classification of glycemic burden and variability and 2) unsupervised clustering of CGM measures. We performed multivariable-adjusted linear and logistic regression models to examine associations of CGM measures and profiles with 10-year CVD risk estimates (PREVENT equations) and individual CMRFs. RESULTS: Participants' mean was age 59.3 years; 55.8% were women, and 92.6% were non-Hispanic White. CGM measures were positively associated with 10-year CVD risk estimates and CMRFs. For example, 1 SD higher percentage of time spent at glucose levels >140 mg/dL (15.4%) was associated with 2% higher 10-year CVD risk estimates and 21-26% higher odds of hypertension and dyslipidemia, even after adjusting for FPG. Glycemic profiles representing higher CGM dysglycemia revealed discordance with traditionally defined glycemic status (FPG and HbA1c). Although 48.1-84.2% of individuals with traditionally defined prediabetes were included in CGM profiles representing higher dysglycemia, such profiles were associated with 6-7% higher 10-year CVD risk estimates, in addition to worse CMRFs. CONCLUSIONS: Glycemic measures reflective of continuous glucose dynamics may provide additional insights into cardiometabolic risk beyond traditional measures.",Diabetes care,2026,10.2337/dc26-1197,,Journal Article,fasting_glucose,PubMed
42749905,Maternal metformin treatment in obese pregnant dams normalizes neonatal sensory-motor reflexes.,"BACKGROUND: Maternal overweight and obesity have reached epidemic proportions over recent decades, with detrimental effects on offspring metabolism and neurodevelopment. Metformin, commonly used to treat type 2 diabetes mellitus and gestational diabetes, is being investigated for use in maternal obesity due to its weight-loss-promoting, glucose-lowering, and insulin-sensitizing effects. Metformin may improve maternal metabolic state and support early sensory-motor development in offspring. METHODS: Three-week-old female C57BL/6NCrl mice were fed either a standard diet (SD, 9 kJ% fat, low sucrose content; CO group) or a Western-style diet (WSD, 45 kJ% fat, high sucrose content; OB group) from weaning through mating, gestation, and lactation. A subgroup of pregnant WSD-fed mice received metformin hydrochloride (target dose 380 mg/kg/d; OB + M group), dissolved in drinking water during gestation. At mid-gestation, a small cohort of pregnant dams was assessed for their metabolic profile. After delivery, pups were culled to six per litter at postnatal day (P) 2, and reflex ontogeny - such as righting, negative geotactic, and cliff-avoidance responses - was evaluated until P9 as a measure of early neurodevelopment. RESULTS: Feeding a WSD resulted in approximately 20% heavier dams in the OB group by the time of mating. Metformin administration led to gestational weight gain of about 56%, compared to OB weight gain of approximately 64%. Plasma leptin levels, perigonadal white adipose tissue, fasting glucose, and HbA1c in OB + M dams were numerically intermediate between OB and CO at mid-gestation, without reaching statistical significance, while glucose tolerance remained impaired to a similar extent as in OB dams. Metformin reduced placental weight in female fetuses and increased the fetal-to-placental weight ratio compared with the CO group. Metformin had no effect on neonatal survival but accelerated postnatal weight gain in both sexes and improved sensory-motor reflex maturation compared to OB neonates, most consistently for the geotactic reflex in both sexes and the cliff avoidance reflex in females. CONCLUSIONS: Metformin did not restore maternal metabolic parameters at mid-gestation, despite the numerically intermediate phenotype across several markers, but it significantly attenuated gestational weight gain. Although neonatal survival was not improved, gestational metformin was associated with accelerated postnatal weight gain and improved sensory-motor reflex maturation in offspring, though effects varied across reflex types. Accelerated postnatal weight gain warrants cautious interpretation and long-term follow-up, as it is a risk factor for childhood obesity and metabolic disorders in later life.",Molecular and cellular pediatrics,2026,10.1186/s40348-026-00259-8,PMC13582716,Journal Article,fasting_glucose,PubMed
42748597,"Effect of eating vegetables before carbohydrates on glucose, insulin and glycemic control - A systematic review and meta-analysis of randomized controlled trials.","BACKGROUND AND AIMS: It is discussed that eating vegetables before carbohydrates may reduce the increase of postprandial glucose and improve insulin secretion. However, findings of studies investigating the effectiveness are inconclusive. Therefore, the aim of this systematic review and meta-analysis was to assess the effects on glycemic control in adults with and without health conditions. METHODS: PubMed and the Cochrane Library were searched until September 2025. Randomized controlled trials (RCTs) examining the effect of a vegetable preload before carbohydrate consumption on postprandial and fasting glucose, insulin and HbA1c levels in adults were selected. RESULTS: In total, we included 18 RCTs. Using risk of bias tool RoB 2 ten trials were rated with moderate risk of bias and eight with a high risk. With very low certainty of evidence the intervention reduced postprandial glucose and insulin concentration after 30 min (MD (95% CI): -1.21 mmol/L [-1.75, -0.68] and -13.14 μU/mL [-18.63, -7.65]) and 60 min (-0.52 mmol/L [-0.67, -0.37]; and -12.03 μU/mL [-18.27, -5.78]) compared to their controls without vegetable preloads. After 120 min, postprandial glucose and insulin values were higher compared to the controls (0.24 mmol/L [0.06, 0.42] and 7.10 μU/mL [1.94, 12.26]). In people with type 2 diabetes, the intervention reduced HbA1c (baseline: 8.3 ± 1.7%, after 24 months: 6.8 ± 0.8%). CONCLUSION: Although this meta-analysis shows short-term improvements in glucose and insulin concentrations and individual studies indicate beneficial effects on HbA1c, the interpretability of these results is severely restricted due to methodological limitations. PROSPERO registration number: CRD42024529101.","Clinical nutrition (Edinburgh, Scotland)",2026,10.1016/j.clnu.2026.106775,,Journal Article,fasting_glucose,PubMed
42745769,"Incremental effects of SGLT2 inhibitors, GLP-1 receptor agonists, and pioglitazone in type 2 diabetes and MASLD across Asian study settings: a systematic review and meta-analysis.","OBJECTIVE: We evaluated the incremental hepatic and metabolic effects of adding sodium-glucose cotransporter 2 (SGLT2) inhibitors, glucagon-like peptide-1 receptor agonists (GLP-1RAs), or pioglitazone to comparable background glucose-lowering therapy in Asian adults with type 2 diabetes mellitus (T2DM) and metabolic dysfunction-associated steatotic liver disease (MASLD). METHODS: We systematically searched PubMed, Embase, the Cochrane Library, and Web of Science through 30 June 2026. Two reviewers independently screened studies, extracted data, and assessed risk of bias. Eligible trials evaluated the addition of a study drug to background glucose-lowering management that was comparable between randomized groups and either remained stable or followed a prespecified adjustment protocol. Changes from baseline in alanine aminotransferase (ALT) and glycated hemoglobin (HbA1c) were coprimary outcomes. Secondary outcomes included aspartate aminotransferase, gamma-glutamyl transferase, magnetic resonance imaging-proton density fat fraction, liver stiffness, fibrosis-4 index, fasting plasma glucose, lipid parameters, body mass index, serum adiponectin, and systolic blood pressure. Random-effects pairwise meta-analyses were performed, and GRADE certainty was assessed for the two coprimary outcomes. Safety outcomes were synthesized narratively because reporting was heterogeneous and frequently incomplete. RESULTS: We included eleven randomized trials: 692 participants were randomized into eligible comparisons, of which 642 participated in the coprimary efficacy analyses. Moderate certainty was found for a reduction in ALT with the addition of an SGLT2 inhibitor compared with background therapy alone (mean difference [MD], - 7.56 U/L; 95% confidence interval [CI], - 11.24 to - 3.88); however, there was little or no clinically important further benefit observed for HbA1c (MD, - 0.09%; 95% CI, - 0.27 to 0.08; moderate certainty). Modest reductions in ALT were suggested by moderate certainty for GLP-1RAs (MD, - 6.71 U/L; 95% CI, - 11.53 to - 1.89) while low certainty indicated an HbA1c reduction (MD, - 0.48%; 95% CI, - 0.83 to - 0.14). Secondary exploratory findings favoring add-on therapy existed, although they are unadjusted for multiplicity. The comparative safety could not be assessed reliably. CONCLUSION: In short-term randomized trials conducted in Asian study settings, adding SGLT2 inhibitors or GLP-1RAs may improve selected hepatic and metabolic surrogate outcomes. The available evidence does not support a treatment-class ranking, and the durability and clinical significance of these changes remain uncertain because follow-up was short and several comparisons were based on sparse evidence. Comparative safety also remains uncertain because adverse-event reporting was heterogeneous and incomplete. SYSTEMATIC REVIEW REGISTRATION: https://www.crd.york.ac.uk/PROSPERO/, identifier CRD420251231137.",Frontiers in endocrinology,2026,10.3389/fendo.2026.1942151,PMC13574646,Journal Article; Systematic Review; Meta-Analysis,fasting_glucose,PubMed
42740899,"Early insulin initiation in type 2 diabetes: efficacy, safety, and clinical implications: a systematic review with narrative synthesis.","AIMS/BACKGROUND: Early insulin initiation in type 2 diabetes mellitus (T2DM) is proposed to improve glycemic control, preserve β-cell function, and potentially reduce long-term complications. Evidence suggests that starting insulin within five years of diagnosis may offer additional metabolic benefits, but its clinical impact remains uncertain. This systematic review aimed to evaluate the efficacy, safety, and challenges of early insulin use in T2DM. METHODS: We systematically searched PubMed, Cochrane Library, Scopus, and Controlled Trials Register for studies published from 2010 to 2024, including adults with T2DM who initiated insulin within five years of diagnosis. Sixteen studies met inclusion criteria (9 RCTs, 7 observational), totaling 44, 045 participants. Two reviewers independently extracted data on glycemic outcomes, adverse events, and long-term complications. Risk of bias was assessed using the Cochrane tool for RCTs and the JBI checklist for observational studies. Due to substantial clinical and methodological heterogeneity, a meta-analysis was not performed, and findings were synthesized narratively. RESULTS: Early insulin therapy significantly reduced HbA1c (by 0.8-2.3%, p<0.05) and fasting glucose (by 1.2-2.4 mmol/L). Hypoglycemia occurred in 8-15% of insulin users compared to 3-10% with oral agents; severe episodes were rare (<2%). Weight gain over 2 kg was reported in nearly half of the studies. CONCLUSION: Early insulin initiation improves glycemic outcomes and may preserve β-cell function. However, increased risks of hypoglycemia and weight gain warrant individualized treatment decisions. Future studies should adopt standardized definitions and assess long-term cardiovascular outcomes. SYSTEMATIC REVIEW REGISTRATION: https://www.crd.york.ac.uk/prospero/, identifier CRD42024508356.",Frontiers in endocrinology,2026,10.3389/fendo.2026.1843227,PMC13572116,Journal Article; Systematic Review,fasting_glucose,PubMed
42740863,"Risk factors for incident type 2 diabetes among adults with impaired fasting glucose: a comparison of three regression models accounting for competing mortality in Liuzhou, Guangxi, China.","OBJECTIVES: Impaired fasting glucose (IFG) is a prediabetic precursor of type 2 diabetes (T2DM). Few long-term cohorts with substantial competing mortality compare risk estimates from logistic, Cox and Fine-Gray regression. This study aimed to examine cross-model discrepancies and demonstrate model-dependent bias in IFG risk inference. METHODS: We followed 913 Chinese IFG adults recruited in Liuzhou, Guangxi (2004-2008) for up to 20 years until 31 December 2024 (median 17.83 years). Three regression models were used to identify fully adjusted T2DM predictors. RESULTS: Fasting glucose, body fat percentage and older age were consistent positive predictors; female sex was persistently protective. Body mass index (BMI) ≥28 kg/m2 and waist-to-hip ratio showed divergent results across models. Hypertension lacked independent effects in all models, and enrollment year was significant only in Cox regression. CONCLUSIONS: Statistical model choice alters risk factor conclusions in IFG cohorts with high competing mortality. Joint interpretation of complementary regression methods is recommended.",Preventive medicine reports,2026,10.1016/j.pmedr.2026.103616,PMC13572089,Journal Article,fasting_glucose,PubMed
42739203,Ferritin and Soluble Transferrin Receptor Beyond Inflammation: Independent Associations with Fasting Glucose and Metabolic Syndrome in a Central Asian Cohort.,"Background/Objectives: Metabolic syndrome (MetS) is a major global public health concern associated with an increased risk of cardiovascular disease and type 2 diabetes mellitus. Iron metabolism has been implicated, but the storage (ferritin) and functional (soluble transferrin receptor, sTfR) axes are rarely assessed within a single model. We aimed to determine whether both axes are independently associated with glycaemia and MetS and to evaluate their diagnostic value. Materials and Methods: A cross-sectional study was conducted in 297 adults (72.8% women) from Turkestan, Kazakhstan. Hierarchical regression models with sequential adjustment were applied for age, sex, body mass index (BMI), high-sensitivity C-reactive protein (hs-CRP), dietary inflammatory index (DII), HFE H63D genotype, and gamma-glutamyl transferase (GGT). Path analysis and receiver operating characteristic (ROC) analysis were also performed. Results: Ferritin and sTfR were independently associated with fasting glucose (β = 0.27 and 0.73, respectively) and metabolic syndrome (OR = 1.52 and 4.53, respectively). When analyzed separately, neither biomarker reached statistical significance for MetS (ferritin: OR = 1.20, p = 0.140; sTfR: OR = 1.93, p = 0.072). Ferritin demonstrated no discriminatory ability in men (AUC = 0.500, 95% CI 0.370-0.630) and modest discrimination in women (AUC = 0.652, 95% CI 0.571-0.732). GGT accounted for approximately 28% of the ferritin-glucose association in a path-analytic model. Ferritin, GGT, and HbA1c levels increased progressively even among individuals with 0-2 MetS components. Conclusions: Both the storage and functional axes of iron metabolism provide independent information on glycaemic status, but their associations become apparent only when assessed simultaneously. Ferritin alone is not suitable as a diagnostic marker for metabolic syndrome.","Diagnostics (Basel, Switzerland)",2026,10.3390/diagnostics16172773,PMC13565190,Journal Article,fasting_glucose,PubMed
42788129,Insulin Resistance and Beta Cell Function in Hepatogenous Diabetes.,"INTRODUCTION: The present study aimed to examine the change in beta cell function and insulin resistance (IR) over 6 months in patients with liver cirrhosis (LC) and hepatogenous diabetes (HD) and to assess their correlation with liver disease severity. METHODS: One hundred and seventy-three patients with LC without a prior history/risk factors of type 2 diabetes mellitus and with non-diabetic fasting blood glucose and glycated haemoglobin were subjected to a 75-g oral glucose tolerance test (OGTT). Those with 2-h plasma glucose ≥140 mg/dl were categorised as having HD. Plasma insulin and glucose were analysed during OGTT. Indices for IR and beta cell function, such as Homeostatic Model Assessment for Insulin Resistance (HOMA-IR), oral glucose sensitivity index - 3 h (OGIS-3h) and insulinogenic index (IGI) were examined at baseline and repeated after a 6-month follow-up. RESULTS: HD was detected in 65.8% (114/173) of the study cohort. Eighty-nine patients were recruited to the study, and 40 were available for follow-up. The majority (89.8%) were males with a mean body mass index of 23 ± 4.1 kg/m2. Alcohol was the most common cause of LC (76.4%), and most (84.3%) belonged to Child-Turcot-Pugh (CTP) classes B and C. Plasma fasting insulin and HOMA-IR values were significantly higher in higher CTP classes and worsened at the 6-month follow-up. Peripheral insulin sensitivity measured by OGIS-3h was significantly worse in patients with a worse Model for End-Stage Liver Disease value at baseline but did not change during follow-up. Beta cell function measured by IGI was neither different across CTP classes at baseline nor changed during follow-up. CONCLUSION: Peripheral hyperinsulinaemia and IR, rather than beta cell dysfunction, predominate in patients with LC and glucose abnormalities on OGTT and worsen with worsening liver dysfunction.",Indian journal of endocrinology and metabolism,2026,10.4103/ijem.ijem_863_25,PMC13609918,Journal Article,oral_glucose_tolerance,PubMed
42778404,Rapid progression of β-cell dysfunction in a patient with glycogen storage disease type 1a complicated by diabetes: longitudinal assessment by serial OGTTs with a review of the literature.,"Glycogen storage disease type 1a (GSD1a) is characterized by hypoglycemia in childhood; however, cases complicated by diabetes in adulthood have increasingly been reported. The clinical phenotype of GSD1a appears heterogeneous, and insulin secretory capacity in the patients has not been fully characterized. Herein, we report the case of a 20-year-old woman with GSD1a who was initially diagnosed with type 2 diabetes in early adulthood. The patient's glycemic control gradually deteriorated despite administration of oral antidiabetic agents. Longitudinal evaluation using 75-g oral glucose tolerance tests demonstrated a marked decline in insulin secretion within 10 months. Based on these findings, insulin therapy was initiated, resulting in stable glycemic control. This case suggests that rapid β-cell decompensation occurs during the clinical course of early-onset diabetes in young patients with GSD1a.",Endocrine journal,2026,10.1507/endocrj.EJ26-0310,,Journal Article,oral_glucose_tolerance,PubMed
42749367,Association of hyperglycaemia during pregnancy with future risk of type 2 diabetes among women: a nested case-control study using a US health administrative database.,"OBJECTIVE: To quantify the risk of type 2 diabetes mellitus (T2DM) among women based on the number of abnormal values on 100-gram oral glucose tolerance test (OGTT). DESIGN: A 1:5 matched case-control study nested to a cohort of pregnant women was conducted. Conditional logistic regression was employed to estimate the independent association between glucose levels and future risk of T2DM. SETTING: This study used a large multicentre electronic health records (EHRs) database-Cerner Real-World Data (CRWD) between 2000 and 2016, covering approximately 21.6% of US inpatient EHRs. PARTICIPANTS: We identified a cohort of 130 172 pregnant women registered in the CRWD between 2000 and 2016 and were followed up until the end of 2016. A nested case-control study was conducted within this cohort, comprising 1 390 cases and 6 950 matched controls. RESULTS: Adjusted Odds Ratios for the risk of T2DM among women with one abnormal value and at least two abnormal values on OGTT diagnosed by the National Diabetes Data Group criteria, as compared with those women with normal OGTT values, were 5.69 (95% CI 4.34 to 7.47) and 13.20 (95% CI 10.52 to 16.57), respectively. CONCLUSION: Women with one abnormal value on the 100-gram OGTT had a significantly higher risk of developing T2DM compared with women with normal glucose value.",BMJ open,2026,10.1136/bmjopen-2026-119313,PMC13583701,Journal Article; Multicenter Study,oral_glucose_tolerance,PubMed
42738624,Phytochemical Characterization of Freeze-Dried Stenocereus stellatus Seeds and Their Antihyperglycemic Activity in Experimental Prediabetes and Type 2 Diabetes.,"BACKGROUND: Prediabetes and type 2 diabetes (T2D) are characterized by progressive impairment of glucose homeostasis. This study aimed to expand the phytochemical profile of freeze-dried Stenocereus stellatus (red tunillo) seeds and evaluate their antihyperglycemic activity in experimental models of prediabetes (PDB) and T2D. RESULTS: Phytochemical screening and UPLC-QTOF-MSE revealed a chemically diverse profile. Six chromatographic features were putatively annotated on the basis of accurate mass, elemental composition, isotopic pattern, and high-energy data; the confidence of these annotations varied among features because authentic standards were not analyzed. Fourteen-day oral administration of freeze-dried seeds reduced blood glucose and improved glucose tolerance in prediabetic rats. In T2D rats, treatment reduced hyperglycemia and enhanced the glucose-lowering response to exogenous insulin, although the overall glucose excursion during the OGTT was not significantly improved. METHODS: Female rats with PDB and male rats with T2D were fed freeze-dried S. stellatus seeds at 100 and 200 mg kg-1, respectively, for 14 consecutive days. CONCLUSIONS: Freeze-dried S. stellatus seeds showed antihyperglycemic activity in both experimental models. Further quantitative, mechanistic, and long-term studies are required to define the contribution of individual metabolites and assess translational relevance.","Molecules (Basel, Switzerland)",2026,10.3390/molecules31172964,PMC13567401,Journal Article,oral_glucose_tolerance,PubMed
42733155,OGTT-Derived β-Cell Function-Based Stratification of 2-Year Glycaemic Transitions in Chinese Adults With Prediabetes.,"AIMS: Prediabetes is heterogeneous, with variable progression to diabetes or reversion to normoglycemia. We evaluated whether the insulin secretion-sensitivity index-2 (ISSI-2), an oral glucose tolerance test (OGTT)-derived integrated surrogate of β-cell function relative to insulin sensitivity and prevailing glycemia, was associated with baseline glycaemic profiles and 2-year transitions in Chinese adults with prediabetes. We also examined whether these associations differed from those of the homeostasis model assessment of insulin resistance (HOMA-IR) and whether cohort-specific index-based groups combining ISSI-2 and HOMA-IR stratified transition risk. MATERIALS AND METHODS: We analysed 645 Chinese adults with prediabetes and complete baseline OGTT glucose and insulin measurements from a multicentre lifestyle intervention cohort; 410 had 2-year outcomes. ISSI-2 and HOMA-IR were examined in relation to baseline glycaemic measures and 2-year progression or reversion using multivariable regression. RESULTS: Higher ISSI-2 was associated with lower FPG, 1-h PG, 2-h PG and HbA1c, with the strongest association observed for 1-h PG (β per 1-SD increase -1.189 mmol/L; p < 0.001). During follow-up, 136 participants progressed to diabetes and 61 reverted to normoglycemia. Each 1-SD increase in ISSI-2 was associated with lower progression risk (OR 0.505, 95% CI: 0.382-0.668) and higher likelihood of reversion (OR 1.447, 95% CI: 1.106-1.893), whereas HOMA-IR showed less consistent associations. Compared with the Low IR + higher ISSI-2 group, the dual-defect group (higher HOMA-IR and lower ISSI-2) had higher progression risk (OR 2.764, 95% CI: 1.459-5.237). CONCLUSIONS: ISSI-2 was associated with baseline glycaemic profiles and bidirectional 2-year transitions in Chinese adults with prediabetes. OGTT-derived β-cell function assessment may complement conventional glycaemic classification for short-term risk stratification, pending validation in independent cohorts.","Diabetes, obesity & metabolism",2026,10.1111/dom.71310,,Journal Article,oral_glucose_tolerance,PubMed
42714766,Gestational weight loss relative to prepregnancy weight in women with gestational diabetes: impact on maternal and neonatal outcomes.,"PURPOSE: Gestational weight loss (GWL) of overweight or obese women with gestational diabetes (GDM) during the third trimester has been associated with lower risk of macrosomia, caesarean delivery (CS) or neonatal intensive care unit (NICU) admission but with higher risk of preterm delivery (PTD) and small-for-gestational-age (SGA). We studied the association between GWL during the whole pregnancy and perinatal outcomes. METHODS: We conducted a retrospective study of the Portuguese national GDM database including all women with singleton pregnancies diagnosed by 24-28 week OGTT (oral glucose tolerance test) who delivered a liveborn infant and had recorded perinatal outcomes and gestational weight change. GWL was defined as weight loss between the maternal weight at delivery and pregestational weight. RESULTS: Among 7768 women, 180 (2.3%) had GWL; they had higher BMI, more frequent family history of type 2 diabetes, previous GDM, chronic hypertension, multiparity, higher fasting OGTT glucose and more frequent metformin treatment than women without GWL. GWL was associated with higher odds of PTD (OR 2.35, 95%CI 1.40-3.97, p- value = 0.001) and SGA (2.71, 1.70-4.33, p-value < 0.001) and lower odds of CS (0.62, 0.44-0.88, p-value = 0.006) and LGA (0.40, 0.22-0.70, p-value = 0.002), with non significant associations for HDP, NH, RDS and NICU admission. CONCLUSION: GWL was uncommon among women with GDM and was associated with over 2.3-fold higher risk of PTD, 2.7-fold higher risk of SGA newborns, and a 48% lower risk of CS and 60% lower risk of LGA infants.",Endocrine,2026,10.1007/s12020-026-04768-4,6888512,Journal Article,oral_glucose_tolerance,PubMed
42711084,Optimised carbohydrate dietary intervention for improving metabolic health in adults with prediabetes: study protocol for a multicentre randomised controlled trial.,"INTRODUCTION: Dietary modification is an important strategy for the prevention of type 2 diabetes, with fibre intake recognised as a key factor in promoting metabolic health. Resistant starch (RS), a type of fermentable dietary fibre, has emerged as a promising therapeutic approach due to its association with weight loss, enhanced insulin sensitivity and improved glucose metabolism. As nutritional research progresses, the focus has shifted from individual nutrients to overall dietary patterns. Based on this concept, this study aims to investigate the metabolic effects of a dietary pattern that optimises carbohydrate structure by increasing RS intake and reducing rapidly digestible carbohydrate in adults with pre-diabetes. METHODS AND ANALYSIS: This is a multicentre, randomised, parallel-controlled clinical trial, which will enrol 250 adults diagnosed with pre-diabetes. Eligible participants will undergo randomisation to receive either a guideline-based conventional diet or an optimised carbohydrate diet (OCD). In the OCD intervention, daily RS intake will be increased to approximately 40 g, with fibre intake rising to 20-40 g per 1000 kcal. At the same time, the intake of rapidly digestible starch and free sugars will be reduced. The intervention will last for 6 months, followed by a 3-month post-intervention follow-up period. The primary outcome is the change in postprandial glycaemic response, assessed using the incremental area under the curve (iAUC) for plasma glucose during the oral glucose tolerance test (OGTT). Secondary outcomes include the proportion of participants achieving remission to normoglycaemia or progressing to type 2 diabetes, changes in other glucose- and lipid-related metabolic parameters and changes in lifestyle-related behavioural factors. Exploratory outcomes will include changes in appetite-related hormones, circulating cytokines, immune function and multi-omics profiles. ETHICS AND DISSEMINATION: This study was approved by the Ethics Committee of Shanghai Sixth People's Hospital Affiliated to Shanghai Jiao Tong University School of Medicine (Approval No. 2025-122; Protocol V.1.0, 20250811) and the Ethics Committee of Shenzhen Center for Chronic Disease Control (Approval No. SZCCC-2024-011-01-PJ) and registered in the Chinese Clinical Trial Registry. Findings from this study will be disseminated in peer-reviewed journal publications. TRIAL REGISTRATION NUMBER: ChiCTR2500113583.",BMJ open,2026,10.1136/bmjopen-2026-123231,PMC13561004,Journal Article; Clinical Trial Protocol,oral_glucose_tolerance,PubMed
42709983,Comparison of Traditional Chinese Exercise and Equipment-Based Exercise on Glycaemic Control and Vitamin D Levels in Middle-Aged and Elderly Patients With Prediabetes: A Randomised Controlled Trial.,"BACKGROUND: Prediabetes is a critical window for preventing progression to type 2 diabetes mellitus (T2DM). Both vitamin D deficiency and physical inactivity are associated with impaired glucose metabolism. This study compared the effects of Traditional Chinese Exercise (TCE) and Kuanle Equipment Exercise (KEE) on glycaemic measures, lipid profiles, body composition and serum 25-hydroxyvitamin D3 [25(OH)D3] in middle-aged and elderly adults with prediabetes. METHODS: We conducted a 12-week, single-centre, randomised controlled trial involving 62 participants with prediabetes (mean age 55.2 ± 8.4 years; 88.7% female). Participants were randomly assigned to control (usual care, n = 21), TCE (n = 20), or KEE (n = 21). Primary outcomes included fasting plasma glucose (FPG), 2-h OGTT glucose, glycated haemoglobin (HbA1c) and serum 25(OH)D3. Secondary outcomes comprised triglycerides, total cholesterol, LDL-C, HDL-C and body composition. RESULTS: At baseline, mean serum 25(OH)D3 was 21.53 ± 3.90 nmol/L. At 12 weeks, both TCE and KEE improved FPG, 2-h OGTT glucose, HbA1c and 25(OH)D3 versus control (all p ≤ 0.001). Relative changes in FPG were -9.4% (TCE) and -15.2% (KEE) versus -1.5% (control); corresponding changes were -14.6% and -21.2% for 2-h OGTT glucose, -6.7% and -12.9% for HbA1c, and +60.6% and +81.9% for 25(OH)D3. Direct TCE-KEE comparisons were not significant (all p > 0.05). In an exploratory analysis, change in 25(OH)D3 was inversely associated with change in 2-h OGTT glucose (partial r = -0.358, p = 0.006), but not with FPG, HbA1c, or triglycerides. CONCLUSIONS: Both TCE and KEE improved glycaemic outcomes and increased serum 25(OH)D3 compared with usual care in middle-aged and elderly adults with prediabetes. Although KEE produced numerically larger estimates, direct between-group comparisons were not significant, and the superiority of KEE over TCE was not established. These vitamin D findings require confirmation in trials that quantify sunlight exposure and dietary vitamin D intake.","Endocrinology, diabetes & metabolism",2026,10.1002/edm2.70326,PMC13552993,Journal Article; Randomized Controlled Trial; Comparative Study,oral_glucose_tolerance,PubMed
42708616,Postpartum Glycaemic Phenotype and Continuous Glucose Monitoring at 4-6 Years After Gestational Diabetes Defined by Different Diagnostic Criteria.,"AIM: To characterise glycaemic outcomes 4-6 years postpartum according to gestational diabetes mellitus (GDM) diagnostic thresholds and evaluate whether continuous glucose monitoring (CGM) identifies differences not captured by conventional clinical measures. METHODS: Women recruited before and after introduction of WHO GDM criteria were followed at 4 and 6 years postpartum. At each follow-up, participants underwent oral glucose tolerance testing (OGTT), HbA1c measurement, body composition assessment and 14-day CGM. Based on pregnancy OGTT results and the diagnostic criteria in use at the time of testing, women were classified as meeting EASD 1991 criteria (GDMOLD; higher glucose thresholds), meeting WHO 2013 criteria but not EASD 1991 without diagnosis and treatment (GDMWHO-) or meeting WHO 2013 criteria with diagnosis and treatment (GDMWHO+). RESULTS: Women classified as GDMOLD had higher fasting glucose at both follow-ups compared with women meeting only WHO 2013 criteria, and showed greater hyperglycaemic exposure and glycaemic variability on CGM. Time above range, coefficient of variation and mean amplitude of glycaemic excursions were consistently higher in GDMOLD group, and differences remained significant after adjustment for pregnancy glucose levels. Within the WHO-defined groups, conventional clinical measures did not differ between women with and without a GDM diagnosis, whereas CGM detected modest differences in mean glucose and time above range over time. Approximately 50% of women meeting only WHO 2013 criteria had prediabetes. CGM metrics were strongly associated with OGTT-derived glucose and HbA1c but only weakly with anthropometric and blood lipid measures. BMI and body fat percentage did not differ between groups. CONCLUSIONS: Long-term glycaemic risk aligns with diagnostic thresholds used during pregnancy. Women diagnosed by older, higher thresholds exhibit a persistently less favourable glycaemic profile. Women meeting the lower WHO 2013 glucose thresholds represent a large group with a high prevalence of prediabetes, regardless of diagnosis during pregnancy. CGM detects modest differences in free-living glycaemic patterns not apparent from conventional clinical measures.",Journal of diabetes research,2026,10.1155/jdr/7103883,PMC13552220,Journal Article,oral_glucose_tolerance,PubMed
42699490,Big Data and Diabetes: Seven-Year Data from Pakistan's Nation-Wide Laboratory Network.,"INTRODUCTION: Diabetes has become a prominent worldwide public health issue, with its prevalence notably higher in lower middle-income countries. Pakistan ranks third globally in terms of number of individuals diagnosed with Type 2 Diabetes Mellitus and have highest prevalence of diabetes throughout the world. The objective of current study was to assess the frequency of diabetes in relation to demographics utilizing laboratory data of individuals residing in Pakistan. METHODS: Biochemical data of HbA1c, fasting and random plasma glucose, and oral glucose tolerance test were retrieved from Laboratory Information System analyzed in Pathology and Laboratory Medicine department from Jan 2016 to Dec 2022. Specimens were received from Aga Khan University laboratories' network, which is spread over the country. For interpretation of biochemical tests' values American Diabetes Association (ADA) criteria was applied. RESULTS: After removal of duplicates and missing data, the final sample included 4,260,171 unique individuals. Diabetes was present in 35.9% of the overall population, with the highest incidence (55.6%) recorded in males aged 35 to 59 years. Diabetes was significantly associated with advancing age and gender (p<0.001). Individuals who had the fasting blood glucose ≥ 126 mg/dl were (n=372,050), HbA1c exceeding 6.5% were (n=762,940) the random blood glucose ≥ 200 mg/dl were (n=128,820), OGTT level ≥ 200 mg/dl were (n=487) and diabetes confirmed with more than one diagnostic test were (n=505,609). CONCLUSION: The study, based on dataset of around 4.2 million individuals, revealed an overall diabetes frequency of 35.9%, with highest prevalence in middle-aged group (55.6%), and significant associations with both advancing age and gender.",EJIFCC,2026,,PMC13543477,Journal Article,oral_glucose_tolerance,PubMed
42677460,Blood Metabolomic Signatures of 1-Hour Glucose Predict Cardiometabolic Risk.,"BACKGROUND: Elevated 1-hour glucose levels during an oral glucose tolerance test strongly predict type 2 diabetes (T2D) and cardiovascular disease. We investigated whether the fasting blood metabolome predicting 1-hour glucose could be a target for improving β-cell function, long-term glycemic trajectories, and reducing the risks of T2D and coronary heart disease. We also investigated whether plasma microRNAs derived from key metabolic organs regulate changes in a metabolomic risk score (MRS) for predicting 1-hour glucose. METHODS: Untargeted blood metabolomics and a frequently sampled 75-g oral glucose tolerance test were performed in participants from the OmniCarb trial (n=162). In an independent weight-loss dietary intervention trial (POUNDS Lost [Preventing Overweight Using Novel Dietary Strategies]), temporal changes in MRS and plasma microRNAs measured by genome-wide sequencing were analyzed. In addition, associations of MRS at baseline and its 10-year changes with long-term risk of incident T2D and coronary heart disease were prospectively investigated in the NHS (Nurses' Health Study). RESULTS: We created a fasting blood MRS for predicting 1-hour glucose (Pearson r=0.8) and found significant associations with half-day (diurnal) postprandial glucose excursions and insulin secretion after 5-week controlled feeding interventions varying in carbohydrate amount and glycemic index. In the POUNDS Lost trial, diet-induced changes in MRSs were related to 2-year trajectories of glucose metabolism; circulating microRNAs regulating cardiometabolic abnormalities were pivotal factors influencing these changes. In the NHS, women in the top 20% of MRS had a multivariate-adjusted relative risk of 3.80 (95% CI, 2.22-6.51) for T2D and 1.48 (95% CI, 1.04-2.12) for coronary heart disease compared with those in the lowest 20%. In addition, 10-year increases in plasma metabolites related to 1-hour glucose were linearly associated with a higher risk of T2D. CONCLUSIONS: Our findings indicate that fasting blood metabolomic signatures predicting elevated 1-hour glucose reflect disease pathophysiology and could be targets for preventing T2D and coronary heart disease.",Circulation research,2026,10.1161/CIRCRESAHA.125.327816,,Journal Article,oral_glucose_tolerance,PubMed
42666198,Association of one-hour postload plasma glucose combined with metabolic dysfunction-associated steatotic liver disease and FIB-4 screening positivity with elevated LDL cholesterol and cerebrovascular stenosis.,"BACKGROUND: Metabolic dysfunction-associated steatotic liver disease (MASLD) is highly prevalent in type 2 diabetes mellitus (T2DM) and amplifies cardiovascular and metabolic burden. Elevated low-density lipoprotein cholesterol (LDL-C) is a key driver of atherosclerotic cerebrovascular stenosis, and MASLD-mediated hepatic lipid dysregulation is closely linked to LDL-C metabolism. One-hour postload plasma glucose (1h-PG) reflects early beta-cell dysfunction and may synergistically contribute to cerebrovascular injury alongside the MASLD/FIB-4 phenotype. METHODS: This single-center retrospective cross-sectional study enrolled 312 treatment-naïve adults with newly diagnosed T2DM, of whom 278 completed a standardized 75-g oral glucose tolerance test (OGTT; age 24-78 years). The primary outcome was ultrasound-confirmed MASLD combined with age-specific FIB-4 screening positivity (age <65 years: FIB-4 ≥1.30; age ≥65 years: FIB-4 ≥2.00). Secondary outcomes included elevated LDL-C (≥3.4 mmol/L) and cerebrovascular stenosis (≥50% luminal narrowing in major intracranial or extracranial arteries). RESULTS: Overall, 199 participants (71.6%) had MASLD and 64 (23.0%) met the primary outcome. Those meeting the primary outcome had significantly higher 1h-PG (17.7 ± 3.7 vs. 14.9 ± 3.8 mmol/L; P<0.001), with an adjusted OR of 1.15 per 1-mmol/L increment (95% CI 1.05-1.26; P = 0.003). Elevated LDL-C was present in 73 participants (26.3%) and cerebrovascular stenosis in 49 (17.6%). The composite group of high 1h-PG (≥Q3) plus MASLD/FIB-4 positivity had the highest stenosis rate (34.8% vs. 6.0%), with an adjusted OR of 2.61 (95% CI 1.23-5.55; P = 0.012). Adding LDL-C attenuated the OR from 3.42 to 2.61 (~24%), indicating partial mediation. The AUC improved from 0.661 (1h-PG alone) to 0.726 (combined model). CONCLUSIONS: In newly diagnosed T2DM, elevated 1h-PG was associated with MASLD/FIB-4 positivity; their combination was further linked to higher LDL-C and increased cerebrovascular stenosis risk, with LDL-C potentially acting as a partial mediator. The combined model showed improved discriminative ability, though validation in larger multicenter cohorts remains warranted.",Frontiers in endocrinology,2026,10.3389/fendo.2026.1887611,PMC13521856,Journal Article,oral_glucose_tolerance,PubMed
42656588,Glycemia-based predictors of T2D development in adults with obesity and prediabetes: SURMOUNT-1 post hoc analysis.,"OBJECTIVE: This post hoc analysis aimed to assess the predictive value of glycemia-based criteria for development of type 2 diabetes (T2D) among adults with obesity and prediabetes in the 3-year SURMOUNT-1 study. METHODS: We evaluated the sensitivity, specificity, and positive and negative predictive value of each of the following exploratory criteria for their ability to correctly identify incident T2D cases in the placebo group: oral glucose tolerance test (OGTT) 1-h glucose ≥155 mg/dL (≥8.6 mmol/L), fasting serum glucose (FSG) ≥ 110 mg/dL (≥6.1 mmol/L), and hemoglobin A1c (HbA1c) ≥ 6% (≥42.1 mmol/mol). RESULTS: The OGTT 1-h glucose, FSG, and HbA1c based criteria, respectively, had a sensitivity of 0.83, 0.50, and 0.47; specificity of 0.25, 0.87, and 0.69; positive predictive value of 0.15, 0.37, and 0.19; and negative predictive value of 0.91, 0.92, and 0.90. Tirzepatide treatment was associated with a 90% to 99% reduction in new-onset T2D in the high-risk groups, vs 68% to 91% in the standard risk groups using the 3 different criteria. CONCLUSION: In this post hoc analysis, we found that OGTT 1-h glucose ≥155 mg/dL (≥8.6 mmol/L) may be a useful criterion to better identify those at high risk of incident T2D. Tirzepatide treatment was highly effective in T2D prevention compared with placebo, regardless of the high-risk criteria used. These findings may guide in the identification of people in whom intensive therapies could be considered to prevent new-onset T2D.",Journal of the Endocrine Society,2026,10.1210/jendso/bvag190,PMC13507312,Journal Article,oral_glucose_tolerance,PubMed
42654246,Insulin Resistance: Current State of Knowledge and Clinical Implications-Toward a Better Diagnostic Framework and the Question of Its Disease Status.,"Insulin resistance (IR) represents one of the most pressing problems in contemporary public health. Its estimated global prevalence ranges from approximately 15.5% to over 61%, depending on the population studied, the diagnostic criteria applied, and the method used for its assessment. Despite the scale of the problem, IR remains underrecognized and lacks formal definition as a distinct disease entity, even as a growing number of clinicians and researchers worldwide describe it as such. Its asymptomatic or mildly symptomatic course allows it to remain undetected for years, during which it makes a significant contribution to the development of type 2 diabetes, cardiovascular disease (CVD) and metabolic dysfunction-associated steatotic liver disease (MASLD, formerly NAFLD), and has been increasingly linked to cellular senescence, certain cancers, neuropsychiatric disorders, and other metabolic conditions. The aim of this review was to summarize current knowledge on the pathophysiology, diagnosis, and clinical implications of insulin resistance, to discuss current challenges in its diagnosis, and to evaluate whether available scientific evidence supports its recognition as a distinct disease entity. This narrative review is based on clinical, epidemiological, and mechanistic data retrieved from PubMed and Google Scholar. Meta-analyses, systematic reviews, clinical and observational studies, clinical guidelines, and expert position statements were analyzed. Animal studies were excluded to maintain a focus on human public health implications. The diagnostic gold standard-the hyperinsulinemic-euglycemic clamp-was discussed, along with surrogate methods used in clinical practice (HOMA-IR, OGTT with insulin measurements, the TyG index, and the TG/HDL-C ratio). Factors potentially contributing to the pathogenesis of IR were examined, including hyperinsulinemia (HI), high-carbohydrate diets, inflammation, stress, and sleep disturbances, as well as conditions in which IR occurs physiologically. The findings indicate that current evidence supports the need for a clearer clinical and diagnostic framework for insulin resistance and suggest that its recognition as a distinct disease entity could facilitate earlier diagnosis, improve the standardization of clinical management, and enable earlier metabolic intervention. Given the steadily rising prevalence of metabolic disease, systemic efforts directed at the early identification and treatment of IR may be a key component of strategies aimed at reducing the population-level burden of metabolic disease and its negative consequences.",Nutrients,2026,10.3390/nu18162666,PMC13516739,Journal Article; Review,oral_glucose_tolerance,PubMed
42620256,Adverse cardio-metabolic risk profile and epicardial adiposity in patients with adrenal adenoma: a cross-sectional study.,"BACKGROUND: Mild autonomous cortisol secretion (MACS) is associated with an increased cardiovascular mortality, but even patients with non-functioning adrenal adenoma (NFA) might be at risk for cardio-metabolic comorbidities compared to a control group with absence of an adrenal tumor (CON). MATERIAL AND METHODS: Seventyfour individuals were included in cross-sectional analysis [MACS: n=25(84% females), age: 63(55-67)years, BMI:27.00(24.20-30.50)kg/m2; NFA: n=25(84%females), age: 61(54-68)years, BMI:28.50(27.50-32.20)kg/m2 and CON: n=24 (75%females), age: 58 (51-64)years, BMI: 27.39(22.03-30.17) kg/m2]. Visceral and ectopic fat stores, as well as heart function were assessed by magnetic resonance imaging and spectroscopy. Blood pressure was measured by standardized protocols. Blood was drawn in the fasting state and during an oral glucose tolerance test to assess glucose and lipid metabolism. RESULTS: The prevalence of hypertension (MACS:84% vs NFA:76% vs CON: 43.5%), dyslipidemia (MACS:96% vs NFA:80% vs CON:62.5%) and prediabetes (MACS:56% vs. NFA:72% vs CON:29.2%) was significantly different between the groups. Markers of glucose metabolism were worse in MACS and best in CON (HbA1c: 5.70 (5.40-5.90)% vs 5.50 (5.40-5.80)% vs 5.40 (5.27-5.60)%, p=0.043); HOMA_IR:2.91(2.19-4.15) vs 2.55 (1.57- 4.97) vs 1.73 (1.00-2.61), p=0.007). epicardial adipose tissue area was highest in MACS patients, followed by NFA, with lowest values in CON (MACS:1159.68 (930.38-1454.11) mm2 vs NFA: 873.23 (638.03-1195.33) mm2 vs CON:672.37 (549.44-890.30) mm2, p<0.001). No relevant between-group-differences in cardiac morphology, intramyocardial fat or intrahepatic fat were observed. CONCLUSIONS: In this exploratory study, MACS was associated with epicardial adiposity and an adverse cardio-metabolic risk profile.",Frontiers in endocrinology,2026,10.3389/fendo.2026.1898271,PMC13485594,Journal Article,oral_glucose_tolerance,PubMed
42609412,The Metabolic Legacy of Acute Pancreatitis: Post-Pancreatitis Diabetes Mellitus.,"Post-pancreatitis diabetes mellitus after acute pancreatitis (PPDM-A) is increasingly recognized as a distinct metabolic complication rather than a simple subtype of type 2 diabetes. This narrative review summarizes current evidence on PPDM-A, with emphasis on terminology, diagnostic timing, epidemiology, pathophysiology, risk factors, clinical phenotypes, screening, prevention, and long-term follow-up. A structured literature search was conducted in PubMed/MEDLINE, Scopus, and Google Scholar to identify relevant studies. PPDM-A may develop after mild, moderately severe, or severe acute pancreatitis, although the risk is greatest in patients with pancreatic necrosis, recurrent attacks, exocrine pancreatic dysfunction, obesity, dyslipidemia, fatty liver disease, metabolic comorbidities, and marked in-hospital glycemic variability. A major diagnostic challenge is distinguishing transient stress hyperglycemia and previously unrecognized diabetes from incident PPDM-A. Formal diagnosis should generally be established no earlier than 90 days after the index episode of acute pancreatitis to minimize misclassification due to transient stress-related dysglycemia. Follow-up assessment should combine fasting plasma glucose and HbA1c, whereas a 75-g oral glucose tolerance test (OGTT) may provide greater sensitivity during early recovery, particularly when HbA1c is unreliable, results are borderline or discordant, or isolated postprandial dysglycemia is suspected. Current evidence indicates that PPDM-A develops through interacting pathogenic domains, including pancreatic endocrine injury with impaired β-cell reserve, metabolic dysregulation characterized by insulin resistance and persistent inflammation, exocrine pancreatic dysfunction with nutritional consequences, and emerging mechanisms involving gut microbiome alterations, bile acid-FGF19 signaling, and extracellular vesicle-mediated communication. Available data support a trajectory-based model in which some patients recover normal glucose metabolism, some develop persistent intermediate dysglycemia, and others progress to overt diabetes over months or years. Structured post-discharge surveillance, risk-stratified follow-up, assessment of exocrine dysfunction, and prevention of recurrent pancreatic injury are essential for improving early detection, reducing diagnostic misclassification, and optimizing long-term clinical outcomes.",Clinical and experimental gastroenterology,2026,10.2147/CEG.S635877,PMC13478238,Journal Article; Review,oral_glucose_tolerance,PubMed
42597012,Continuous glucose monitoring profiles during postpartum glucose tolerance test results among people with gestational diabetes.,"OBJECTIVE: Current guidance recommends universal screening with a postpartum oral glucose tolerance testing (OGTT) 4-12 weeks following delivery among pregnancies complicated by gestational diabetes mellitus (GDM) to identify or assess risk for prediabetes and type 2 diabetes (T2D). Continuous glucose monitoring (CGM) is not currently a tool for screening for T2D among pregnant or postpartum people. Our objective was to assess CGM data during the postpartum OGTT. METHODS: This was a secondary analysis of a trial that randomized people with GDM to CGM versus capillary blood glucose (CBG). Participants were included if CGM data were available during their OGTT. Our primary outcome was mean glucose during the postpartum OGTT (75 g 2-h challenge), comparing those with dysglycemia on OGTT (fasting ≥100 mg/dL and/or 2-h ≥140 mg/dL) to normal OGTT results. RESULTS: A total of 51 patients met the inclusion criteria for this secondary analysis. Mean CGM glucoses were higher at all time points for those with dysglycemia compared with a normal OGTT result. Among those with dysglycemia, the mean fasting plasma glucose was 104.3 ± 10.5 and the mean 2-h plasma glucose was 129.9 ± 37.5. For those with normal OGTT results, the mean fasting plasma glucose was 89.8 ± 5.2 and the mean 2-h plasma glucose was 103.5 ± 17.9. When stratified by GDM type, mean CGM glucose was similar between groups. CONCLUSION: In this study, we found that glucose measured by CGM follows the expected curve in response to the postpartum OGTT among individuals with pregnancies complicated by GDM. Those with dysglycemia had higher mean CGM glucose at all time points assessed. Future studies will need to assess the role of CGM in risk stratifying those with dysglycemia postpartum without an OGTT.","Pregnancy (Hoboken, N.J.)",2025,10.1002/pmf2.70143,PMC13344718,Journal Article,oral_glucose_tolerance,PubMed
42590022,Association Between HbA1c Levels and Postpartum Depressive Symptoms: Insights from Edinburgh Postnatal Depression Scale Screening After Gestational Diabetes Mellitus.,"Background/Objectives: Depressive symptoms are more frequent following pregnancies complicated by gestational diabetes mellitus (GDM), prompting postpartum depression screening recommendations in the German S3 guideline. Although GDM is associated with increased postpartum depression risk, the relationships between postpartum metabolic parameters and the Edinburgh Postnatal Depression Scale (EPDS) scores remain unclear. We investigated whether metabolic markers measured during diabetes screening 6-12 weeks postpartum are associated with depressive symptoms. Methods: We retrospectively analyzed EPDS screenings conducted during postpartum testing at our inpatient clinic between 07/2021 and 02/2024. The EPDS is a validated 10-item tool (score range 0-30), with scores ≥10 indicating potential depression. Metabolic parameters included HbA1c, the 75 g oral glucose tolerance test (oGTT), insulin, and the Homeostasis Model Assessment index (HOMA index). Group comparisons were performed using non-parametric tests and receiver operating characteristic (ROC) analyses, with the Youden index identifying optimal cutoffs. Results: Among the 102 women presenting for postpartum testing, 43.1% had normal glucose tolerance, 54.9% prediabetes, and 2.0% diabetes. A total of 13.7% (n = 14) screened positive for potential depression, including two who reported suicidal ideations. Women with positive EPDS scores had significantly higher HbA1c [5.7% (38.3 mmol/mol) vs. 5.4% (35.5 mmol/mol), p = 0.013]. An HbA1c cutoff of 5.42% (35.75 mmol/mol) showed discriminatory ability for depressive symptoms with an Area Under the Curve (AUC) of 0.708 (CI 0.567-0.849). Other metabolic parameters showed no significant associations. Conclusions: Elevated postpartum HbA1c is associated with depressive symptoms after GDM pregnancies. An HbA1c threshold of 5.42% (35.75 mmol/mol) may help identify women at increased postpartum depression risk and prompt subsequent psychological assessment when depression screening is otherwise omitted.",Journal of clinical medicine,2026,10.3390/jcm15155919,PMC13466278,Journal Article,oral_glucose_tolerance,PubMed
42801394,"Genetic Association of VDR Polymorphism with Diabetic Foot Ulcers in Type 2 Diabetes: Evidence from Kerala, India.","Diabetic foot ulcer (DFU) is a severe complication of diabetes mellitus (DM), contributing significantly to morbidity and healthcare burden. Kerala, a South Indian state, has a high prevalence of diabetes, yet limited data exist on the genetic risk factors for DFU in this population. In this study, we assessed the association of four common vitamin D receptor (VDR) gene polymorphisms-rs7975232 (ApaI), rs731236 (TaqI), rs1544410 (BsmI), and rs2228570 (FokI)-with DFU in Kerala population. Mean serum 25-hydroxyvitamin D 25(OH)D) levels were 17.7 ± 14.2 ng/mL in the DFU group, 19.5 ± 12.4 ng/mL in the DM group, and 20.6 ± 13.9 ng/mL in the control group. Although the mean 25(OH)D levels did not differ significantly among the groups, the prevalence of vitamin D deficiency was significantly higher in the DFU group than in the DM and control groups (χ² = 6.03, P = 0.04), indicating a greater burden of vitamin D deficiency among patients with diabetic foot ulcers. Among the SNPs studied, rs731236 and rs1544410 showed significant associations with DFU. The AG genotype of rs731236 was associated with a reduced risk of DFU compared to both DM patients and non-diabetic Controls (p < 0.05, OR = 0.51). Similarly, the TC genotype of rs1544410 showed a protective association (p = 0.0219, OR = 0.51). No significant associations were found for rs2228570 and rs7975232. Functional docking analysis of rs2228570 indicated favourable calcitriol binding to both VDR isoforms, with slightly higher affinity for the shorter 424 aa variant (- 7.8 vs. - 7.7 kcal/mol). these findings suggest that vitamin D deficiency and genetic variation in the VDR gene, particularly rs731236 and rs1544410, may contribute to susceptibility to diabetic foot ulcer in the Kerala population, warranting further validation in larger, multicentre studies and functional investigations.",Biochemical genetics,2026,10.1007/s10528-026-11450-x,8212222,Journal Article,risk_factors,PubMed
42799817,Co-occurrence patterns and related risk factors of type 2 diabetes mellitus and metabolic dysfunction-associated steatotic liver disease.,"INTRODUCTION: Type 2 diabetes mellitus (T2DM) and metabolic dysfunction-associated steatotic liver disease (MASLD) are interrelated metabolic disorders worldwide. We aimed to characterize global co-occurrence patterns of T2DM and MASLD from a spatial perspective and to identify shared risk factors. METHODS: We extracted incidence rates of T2DM and MASLD and exposure rates of 68 risk factors among individuals aged ≥ 20 years, derived from Global Burden of Disease Study 2021. Three co-occurrence areas were classified based on four quartiles of both diseases incidence. Interpretable machine learning and negative binomial linear mixed-effects model were applied to identify and quantify effects of risk factors. We calculated population-attributable fraction (PAF) to evaluate incidence burden of T2DM and MASLD attributable to identified risk factors. RESULTS: Fifty-nine countries were classified as consistent, 71 as T2DM-dominant, and 74 as MASLD-dominant. Three areas overlap spatially with exposure rates to metabolic, environmental, and behavioral risk factors. After feature selection, we identified nine risk factors with substantial effects on the comorbidity. Functionally, T2DM incidence was mainly attributable to metabolic risks (PAF = 35.28%) and behavioral risks (11.78%), whereas MASLD incidence was attributable to behavioral risks (28.84%), environmental risks (21.65%), and metabolic risks (14.63%). Overall, 42.9% of T2DM incidence and 52.41% of MASLD incidence were attributed to cumulative exposure to risk factors, with specific combinations and variations of these factors significantly impacting the disparate co-occurrence patterns worldwide. CONCLUSION: Comorbidity of T2DM and MASLD is a prevalent global health issue. Co-management of T2DM and MASLD can proceed from interventions targeting corresponding modifiable risk factors.",Endocrine,2026,10.1007/s12020-026-04810-5,PMC13616014,Journal Article,risk_factors,PubMed
42796087,Integrated Cardio-Renal-Metabolic Risk Profiling in Patients with Type 2 Diabetes: A Machine Learning-Assisted Cross-Sectional Analysis.,"Background/Objectives: Type 2 diabetes mellitus (T2DM) is characterized by overlapping cardiovascular, renal, metabolic, and hepatic-risk abnormalities. We characterized this integrated phenotype, examined SCORE2-Diabetes gradients, and assessed whether routinely available variables could classify established atherosclerotic cardiovascular disease (ASCVD). Methods: This cross-sectional study included 232 consecutive adults with T2DM. SCORE2-Diabetes tertiles in the full cohort were analyzed descriptively, and a sensitivity analysis was restricted to participants aged 40-69 years without established ASCVD or severe target-organ damage. FIB-4 was recalculated from age, aspartate aminotransferase, alanine aminotransferase, and platelet count. Elastic-net logistic regression, random forest, and gradient boosting were evaluated using nested stratified five-fold cross-validation, with all preprocessing and hyperparameter tuning confined to the training folds. Results: Established ASCVD was present in 49 participants (21.1%), corresponding to 4.45 events per candidate predictor. The SCORE2-Diabetes-eligible sensitivity subgroup included 118 participants (50.9%); 72.9% were in the ≥20% 10-year-risk category. FIB-4 was available for 231 participants (median 1.26 [IQR 0.96-1.80]). Nested cross-validated ROC AUCs were 0.675 (95% CI 0.582-0.763) for elastic-net logistic regression, 0.670 (0.581-0.754) for random forest, and 0.674 (0.589-0.752) for gradient boosting; balanced accuracies were 65.4%, 62.8%, and 56.2%, respectively. Conclusions: The cohort had a high and heterogeneous cardio-renal-metabolic burden. SCORE2-Diabetes findings from the full cohort are descriptive because the score is not intended for patients with established ASCVD or severe target-organ damage. The machine-learning models showed only modest, internally validated discrimination and are not suitable for clinical deployment without larger prospective cohorts and external validation.",Journal of clinical medicine,2026,10.3390/jcm15187315,PMC13607383,Journal Article,risk_factors,PubMed
42790129,Prediction models for sarcopenia risk in type 2 diabetes mellitus: A systematic review and meta-analysis.,"OBJECTIVE: To systematically summarise prediction models for sarcopenia in patients with type 2 diabetes mellitus (T2DM), appraise their methodological quality and reporting, and synthesise their discriminative performance. METHODS: PubMed, Web of Science, Embase, Cochrane Library, CNKI, Wanfang and VIP were searched from inception to 22 December 2025 for observational studies developing and/or validating multivariable models (≥2 predictors) for sarcopenia or low muscle mass in adults with T2DM. For studies reporting the area under the receiver operating characteristic curve (AUC), random- or fixed-effects meta-analyses were conducted to pool AUCs for training, internal validation and external validation datasets. RESULTS: Twenty-six studies published between 2020 and 2025 were included, mostly cross-sectional or retrospective studies from China, with one based on US NHANES data. Most models used logistic regression; a few applied machine learning methods. Predictors commonly included age, sex, anthropometric indices, diabetes duration and control, biochemical and nutritional indicators, and muscle-related measures. Internal validation was frequently performed, whereas external validation was limited. Seventeen studies contributed training-set AUCs (pooled AUC 0.885, 95% CI 0.858-0.913; I2 = 93.10%), and eleven contributed internal validation AUCs (pooled AUC 0.859, 95% CI 0.812-0.905; I2 = 94.90%). Only two studies contributed external validation AUCs for pooling, yielding a pooled AUC of 0.945 (95% CI 0.923-0.966; I2 = 0.00%); this result should be interpreted cautiously because of the very limited external validation evidence. CONCLUSIONS: Existing prediction models for sarcopenia or low muscle mass in T2DM patients show promising discrimination, but limitations in analysis methods, reporting and external validation may affect their robustness and generalisability. Future work should strengthen methodological rigor and reporting in line with PROBAST and TRIPOD to facilitate reliable clinical use.",Journal of diabetes and its complications,2026,10.1016/j.jdiacomp.2026.109416,,Journal Article; Review,risk_factors,PubMed
42788783,Clinical and molecular epidemiology of type 2 diabetes mellitus-associated intestinal Staphylococcus aureus colonization.,"Intestinal Staphylococcus aureus colonization in type 2 diabetes mellitus (T2DM) remains poorly defined with respect to prevalence, clinical associations, and molecular characteristics. We investigated intestinal S. aureus colonization in 142 patients with T2DM and characterized the recovered isolates using antimicrobial susceptibility testing, resistance gene profiling, multilocus sequence typing, accessory gene regulator typing, spa typing, and whole-genome sequencing. Clinical and laboratory characteristics were compared between colonized and non-colonized patients, and siderophore production and biofilm formation were evaluated in major molecular types. S. aureus colonization was identified in 30 patients (21.1%, 95% confidence interval: 15.2%-28.6%) based on a single fecal sample per patient, including one methicillin-resistant isolate. Isolates remained highly susceptible to most tested antimicrobials, except penicillin. The β-lactamase gene blaZ was the most prevalent resistance determinant (83.3%). MLST revealed a polyclonal population dominated by ST15 (30.0%), ST1156 (26.7%), and ST5 (26.7%), with agr II (56.7%) and spa type t84 (43.3%) being the most common types. Whole-genome sequencing further demonstrated distinct plasmid architectures between methicillin-susceptible S. aureus and methicillin-resistant S. aureus (MRSA) isolates and identified an SCCmec IVc (2B) element in the MRSA isolate. Siderophore production was significantly higher in ST15 and ST1156 than in ST5, whereas biofilm formation did not. These findings provide a comprehensive characterization of the clinical and epidemiological profiles of intestinal S. aureus colonization in patients with T2DM and highlight the need for continued genomic surveillance and mechanistic studies to support infection prevention and therapeutic strategies.IMPORTANCEIntestinal Staphylococcus aureus colonization in type 2 diabetes mellitus (T2DM) has remained largely uncharacterized despite the well-documented heightened infection risk in this population. Here, we show that 21.1% (95% confidence interval: 15.2%-28.6%) of hospitalized T2DM patients harbor gut S. aureus (only 3.3% methicillin-resistant S. aureus [MRSA]). The isolates form a polyclonal population dominated by ST15, ST1156, and ST5, carry predominantly blaZ, and display lineage-specific differences in siderophore production-an iron-acquisition trait critical for gut persistence. These data establish the diabetic intestine as a clinically relevant reservoir, underscore the limitations of nares-only surveillance, and highlight the need for integrated genomic and mechanistic studies to guide infection prevention in T2DM.",Microbiology spectrum,2026,10.1128/spectrum.01789-26,,Journal Article,risk_factors,PubMed
42788455,Impact of Health Promotion Programs on Incarcerated Individuals in Northern Mexico.,"BACKGROUND: Individuals deprived of liberty exhibit high health vulnerability due to limited access to medical services and insufficient health promotion efforts. Implementing education and self-care programs constitutes an essential strategy to improve their wellbeing. The objective of this study was to evaluate changes in clinical parameters following the implementation of health promotion programs among incarcerated individuals. METHODS: A prospective pre-post intervention study was conducted between February 2023 and July 2024 at the Male Social Reintegration Center No. 1 in Aquiles Serdán, Chihuahua, Mexico. Fifteen male inmates with type 2 diabetes mellitus and arterial hypertension participated in a structured health promotion program that included educational workshops on nutrition, physical activity, and chronic disease self-management. Anthropometric and biochemical data were collected before and after the intervention. Statistical analysis included paired Student's t-test and McNemar's test (P < 0.05). RESULTS: Significant reductions were observed in blood glucose (174.1 ± 123.2 vs. 111.1 ± 57.4 mg/dL; P = 0.0017), systolic blood pressure (140.7 ± 18.3 vs. 117.3 ± 9.6 mmHg; P < 0.001), diastolic blood pressure (92.0 ± 10.8 vs. 84.0 ± 7.4 mmHg; P = 0.0013), and waist circumference (83.6 ± 37.6 vs. 80.3 ± 35.7 cm; P = 0.0005), with a favorable trend in body mass index (P = 0.065). CONCLUSIONS: Health promotion programs had a positive impact on the control of chronic diseases among the incarcerated population studied. These findings highlight the need to strengthen sustainable interdisciplinary strategies that uphold the right to health in prison settings.",International journal of preventive medicine,2026,10.4103/ijpvm.ijpvm_411_25,PMC13570686,Journal Article,risk_factors,PubMed
42786919,Productivity loss associated with type 2 diabetes in China: the trend and projection from 1990 to 2050.,"BACKGROUND: Type 2 diabetes (T2D) has become increasingly prevalent among young adults in their prime working years. This study aimed to estimate the productivity-adjusted life years (PALYs) loss associated with T2D among working-age Chinese adults from 1990 to 2021, with projections to 2050. METHODS: Leveraging data from the Global Burden of Disease (GBD) 2021 database, the United Nations, and the China Chronic Disease and Risk Factors Surveillance study, we quantified individual- and population-level PALYs loss associated with T2D between 1990 and 2021 and projected trends through 2050 using a projection model. Loss of PALYs was calculated by combining productivity losses from excess mortality (years of life lost, YLL) with reductions in labour force participation, presenteeism, and absenteeism (years of productivity lost, YPL). Gross domestic product (GDP) loss was estimated by valuing each lost PALY using China's annual GDP per worker. RESULTS: In 2021, 39.8 million working-age Chinese men and 23.3 million women had T2D. Over their working lifetime, T2D was associated with 53.42 (95% uncertainty interval (UI) = 51.25-55.59) million PALYs loss in men and 33.56 (95% UI = 31.59-35.52) million in women, equivalent to 1.34 (95% UI = 1.29-1.40) and 1.44 (95% UI = 1.36-1.53) PALYs loss per man and woman, respectively. Loss of GDP reached USD 1035.31 billion for men and USD 650.38 billion for women. Total PALYs loss is projected to increase from 1990 to 2050, although per-person losses decline in both sexes. Women with T2D experience greater per-person PALYs loss than men in 2030 and 2050. CONCLUSIONS: T2D among working-age population is associated with substantial PALY and economic losses, underscoring urgent need for targeted interventions.",Journal of global health,2026,10.7189/jogh.16.04310,PMC13613105,Journal Article,risk_factors,PubMed
42783509,"Glucagon-like Peptide-1 Receptor Agonists Are Not Associated with Increased Risk of Acute Pancreatitis or Pancreatic Complications, Including Pancreatic Cancer, in Type 2 Diabetes: A Global Propensity-Matched Cohort Study.","Introduction: Association between glucagon-like peptide-1 receptor agonists (GLP-1 RAs) and pancreatitis and its long-term complications remains controversial. Using a global electronic health record database, we evaluated pancreatic outcomes following GLP-1 RA initiation in adults with type 2 diabetes mellitus (T2DM). Methods: Adults aged ≥18 years who were alive at the index date; T2DM patients initiating GLP-1 RAs between 2013 and 2025 were identified in the TriNetX network and compared with patients initiating sodium-glucose cotransporter-2 inhibitors (SGLT2i). Sensitivity analyses included comparisons with other second-line diabetes therapies, excluding dipeptidyl peptidase-4 inhibitors, and analyses were restricted to U.S.-based health care organizations. Patients with pre-existing pancreatic conditions were excluded. Cohorts were propensity score-matched for treatment indications, pancreatitis risk factors, and demographics. Kaplan-Meier and Cox proportional hazard models evaluated acute pancreatitis (overall and biliary), chronic pancreatitis, pancreatic pseudocyst, and pancreatic cancer. Results: After matching, 291,152 patients were included in each cohort. GLP-1 RA initiation was not associated with an increased hazard of overall acute pancreatitis compared with SGLT2i initiation (HR 1.095; 95% CI 0.996-1.204), with concordant Kaplan-Meier analyses. A modest, etiology-specific increase in biliary acute pancreatitis was observed in the primary comparison (HR 1.276; 95% CI 1.010-1.612) but was not consistent across sensitivity analyses. No differences were observed in the risks of pancreatic pseudocyst (HR 0.729; 95% CI 0.525-1.014) or pancreatic cancer (HR 1.069; 95% CI 0.940-1.215). Results were similarly consistent in sensitivity analyses. Conclusion: GLP-1 RAs are not associated with an increased risk of acute pancreatitis, pancreatitis-related complications, or pancreatic cancer in T2DM adults; a modest biliary pancreatitis signal was observed, but was not consistent across sensitivity analyses.",Journal of personalized medicine,2026,10.3390/jpm16090478,PMC13608214,Journal Article,risk_factors,PubMed
42781828,Psychosocial and clinical factors associated with diabetes self-management in type 2 diabetes.,"This study aimed to explore the psychosocial and clinical predictors of self-management among adults with type 2 diabetes. Using a cross-sectional design, 60 participants completed an online survey including sociodemographic data, the Diabetes Self-Management Questionnaire (DSMQ), Hospital Anxiety and Depression Scale (HADS), Self-Stigma Scale (SSS), and Diabetes Symptom Checklist-Revised (DSC-R). Sleep duration and diabetes duration were also recorded. The average age was 59.53 ± 12.96 years; 51.7% were female and 65% were married. Correlation analysis showed that self-management was negatively associated with anxiety and self-stigma. Multiple regression analysis revealed a significant model (p = 0.025), explaining 23.1% of the variance in self-management. Anxiety was a significant negative predictor (β = -0.34, p = 0.012), while, unexpectedly, depression positively predicted better self-management (β=+0.35, p = 0.014). Self-stigma was not a statistically significant independent predictor (β = -0.20, p = 0.097). Symptom burden, sleep duration, and diabetes duration were not also significant predictors. These findings highlight the important role of psychological factors in diabetes self-care, particularly the negative association between anxiety and self-management. The unexpected positive association observed for depression should be interpreted cautiously. Further research is needed to clarify the role of self-stigma and the complex relationships between psychological factors and diabetes self-management.","Psychology, health & medicine",2026,10.1080/13548506.2026.2737836,,Journal Article,risk_factors,PubMed
42781403,Metabolic Risk Predictors Associated With the Onset of Vascular Complications Among Patients With Type 2 Diabetes in Zambia: A Retrospective Statistical Modeling Study.,"BACKGROUND AND AIMS: Diabetes mellitus contributes significantly to the global disease burden, affecting approximately 537 million adults worldwide, with over 75% residing in low and middle-income countries (LMICs). In Zambia, evidence on metabolic predictors of vascular complications among patients with Type 2 Diabetes Mellitus (T2DM) is limited. This study aimed to estimate the incidence of vascular complications and identify metabolic and clinical factors associated with their occurrence among newly diagnosed T2DM patients. METHODS: A retrospective cohort study was conducted among 315 adults aged ≥ 18 years, randomly selected from the University Teaching Hospital Diabetes Clinic registry in Zambia. Participants diagnosed between January 2013 and December 2016 were followed up until December 2023. Cox proportional hazards regression models estimated hazard ratios (HRs) at 95% confidence intervals, with best-fitting model identified using Akaike Information Criterion. Statistical significance was set at p < 0.05. RESULTS: Of 315 participants, 52.1% were female, with a mean age of 49.6 ± 13.5 years. Increasing age (HR = 1.047, 95% CI: 1.02-1.07, p = 0.001), hypertension (HR = 2.196, 95% CI: 1.58-3.03, p < 0.001), elevated cholesterol (HR = 1.533, 95% CI: 1.00-2.33, p = 0.048), and poor glycaemic control (HR = 10.047, 95% CI: 2.04-49.31, p = 0.004) were predictors. Overweight and obesity increased risk (HR = 2.035, 95% CI: 1.24-3.33, p = 0.005; HR = 1.812, 95% CI: 1.13-2.90, p = 0.005). Age-glycated hemoglobin interaction (HR = 1.006, 95% CI: 0.934-0.989, p = 0.007) indicated amplified poor glycaemic control effect with advancing age. CONCLUSION: Advancing age, hypertension, dyslipidaemia, obesity, and poor glycaemic control were key predictors. Age-HbA1c interaction underscores need for age-sensitive management. Integrating metabolic risk prediction could enhance early detection, risk stratification, and prevention, reducing diabetes burden in Zambia and LMICs.",Health science reports,2026,10.1002/hsr2.73294,PMC13598807,Journal Article,risk_factors,PubMed
42781090,Association of Serum Lipid Profile With Diabetic Retinopathy Severity in Adults With Type 2 Diabetes Mellitus: A Cross-Sectional Study From Eastern India.,"Background Dyslipidemia is a frequent metabolic disorder, common in type 2 diabetes mellitus. Serum lipid parameters have increasingly become the focus of interest as potentially modifiable risk factors for the development and progression of diabetic retinopathy. Hence, the present study was designed to assess the association between serum lipid parameters and the severity of diabetic retinopathy among adults with type 2 diabetes mellitus attending a tertiary care center. Methods A cross-sectional study was conducted among 98 adults with type 2 diabetes mellitus. Diabetic retinopathy was classified using the Early Treatment Diabetic Retinopathy Study (ETDRS) classification. Fasting blood glucose, postprandial blood glucose, and serum lipid profile were estimated. Association of serum lipid parameters with severity of diabetic retinopathy was assessed, and logistic regression was performed to determine the factors independently associated with diabetic retinopathy. Results Serum lipid abnormalities were significantly related to diabetic retinopathy severity. Triglycerides had the highest association with disease severity, and total cholesterol, high-density lipoprotein (HDL) cholesterol, and low-density lipoprotein (LDL) cholesterol also differed significantly between retinopathy grades. Hypercholesterolemia and hypertriglyceridemia were significant on univariate analysis, while hypertriglyceridemia was the only independent risk factor after multivariable adjustment. Conclusion Serum lipid abnormalities were associated with the severity of diabetic retinopathy in adults with type 2 diabetes mellitus. Higher triglyceride and total cholesterol levels were observed across categories of diabetic retinopathy, and hypertriglyceridemia remained independently associated with the presence of diabetic retinopathy in multivariable analysis. These findings support further prospective studies to clarify the temporal and potentially modifiable relationship between dyslipidemia and diabetic retinopathy.",Cureus,2026,10.7759/cureus.115052,PMC13600202,Journal Article,risk_factors,PubMed
42779659,ACAD10 encodes two orphan enzymes in the ether lipid biosynthetic and salvage pathways.,"Ether lipids play critical roles in membrane dynamics, antioxidant defense, and signaling. They comprise ~20% of mammalian phospholipids, and disruptions in their metabolism cause severe genetic disorders and are associated with neurodegenerative and metabolic diseases. Ether lipids are synthesized de novo from glycolytic intermediates or salvaged from the diet. While the products of these pathways are known, several key enzymes remain unidentified, including the 1-O-alkylglycerol kinase and the 1-O-alkyl-2-acetyl-sn-glycero-3-phosphate phosphatase. Here, we show that acyl-CoA dehydrogenase member 10 (ACAD10) catalyzes the phosphorylation of 1-O-alkylglycerols and the dephosphorylation of 1-O-alkyl-2-acetyl-sn-glycero-3-phosphate. Worms and mice lacking ACAD10 have reduced ether lipid levels and cannot salvage dietary alkylglycerols. Furthermore, individuals from the Akimel O'odham (Pima) tribe carrying ACAD10 polymorphisms also show decreased plasma ether lipid levels. Collectively, our findings resolve two long-standing gaps in ether lipid biochemistry and reveal a mechanistic link between ether lipid metabolism and a population-associated risk factor for type 2 diabetes.",bioRxiv : the preprint server for biology,2026,10.1101/2025.09.10.675409,PMC13596139,Journal Article; Preprint,risk_factors,PubMed
42799503,Integrative identification and preliminary validation of senescence-associated secretory phenotype-related candidate biomarkers in type 2 diabetes.,"Senescence-associated secretory phenotype (SASP)-related inflammatory programs have been implicated in type 2 diabetes mellitus (T2DM), yet blood-based candidates have not been systematically screened and validated across independent cohorts. We adopted standardized senescence signature scoring and multi-cohort independent validation to screen SASP-related candidate genes through literature mining, differential expression analysis, and machine learning, followed by functional enrichment analysis, immune cell composition analysis, and immune cell proportion adjustment. We identified CCL8 and MMP9 as key SASP-related candidates; MMP9 was significantly positively correlated with senescence scores, and both genes were implicated in T2DM progression through E2F targets and interferon gamma response pathways. T2DM led to significant immune microenvironment alterations, and the expression changes of CCL8 and MMP9 were independent of peripheral blood mononuclear cell (PBMC) subset frequencies after CIBERSORT adjustment. Expression patterns were consistently validated across all cohorts including the large-scale GSE184050 dataset and single-cell RNA-seq dataset GSE280401, with RT-qPCR providing exploratory support in a small cohort. Collectively, this study provides supportive evidence that CCL8 and MMP9 may represent SASP-related biomarkers in T2DM pathogenesis. Moreover, we present an integrative workflow for systematic screening prioriti zation and validati on of SASP-related candidate genes across multiple cohorts.",PeerJ,2026,10.7717/peerj.21729,PMC13614271,Journal Article,risk_prediction,PubMed
42793011,Effect-Allele Frequencies at Cardiometabolic Risk Loci in an Uzbek Cohort from Tashkent: A Central Asian Reference and Priorities for Polygenic Score Validation.,"BACKGROUND/OBJECTIVES: Central Asian populations are almost entirely absent from genomic reference resources, yet Uzbekistan has one of the fastest rates of growth in age-standardised type 2 diabetes (T2D) incidence. Allele frequencies at cardiometabolic risk loci are unknown, limiting the interpretation of polygenic risk scores (PRS) derived elsewhere. We aimed to characterise effect-allele frequencies in an Uzbek cohort from Tashkent and quantify divergence from 1000 Genomes panels to guide future PRS evaluation. METHODS: We genotyped 171 adults from Tashkent (131 with T2D, 40 without) on a custom Agilent SureSelect panel of cardiometabolic candidate SNPs. After quality control, 1939 variants were analysed. Effect-allele frequencies were compared with 1000 Genomes Phase 3 superpopulations (EUR, SAS, EAS, AFR) using Hudson FST and Nei's genetic distance with bootstrap 95% CIs (1000 replicates). Case-control association was assessed descriptively using both unadjusted and age- and sex-adjusted additive logistic regression, with the adjusted model as primary. RESULTS: Reference frequencies were available for 1533 of 1939 variants (1363 at MAF ≥ 0.05). Frequencies clustered with South Asian (FST = 0.077, 95% CI 0.065-0.089) and European panels (FST = 0.086, 95% CI 0.072-0.099), which were indistinguishable (ΔFST = -0.010, 95% CI -0.022 to 0.003) and more divergent from East Asian and African panels. Divergence from the European and South Asian panels was unrelated to nominal association status (Mann-Whitney p = 0.99 and 0.57). In the primary age- and sex-adjusted analysis, no variant survived multiple-testing correction (minimum Bonferroni-adjusted and false-discovery-rate q = 0.28), consistent with the unadjusted sensitivity analysis. CONCLUSIONS: This study provides the first systematic allele-frequency reference for cardiometabolic risk loci in an Uzbek cohort from Tashkent. The profile is closest to South Asian and European panels and identifies PRS from these ancestries as priority candidates for future local validation in Central Asian settings. The case-control analysis was underpowered and is reported descriptively.",Genes,2026,10.3390/genes17091117,PMC13606653,Journal Article,risk_prediction,PubMed
42792622,Association of the Pan-Immune-Inflammation Value-to-Albumin Ratio as a Novel Cardiovascular Disease Predictor in Type 2 Diabetes: A Prospective Cohort Study.,"Objectives: Individuals with type 2 diabetes (T2D) remain at high cardiovascular disease (CVD) risk. The pan-immune-inflammation value (PIV) integrates circulating neutrophils, monocytes, platelets, and lymphocytes but does not capture albumin-related nutritional and inflammatory reserve. We investigated associations between the PIV-to-albumin ratio (PIVA) and incident CVD, cardiovascular mortality, and disease progression in individuals with T2D. Methods: This prospective study included 15,355 UK Biobank participants with T2D and no baseline CVD. PIVA was calculated from peripheral blood cell counts and serum albumin and was natural log-transformed. Fine-Gray competing-risk and cause-specific Cox models were used to evaluate incident CVD and cardiovascular mortality. Multi-state models characterized transitions from T2D to CVD and death. We also examined nonlinear associations, renal biomarker mediation, joint associations with the CVD polygenic risk score and triglyceride-glucose index, sensitivity analyses, and external validation of cardiovascular mortality in the National Health and Nutrition Examination Survey. Results: During median follow-ups of 12.94 years for incident CVD and 14.49 years for cardiovascular mortality, 4829 incident CVD events and 514 cardiovascular deaths occurred. Each 1-unit increase in lnPIVA was associated with higher risks of incident CVD (subdistribution hazard ratio [sHR], 1.140; 95% confidence interval [CI], 1.088-1.194) and cardiovascular mortality (sHR, 1.449; 95% CI, 1.247-1.684). Associations were nonlinear. Higher lnPIVA was also associated with transitions from T2D to CVD, from T2D directly to cardiovascular death, and from incident CVD to cardiovascular death. Cystatin C explained a larger proportion of these associations than creatinine. Elevated lnPIVA identified excess cardiovascular risk across strata of genetic susceptibility and insulin resistance, and the findings were generally supported by sensitivity and external validation analyses. Conclusions: lnPIVA was associated with incident CVD, cardiovascular mortality, and adverse cardiovascular transitions in individuals with T2D. As an immune-inflammatory and albumin-based index, PIVA may help identify high-risk individuals beyond conventional cardiometabolic and genetic risk profiles.",Biomedicines,2026,10.3390/biomedicines14091878,PMC13604361,Journal Article,risk_prediction,PubMed
42788331,Combining Contingency Management With Continuous Glucose Monitoring to Support Type 2 Diabetes Prevention and Care.,"Diabetes prevention and care require recurring self-management behaviors whose benefits are often delayed and uncertain. Digital contingency management (CM), which arranges incentives contingent on objective evidence of behavior or outcomes, offers a scalable way to strengthen these behaviors. This commentary argues that continuous glucose monitoring (CGM) can transform CM for diabetes by enabling frequent, remote reinforcement of clinically meaningful proximal targets, including sensor wear, time in range, and other glucose-derived metrics. Emerging artificial intelligence tools may further personalize treatment during risk periods and tailor reinforcement schedules. Although cost-effectiveness data in diabetes are needed, the high clinical and economic burden of diabetes provides a strong rationale for evaluating CGM-linked CM as a scalable behavioral intervention. We discuss previous CM research, implementation readiness, and future research priorities.",Journal of diabetes science and technology,2026,10.1177/19322968261484170,PMC13615177,Journal Article,risk_prediction,PubMed
42787683,A lipid metabolism-based gene signature defines diagnosis and molecular heterogeneity in diabetic nephropathy.,"OBJECTIVES: To identify lipid metabolism-related biomarkers of diabetic nephropathy (DN), develop and validate a diagnostic model, and further explore immune infiltration patterns and molecular subtypes of DN. MATERIALS AND METHODS: Multiple public transcriptomic datasets were integrated to identify lipid metabolism-related biomarkers for DN using differential expression analysis, weighted gene co-expression network analysis, and machine learning. A diagnostic model was then constructed from these biomarkers, and its performance was evaluated using ROC curve and nomogram analyses, followed by validation in an independent cohort. In addition, immune cell infiltration was assessed with the CIBERSORT algorithm, and consensus clustering identified molecular subtypes of DN. Finally, the findings were validated in a model of type 2 diabetes. RESULTS: A total of 28 lipid metabolism-related differentially expressed genes were identified, and five hub biomarkers (G0S2, PTGDS, CA2, CYP27B1, and HSD17B14) were screened and demonstrated favorable diagnostic performance in both training and validation cohorts. Functional enrichment analysis revealed that these genes were mainly involved in fatty acid metabolism and PPAR signaling pathways. Immune infiltration analysis revealed significant correlations between dysregulated lipid metabolism and immune cell infiltration in DN. Consensus clustering identified distinct molecular subtypes of DN with different lipid metabolic characteristics. Critically, bioinformatic predictions were validated in db/db mice, showing significantly elevated mRNA and protein levels of all five biomarkers in DN kidneys. CONCLUSION: Our findings reveal a validated lipid-metabolism-based diagnostic signature with potential for early detection, molecular stratification, and mechanistic investigation.",Iranian journal of basic medical sciences,2026,10.22038/ijbms.2026.94356.20339,PMC13602868,Journal Article,risk_prediction,PubMed
42781339,Machine learning-based risk prediction models for type 2 diabetes in primary care: a scoping review.,"BACKGROUND: Type 2 diabetes mellitus (T2DM) is a major global public health challenge, with many individuals remaining undiagnosed until complications develop. Machine learning (ML)-based risk prediction models have the potential to support early identification of individuals at increased risk using primary care data. However, the characteristics and applicability of these models within primary care settings have not been comprehensively mapped. OBJECTIVE: To systematically map the available evidence on machine learning (ML)-based models for risk prediction, early detection, and case-finding of type 2 diabetes in primary care, and to summarize their characteristics, including predictors, modeling approaches, validation strategies, and model performance. METHODS: A scoping review was conducted following the Joanna Briggs Institute methodology and reported according to the Preferred Reporting Items for Systematic Reviews and Meta-Analyses extension for Scoping Reviews (PRISMA-ScR). PubMed/MEDLINE, Scopus, and Ovid MEDLINE were searched for English-language studies published between January 2011 and December 2025. Primary research describing ML-based risk prediction models developed, validated, evaluated, or intended for implementation in primary care was eligible. Data were extracted using a structured charting form and synthesized descriptively. RESULTS: The search identified 186 records, of which four studies met the inclusion criteria. The included studies were conducted in Sweden, Canada, Saudi Arabia, and Hong Kong between 2024 and 2025. Three studies focused on model development and internal validation, while one externally validated previously developed non-laboratory prediction models. A range of ML approaches was identified, including stochastic gradient boosting, federated learning, multilayer perceptron, random forest, support vector classification, naïve Bayes, and decision tree algorithms, with logistic regression commonly used as a comparator. Models primarily utilized routinely collected demographic, anthropometric, lifestyle, and electronic health record-derived variables. Most studies reported moderate-to-good predictive performance; however, evidence regarding external validation, calibration, and prospective implementation within routine primary care remained limited. CONCLUSION: Evidence on ML-based risk prediction models for T2DM applicable to primary care remains limited despite growing interest in AI for diabetes prediction. Existing models demonstrate promising predictive performance using routinely available clinical information, but greater emphasis is needed on external validation, calibration, prospective implementation, and evaluation across diverse primary care populations before widespread clinical adoption. REVIEW REGISTRATION: Open Science Framework https://osf.io/mbfrz.",Frontiers in public health,2026,10.3389/fpubh.2026.1946070,PMC13598751,Journal Article; Scoping Review; Review,risk_prediction,PubMed
42764374,Type 1 diabetes and cardiovascular medicine.,"There are an estimated 9.5 million people living with type 1 diabetes (T1D) globally, with cardiovascular disease (CVD) remaining a major cause of morbidity and mortality despite advances in care. Atherosclerosis occurs earlier in people with T1D and those with T1D-onset in early childhood are at particularly high lifetime risk of CVD. Multiple traditional risk factors (e.g., glycaemia, lipids, blood pressure, obesity and smoking) and novel risk factors (e.g., social determinants of health, inflammation and genetics) can promote CVD in people with T1D. This highlights the need for a life-course approach to managing overall cardiovascular risk and preventing or mitigating end-stage complications such as atherosclerotic events, cardiac autonomic neuropathy and heart failure. However, most people with T1D do not meet all recommended risk factor targets. Whilst T1D-specific risk calculators for CVD are available to guide shared decision-making and risk factor management, greater awareness and further data are needed to inform their use in different T1D populations. However, there remains a relative paucity of T1D-specific clinical trial data to inform the management and therapies for CVD risk factors such as dyslipidaemia, hypertension and chronic kidney disease (CKD), and for clinically evident CVD. There is now increasing interest in the use of adjunct glucose-lowering drugs initially developed for use in type 2 diabetes, such as sodium-glucose co-transporter 2 inhibitors and glucagon-like peptide-1 agonists, and whilst some weight, glycaemia, blood pressure and albuminuria benefits have been shown, cardiovascular outcome trials (CVOT) in T1D are currently lacking. This review by a multidisciplinary team provides an overview of CVD pathophysiology, risk factor care, risk prediction and management in people with T1D.",Cardiovascular diabetology. Endocrinology reports,2026,10.1186/s40842-026-00338-9,PMC13591722,Journal Article; Review,risk_prediction,PubMed
42764073,Risk prediction models for incident type 2 diabetes: A scoping review and an update to a systematic review.,"Early identification of high-risk individuals is key for type 2 diabetes prevention. This study combines a scoping review of historical risk prediction models with a systematic review update of recent models (2019-2026) to map methodological evolution, geographical trends, and reporting quality. PubMed was searched for existing systematic reviews (1993-January 2026) for the scoping review, and for new primary studies (November 2019-January 2026) to update prior evidence. Original English-language regression-based prediction models for incident type 2 diabetes in adults were included; validation studies, machine-learning models, and non-original publications were excluded. Data were synthesised narratively and descriptively, with quality assessed using CHARMS, TRIPOD, and PROBAST. The scoping review synthesised 50 primary studies (median n = 5,217; follow-up 7 years); internal validation was reported in 84.0% versus 16.0% external, and AUC in 90.0%. The systematic update identified 20 new studies (median n = 8,879; follow-up 8.7 years); internal and external validation were respectively reported in 55.0% and 50.0%, calibration in 75.0%, and AUC in 75.0%. Risk of bias remained high in 85.0% of updated studies. Discrimination reporting is now standard, but external validation, calibration, and risk-of-bias reporting remain inconsistent. Future models should prioritise external validation and evaluation in diverse populations before clinical implementation.",Diabetes research and clinical practice,2026,10.1016/j.diabres.2026.113576,,Journal Article; Review,risk_prediction,PubMed
42758745,"Toward fully algorithmic care for type 1 diabetes: The case for AI autonomy, and a recalibrated role for the diabetologist in an ageing type 2 diabetes population.","Artificial intelligence can already automate selected diabetes tasks, but the evidence is uneven. Automated insulin delivery is established in type 1 diabetes; in type 2 diabetes, validated screening and insulin-adjustment tools support a tiered, human-governed model rather than wholesale autonomy.",PLOS digital health,2026,10.1371/journal.pdig.0001734,PMC13588365,Journal Article,risk_prediction,PubMed
42752966,"Indices of obesity, malnutrition and inflammation are strong predictors of mortality in adults with type 2 diabetes: the FIELD study.","AIMS/HYPOTHESIS: Metabolic risk in type 2 diabetes is not fully captured by standard clinical measures. Use of NMR-based metabolomic indices may enhance risk prediction, but their role in individuals with type 2 diabetes is unresolved. METHODS: We analysed data from 9550 adults with type 2 diabetes who were followed for 5 years in the Fenofibrate Intervention and Event Lowering in Diabetes (FIELD) study. The composite index MVX (metabolic vulnerability), and its components IVX (inflammation vulnerability index) and MMX (metabolic malnutrition index), were derived from baseline plasma NMR. Associations with mortality and non-fatal events were assessed using Cox models adjusted for clinical variables and treatment allocation. Predictive performance was assessed using C statistics and variable contribution analysis. RESULTS: All three indices were associated with total mortality. Participants in the highest MVX quintile (Q5) had an over fourfold greater unadjusted mortality risk, and more than double the risk after adjustment (HR 2.31; 95% CI 1.71, 3.12). Each standard deviation increase in MVX showed a 75% higher mortality risk (95% CI 62, 89; p<0.001). MVX was associated with cardiovascular and cancer mortality separately, and independently predicted non-fatal cardiovascular events and new incident cancer. MMX and IVX showed weaker and less consistent associations. MVX improved risk model discrimination (C statistic 0.725 to 0.737; p=0.0003) and outperformed prior CVD history as a predictor. CONCLUSIONS/INTERPRETATION: MVX independently predicts total and cardiovascular mortality in type 2 diabetes, offering prognostic value beyond traditional risk factors. The absolute event rates reflect the treatment standards of the FIELD recruitment period (1997-2000), prior to widespread use of several contemporary cardioprotective therapies. The results support further investigation of the clinical utility of MVX for determination of personalised risk.",Diabetologia,2026,10.1007/s00125-026-06848-6,10344359,Journal Article,risk_prediction,PubMed
42749101,Risk Factors and Definition of Younger-Onset Metabolic Dysfunction-Associated Steatotic Liver Disease (MASLD) Cirrhosis.,"BACKGROUND & AIMS: Cirrhosis from metabolic dysfunction-associated steatotic liver disease (MASLD) usually develops with advancing age, yet a subset of patients presents at younger ages. We examined genetic and metabolic factors associated with younger-onset MASLD cirrhosis. APPROACH AND RESULTS: Adults with biopsy-proven MASLD enrolled in the NASH CRN were included. DNA was genotyped, and a genetic risk score (GRS) was calculated as the sum of risk alleles in PNPLA3 and TM6SF2 plus the wild-type HSD17B13 allele, dichotomized at the median (low vs high), in addition to evaluation of previously published weighted GRSs. Younger-onset cirrhosis was defined as the youngest quartile among participants with cirrhosis. Multivariable logistic regression evaluated factors associated with younger-onset cirrhosis. Among 2,395 participants, 234 (9.8%) had MASLD cirrhosis (median age 58.4 years, body mass index (BMI) 34.9 kg/m2, 66% with type 2 diabetes mellitus [T2DM]). Younger-onset cirrhosis was defined as the lowest quartile, which was <50 years and was associated with a lower prevalence of the protective HSD17B13 variant (24% vs 34%, p=0.004). Compared with non-cirrhotic MASLD participants under 50 years (n=999), those with cirrhosis more often had T2DM, BMI ≥35kg/m2, higher alkaline phosphatase, and lower ALT. In multivariable models adjusting for demographic and metabolic factors, high GRS (OR 2.33, 95%CI: 1.26-4.23; p=0.006) and T2DM (OR 3.74, 95%CI: 2.08-6.82; p<0.001) remained independently associated with cirrhosis under age 50. CONCLUSIONS: One-quarter of participants with MASLD cirrhosis present before age 50 years and have distinct features, including higher genetic risk and a greater prevalence of T2DM.",Clinical gastroenterology and hepatology : the official clinical practice journal of the American Gastroenterological Association,2026,10.1016/j.cgh.2026.08.033,,Journal Article,risk_prediction,PubMed
42748732,Lipidomic profiles and their relationship to incident diabetic retinopathy in type 2 diabetes: The Fremantle Diabetes Study Phase II.,"AIMS: To determine whether plasma lipid profiles predict diabetic retinopathy (DR). METHODS: DR status (none, mild non-proliferative diabetic retinopathy (NPDR), moderate NPDR, severe NPDR/worse) was categorised in 762 adults with type 2 diabetes (mean age 64.5 years, 54.3% males) at baseline and Year 4/6. Ultra-performance liquid chromatography-tandem mass spectrometry generated baseline plasma lipid profiles. Multiple logistic regression identified baseline associates of new/worsening DR and incident DR. The likelihood ratio test (LRT) evaluated incremental biomarker contribution. The net reclassification improvement (NRI) was calculated. RESULTS: New/worsening DR occurred in 121 (16%). Of 495 without DR at baseline, 35 (7.0%) developed DR. For new/worsening DR, the inclusion of cholesterol ester (20:4), fatty acid (20:3) and lysophosphatidylglycerol (18:1) in addition to conventional risk factors (hypertension, HbA1c, diabetes treatment intensity, urinary albumin:creatinine) added to the conventional model predictivity (LRT, P = 0.00002). The NRI gain at a 10% cut-off was 5.7% (SE 2.8%; P = 0.043). For incident DR, fatty acid (20:3), lysophosphatidylglycerol (18:0) and phosphatidylcholine (18:0_20:3) with HbA1c improved model performance (LRT, P = 0.00001). The NRI gain at 5% risk cut-off for incident DR was 28.3% (P = 0.002). CONCLUSIONS: This exploratory study identified five lipid biomarkers with the potential to improve DR risk prediction and the understanding of pathophysiological mechanisms.",Journal of diabetes and its complications,2026,10.1016/j.jdiacomp.2026.109412,,Journal Article,risk_prediction,PubMed
42728598,"The cholesterol, high-density lipoprotein, and glucose index and its derived indices predict cardiometabolic multimorbidity development and progression in metabolic dysfunction-associated steatotic liver disease individuals: a prospective cohort study.","BACKGROUND: Dysregulation of cholesterol, high-density lipoprotein cholesterol, and glucose metabolism is thought to be an important metabolic link between metabolic dysfunction-associated steatotic liver disease (MASLD), type 2 diabetes (T2D), and cardiovascular disease. Although the cholesterol-high-density lipoprotein-glucose (CHG) index and its adiposity-derived indices have been associated with individual cardiometabolic diseases (CMDs), their associations with cardiometabolic multimorbidity (CMM), stage-specific disease progression, and risk prediction in individuals with MASLD remain unclear. METHODS: This prospective cohort study included 109,434 UK Biobank participants with MASLD and without T2D, coronary heart disease (CHD), or stroke at baseline. Eight CHG-related indices were evaluated. Incident CMM was defined as the occurrence of at least two of the three CMDs. Cox models estimated associations with incident CMM. Multistate models characterized transitions from a disease-free state to individual CMD and subsequently to CMM. Incremental prediction was assessed using the C-index, net reclassification improvement (NRI), and integrated discrimination improvement (IDI). Exploratory mediation analyses evaluated circulating biomarkers related to metabolic, inflammatory, hepatic and renal pathways. RESULTS: During a median follow-up of 16.4 years, 4225 participants developed CMM. All CHG-related indices were associated with higher CMM risk, with the strongest associations observed for CHG-waist-to-height ratio (CHG-WHtR; hazard ratio [HR] per 1-standard deviation [SD] increment, 1.61; 95% confidence interval [CI] 1.57-1.65) and CHG-waist circumference (CHG-WC; HR, 1.59; 95% CI, 1.55-1.63). Adding each index to conventional risk models improved discrimination and risk classification. CHG-WHtR and CHG-WC showed relatively favorable predictive performance, although the absolute differences between indices were modest. In multistate analyses, associations were strongest for disease-free to T2D and CHD-to-CMM transitions. Exploratory biomarker analyses showed that baseline biomarker domains related to glycemic regulation, lipid metabolism, inflammation, and hepatic and renal function were statistically linked to these associations. CONCLUSIONS: Among individuals with MASLD, CHG-related indices, particularly CHG-WHtR and CHG-WC, were associated with incident CMM and transition-specific disease progression and improved risk prediction. These readily available indices may help refine CMM risk stratification in MASLD.",Cardiovascular diabetology,2026,10.1186/s12933-026-03343-5,PMC13570509,"Journal Article; Research Support, Non-U.S. Gov't",risk_prediction,PubMed
42728572,Epigenetic and genetic factors modifying the association between diet quality and incident type 2 diabetes: the EPIC-Potsdam cohort.,"BACKGROUND: Benefits of healthy diets for type 2 diabetes (T2D) prevention are established. It remains unclear whether such recommendations should be tailored to specific subgroups according to their susceptibility to the disease. This study aimed to assess whether the association of diet quality with T2D risk differs across subgroups with different genetic or epigenetic susceptibility. METHODS: We used data from a case-cohort within the European Prospective Investigation into Cancer and Nutrition (EPIC)-Potsdam cohort (random subsample with genetic data of 2204 participants, 750 verified incident T2D cases; random subsample with epigenetic data of 1065 participants, 676 verified incident T2D cases). The Alternative Healthy Eating Index (AHEI-2010), Dietary Approaches to Stop Hypertension (DASH), Dietary Inflammatory Index (DII) and the Mediterranean Diet Pyramid score (MedPyr) were used to assess diet quality. A blood DNA methylation risk score (MRS) was used to reflect epigenetic risk. Genetic risk was characterized using global polygenic risk scores (PRS) and pathway-specific polygenic risk scores (pPRS). Cox proportional hazards models were used to assess the modification of the diet quality-diabetes risk association by the risk scores. RESULTS: Higher adherence to the AHEI-2010 was associated with a lower risk of T2D, while higher MRS, PRS and pPRS predictably indicated higher risk in this population. We detected significant modification of the diet quality-T2D association by the MRS for AHEI-2010 (p = 0.008) and MedPyr (p < 0.0001) and DII (p = 0.010) but only the AHEI-2010 × MRS interaction was robust across all sensitivity analyses. However, we did not find evidence of interaction between diet quality and genetic risk. CONCLUSIONS: The associations of healthy diets with T2D could depend on the diabetes risk captured by blood DNA methylation profiles, but they do not seem to depend on the genetic predisposition for T2D. Confirmation of the effect modification by the MRS in independent populations is further required before considering clinical application.",Cardiovascular diabetology,2026,10.1186/s12933-026-03356-0,PMC13563862,"Journal Article; Research Support, Non-U.S. Gov't",risk_prediction,PubMed
42727299,A composite tool for predicting gestational diabetes or hypertensive disorders of pregnancy: development and temporal validation.,"AIMS: Cardiometabolic pregnancy complications, including gestational diabetes mellitus (GDM) and hypertensive disorders of pregnancy (HDP), share similar risk factors and increase cardiometabolic risk in women. Medical/lifestyle management reduces their risk but requires early identification of high risk individuals. This study aimed to develop a risk prediction model identifying women at high risk of developing GDM and/or HDP. METHODS: A composite prognostic risk prediction model for developing GDM and/or HDP comprising first trimester sociodemographic and clinical variables was developed using routinely collected health data from women delivering singleton pregnancies in Australia from 2016 to 2022. Variables comprised age; ethnicity; height; body mass index; parity; family history of diabetes; history of GDM, pre-eclampsia/eclampsia, chronic hypertension, polycystic ovary syndrome, chronic kidney disease and fetal macrosomia. Model development used logistic regression with performance evaluated using discrimination, calibration, bootstrapped internal and temporal validations, recalibration of intercept and slopes and decision curve analyses. RESULTS: GDM/HDP prevalence was 25.4% (n = 48,502). On temporal validation (n = 12,868), the model had a C-statistic of 0.739 (95% CI: 0.727, 0.738). Following recalibration, the calibration-in-the-large was -0.001 (95%CI: -0.04, 0.04) and the calibration slope was 1.00 (95% CI: 0.95, 1.05)]. On decision curve analysis, the model outperformed both treat-all and treat-none strategies across threshold probabilities from 8 to 72%. CONCLUSION: The model demonstrated fair-good discrimination and excellent calibration. Decision curve analysis indicated potential clinical utility across a range of threshold probabilities for identifying women at high risk. External validation is required.",Computers in biology and medicine,2026,10.1016/j.compbiomed.2026.111932,,Journal Article,risk_prediction,PubMed
42723363,Diagnostic Value of Gastrocnemius Shear Wave Elastography Combined With BMI in Different Stages of Sarcopenia in Elderly Patients With Type 2 Diabetes Mellitus and Sex Differences: A Cross-Sectional Study.,"OBJECTIVE: To investigate the diagnostic and differential value of gastrocnemius shear wave elastography (SWE) combined with body mass index (BMI) in different stages of Type 2 diabetes mellitus (T2DM) related sarcopenia in elderly patients and to analyze sex differences. METHODS: A total of 269 participants were classified into four groups according to the AWGS 2019: healthy controls (n = 62), those with T2DM without sarcopenia (n = 68), those with T2DM with possible sarcopenia (n = 64), and those with T2DM with sarcopenia (n = 75). SWE was used to measure the elastic modulus of the dominant-side gastrocnemius under relaxed (E-rest) and contracted (E-cont) conditions. Logistic regression was used to construct prediction models for total and sex-stratified populations, which were evaluated in three scenarios: core diagnosis, early risk identification, and differential factor analysis. RESULTS: The patients with T2DM in the sarcopenia group were the oldest, had the longest diabetes duration, and had the lowest BMI, ASMI, handgrip strength, and E-cont; conversely, E-rest did not show significant intergroup differences. Lower E-cont and lower BMI were independent risk factors. The combined model showed excellent performance in the core diagnosis scenario (AUC 0.988; sensitivity 92.0%; specificity 95.4%), and the sex-stratified models also demonstrated strong performance (AUC 0.984 for males and 0.991 for females). The protective effect of E-cont was stronger in females (OR 0.710) than in males (OR 0.806), whereas the protective effect of BMI was stronger in males (OR 0.358) than in females (OR 0.388). The AUCs were 0.954 for early risk identification and 0.966 for differential factor analysis. The T2DM with possible sarcopenia group exhibited a low E-cont/high BMI pattern, whereas the T2DM with sarcopenia group exhibited a low E-cont/low BMI pattern. CONCLUSION: E-cont is an early indicator of T2DM-related muscle decline. The combined model showed good diagnostic and differential performance across sarcopenia stages, with sex differences. The model serves as a noninvasive tool for risk stratification.",Geriatrics & gerontology international,2026,10.1111/ggi.70829,PMC13562983,Journal Article,risk_prediction,PubMed
42722448,Diabetes related genetics and outcomes after total pancreatectomy with islet autotransplantation.,"CONTEXT: Approximately 20% of patients with chronic pancreatitis achieve insulin independence one year after total pancreatectomy with islet autotransplantation (TPIAT), an outcome associated with younger age and lower pre-transplant HbA1c. The contribution of diabetes-related genetics to TPIAT outcomes is unknown. Genetic risk scores (GRS) are associated with C-peptide levels in type 1 (T1D) and type 2 (T2D) diabetes. OBJECTIVE: To evaluate whether T1D and T2D GRS and partitioned metabolic polygenic scores (PGS) are associated with diabetes before TPIAT and metabolic outcomes one year after transplant. METHODS: We genotyped 318 patients with chronic pancreatitis undergoing TPIAT in the multicenter ""Advancing Treatment for Pancreatitis: A Prospective Observational Study of TPIAT"" using a global screening array. Regression models assessed associations of T1D- and T2D-GRS and metabolic PGS with diabetes outcomes one year after TPIAT. RESULTS: Participants were 29±17 years old, 61% female, 84% non-Hispanic White, and 13% had diabetes prior to transplant. T2D-GRS was higher among those with pre-TPIAT diabetes (-0.6±0.3 versus -0.8±0.2, p=0.003) and was associated with higher pre-transplant HbA1c (β=0.19 % per 1-SD [95% CI:0.04, 0.33], p = 0.011). Adjusted for genotype-derived ancestry and islet equivalents/kg, the beta-cell PGS was associated with higher insulin dose (β=0.05 units/kg/day per 1-SD, [95%CI:0.01, 0.09], p=0.016) and higher insulin dose adjusted A1c (IDAA1c) (β=0.34[95%CI:0.03, 0.67], p=0.029) 1-year post-transplant. The lipodystrophy PGS was associated with higher IDAA1c (β=0.38 [95%CI:0.06, 0.69], p=0.019) and lower fasting C-peptide (β=-0.09 [95%CI:-0.18, 0], p=0.041) at 1 year. CONCLUSIONS: T2D genetic risk is associated with diabetes prior to TPIAT, and beta cell and lipodystrophy PGS are associated with post-TPIAT diabetes outcomes. Diabetes-related genetics may influence transplantation outcomes and inform metabolic heterogeneity.",The Journal of clinical endocrinology and metabolism,2026,10.1210/clinem/dgag355,,Journal Article,risk_prediction,PubMed
42713515,"Routine biochemical indices for hepatometabolic stratification across the dysglycaemia spectrum: insulin resistance, fibrosis scores, and machine-learning integration.","OBJECTIVES: To evaluate the behaviour of insulin resistance indices and non-invasive liver fibrosis scores across the dysglycaemia spectrum using routine laboratory data. METHODS: This retrospective observational study included 1,949 outpatients with complete biochemical profiles. Patients were classified into five groups according to fasting plasma glucose and HbA1c: group A (normoglycaemia), group B (isolated impaired fasting glucose), group C (isolated elevated HbA1c), group D (combined impairment), and group E (type 2 diabetes mellitus, T2DM). Insulin resistance indices (HOMA-IR, HOMA-β, QUICKI, TyG), liver fibrosis scores (FIB-4, APRI, m-APRI, Forns), and inflammatory markers (CRP, ferritin) were compared across groups. Discriminative performance was assessed using ROC analysis for the identification of T2DM (group E vs. groups A-D) and early dysglycaemic impairment (group D vs. group A). Support vector machine (SVM) models integrating the best-performing indices were constructed with adjustment for age and sex. RESULTS: Insulin resistance indices, fibrosis scores, and CRP showed progressive deterioration across worsening glycaemic stages (p<0.001). TyG showed the highest individual discriminative performance for identifying T2DM (AUC=0.90), whereas QUICKI performed best for detecting combined early glycaemic impairment (AUC=0.78). Among fibrosis scores, the Forns index showed the strongest discriminative capacity (AUC=0.67-0.74) and the broadest correlations with metabolic and inflammatory parameters. SVM models integrating insulin resistance and fibrosis indices improved classification performance compared with individual markers alone (AUC=0.87-0.93). CONCLUSIONS: TyG and the Forns index support laboratory-based hepatometabolic stratification across the dysglycaemia spectrum using routine analytical data.",Advances in laboratory medicine,2026,10.1515/almed-2026-0066,PMC13552813,Journal Article,risk_prediction,PubMed
42798045,Association between the C-Reactive protein-triglyceride-glucose index and osteoarthritis risk in prediabetic mellitus adults: A longitudinal analysis from the China health and retirement longitudinal study.,"The C-reactive protein-triglyceride-glucose index (CTI) has been identified as a potential new biomarker for insulin resistance and inflammation. However, the association between CTI and osteoarthritis (OA) risk in prediabetic (Pre-DM) individuals from different populations remains unclear. This population-based cohort study included 3043 participants from the China Health and Retirement Longitudinal Study across Waves 1 to 5. The primary endpoint was the incidence of OA events. The associations between the CTI and incident OA incidence were evaluated by competing risk models and Cox regression models, with restricted cubic splines applied to investigate potential nonlinear relationships. To ensure the robustness of the findings, subgroup analyses, multiple imputation, and propensity score methods were also applied. During the 9-year follow-up, 946 (31.09%) participants developed OA. The highest OA risk was observed in the highest CTI quartile (Q4) (HR, 1.376; 95% CI, 1.12, 1.692) in Model 3. A nonlinear relationship between the CTI and OA risk was identified (P for nonlinearity = .012). Subgroup analysis revealed that individuals with a body mass index <24 years and those with a body mass index between 24 and 28 years were more sensitive to the adverse effects of the CTI on OA risk (P for interaction = .012). Furthermore, the association between elevated CTI and OA risk remained consistent across various sensitivity analyses. The CTI can serve as an independent risk marker for predicting the onset of incident OA in middle-aged and older individuals with Pre-DM. Addressing insulin resistance and inflammation may play a crucial role in enhancing primary prevention strategies for OA.",Medicine,2026,10.1097/MD.0000000000050774,,Journal Article,prevention,PubMed
42790659,Developing and validating intrinsic capacity scores in early adulthood and midlife: 15-year follow-up from the Northern Finland Birth Cohort 1966.,"BACKGROUND: Intrinsic capacity (IC) - the aggregate of physical and mental capacities - has been studied in older adults, but research on its profile and prognostic value earlier in adulthood is scarce. Existing IC measurement approaches also lack theoretical alignment, psychometric evaluation, and validation. We therefore developed and validated IC scores in adulthood using a theory-aligned formative-reflective approach. METHODS: IC was assessed at ages 31 and 46 in 8756 participants from the Northern Finland Birth Cohort 1966 using 33 variables across psychological, cognitive-sensory, locomotor, and vitality domains. Domain scores were derived using unidimensional confirmatory factor analysis and aggregated to composite scores. Construct validity of scores was examined through stability, change and known-groups gradients. Predictive validity was tested using covariate-adjusted logistic regression models of associations between 31-year IC and incident mental disorder, cardiovascular disease, type 2 diabetes, functional limitations, and low well-being at age 46. RESULTS: Domain models demonstrated acceptable fit and reliability. Mean composite IC was moderate-to-high at age 31 (67 on a 0-100 scale) but declined significantly by age 46 (61), with the steepest reductions in locomotor capacity. Lower composite IC was observed in groups with socioeconomic disadvantage, unhealthy behaviours, and health conditions. Higher 31-year composite IC predicted lower odds of all outcomes at age 46 (odds ratios per 10-point increase: 0.69-0.82, all p < 0.001). CONCLUSIONS: Composite IC declined from early adulthood to midlife, and predicted key physical, mental, and functional outcomes. Formative-reflective approaches and earlier IC assessment may strengthen prevention-oriented healthy ageing strategies.",Experimental gerontology,2026,10.1016/j.exger.2026.113340,,Journal Article,prevention,PubMed
42787268,"Structured lifestyle modification and biological aging: effects on PhenoAge, sclerostin, and GDF-15 in arab adults with prediabetes.","BACKGROUND: Lifestyle modification programs (LMP) such as diabetes prevention programs may influence phenotypic aging trajectories, but evidence in Middle Eastern populations remains limited. This study examined the effects of a structured LMP on phenotypic age (PhenoAge) as the primary endpoint and circulating sclerostin (SOST) and growth differentiation factor-15 (GDF-15) as secondary endpoints in a cohort of Arab adults with prediabetes. PARTICIPANTS AND METHODS: In this randomized clinical trial (RCT), a total of 181 adults (130 males, 51 females; mean age 50.8 ± 10.9 years, body mass index, BMI 30.0 ± 4.8 kg/m2) were enrolled. Participants were allocated to either a structured LMP or Control Group (CG) and followed for 6 months. The LMP group was requested to reduce weight by 5%, moderate exercise (150 min/week), reduce fat intake (30%) and increase fiber intake (15g/1 kcal). CG was given brochure. PhenoAge was calculated and assessed alongside anthropometrics, blood biomarkers (HbA1c, fasting glucose, albumin, creatinine, GDF15, SOST), and dietary parameters at baseline and after 6 months. RESULTS: Compared with the CG, participants in the lifestyle modification program (LMP) showed a significant reduction in PhenoAge (-4.9 vs. +1.3 years; between-group p < 0.001). Significant between-group improvements were also observed in weight (-5.7 kg), BMI (-2.0 kg/m2), waist circumference (-6.3 cm), and HbA1c (-0.4%; all p < 0.001). Neither GDF-15 nor SOST demonstrated a significant intervention-specific effect. CONCLUSION: A structured lifestyle intervention significantly improved PhenoAge, accompanied by improvements in metabolic parameters in Arab adults with prediabetes. Changes in GDF-15 and SOST appeared time-dependent rather than intervention-specific. These findings support lifestyle modification as a potential strategy to slow a composite clinical measure of biological aging. ClinicalTrial Registration (NCT06440681).",Frontiers in aging,2026,10.3389/fragi.2026.1809697,PMC13601340,Journal Article,prevention,PubMed
42784530,The dose-response association between wearables-quantified incidental physical activity and type 2 diabetes: a prospective cohort study.,"AIM: This prospective cohort study aimed to quantify dose-response associations between intensity-specific incidental physical activity (IPA) and the incidence of type 2 diabetes (T2D) in a large cohort of UK adults. A secondary aim was to estimate the T2D-specific equivalence of 1 minute of vigorous-intensity IPA relative to moderate- and light-intensity IPA. METHODS: Participants were adults from the UK Biobank accelerometry sub-study who self-reported as nonexercisers. Individuals were excluded if they had T2D at baseline, were using insulin therapy, or received a T2D diagnosis within 12 months of follow-up. T2D status was primarily derived from primary care records. Device-measured IPA was categorized into light (LIPA; 1.5 to <3 METs), moderate (MIPA; 3 to <6 METs), and vigorous (VIPA; ≥6 METs) intensities. Additional analyses examined the T2D-specific equivalence of 1 minute of VIPA to MIPA and LIPA. The reference group comprised participants accumulating neither MIPA nor VIPA. RESULTS: The primary analysis included 22 857 nonexercisers (mean age 62.1 ± 7.7 years, 42.8% male). Over a 7.8-year follow-up period, 721 (3.2%) participants developed T2D. MIPA and VIPA, but not LIPA, exhibited near-linear inverse associations with T2D risk. Median VIPA (4.75 minutes/day) was associated with a hazard ratio (HR) 0.62 [95% confidence interval (CI) 0.53-0.73], and median MIPA (23.70 minutes/day) showed a HR of 0.67 (95% CI: 0.52-0.86). One minute of VIPA/day was associated with an equivalent T2D risk reduction of 5.9 minutes MIPA/day and 46.6 minutes LIPA/day. CONCLUSION: MIPA and VIPA were associated with lower T2D risk in a dose-dependent manner. Although median LIPA was linked to reduced risk, it did not demonstrate a consistent dose-response relationship.",The Journal of clinical endocrinology and metabolism,2026,10.1210/clinem/dgag316,,Journal Article,prevention,PubMed
42784469,South Asian Women's Perspectives and Recommendations on Gestational Diabetes Care and Postpartum Type 2 Diabetes Prevention in Aotearoa New Zealand: A Qualitative Study.,"South Asian (SA) women in New Zealand face a disproportionately high risk of developing gestational diabetes mellitus (GDM) and subsequent Type 2 diabetes (T2D). Despite this elevated risk, significant gaps exist in culturally appropriate care for GDM and long-term postpartum follow-up. This qualitative study explored the experiences of SA women to identify the gaps and barriers encountered during and after GDM in transitioning from antenatal GDM care to postpartum primary healthcare and seek suggestions for improvement. To inform culturally responsive care strategies that can reduce the risk of progression to T2D after GDM, 30 semi-structured in-depth interviews were conducted with SA women diagnosed with GDM within the past 5 years. Participants were recruited through purposive sampling across New Zealand. Interviews were transcribed verbatim and analysed using an inductive thematic approach. Six key themes with sub-themes were developed: (1) awareness and education; (2) culturally tailored resources; (3) community support; (4) moving backwards to an unhealthy lifestyle; (5) preventing T2D; and (6) improving GDM and postpartum care. Participants advocated for prepregnancy or early counselling, community-based education to reduce stigma, culturally relevant dietary guidance, subsidised follow-up healthcare providers and structured long-term postpartum follow-up. The emotional burden of GDM and inconsistent healthcare communication were also prominent concerns. The findings highlight the need for integrated, culturally congruent and continuous care models for SA and ethnicities at high risk during and after GDM. Incorporating women's suggestions based on their lived experiences into service design may improve postpartum health outcomes and reduce future risk of GDM and T2D.",Journal of diabetes research,2026,10.1155/jdr/8712576,PMC13606028,Journal Article,prevention,PubMed
42782780,Sex-Specific Mechanisms of Perivascular Adipose Tissue (PVAT) Dysfunction in Prediabetes and Diabetes: From Metabolic Crosstalk to Vascular Outcomes.,"Perivascular adipose tissue (PVAT) is a metabolically active adipose depot surrounding most blood vessels and contributes to vascular homeostasis through local regulation of vascular tone, inflammation, and metabolic signaling. In prediabetes and diabetes, PVAT may shift from a predominantly vasoprotective phenotype toward a pro-inflammatory and pro-contractile state characterized by reduced release of protective mediators and increased cytokine, reactive oxygen species, and vasoconstrictor signaling. Vascular injury may, in turn, further alter the PVAT phenotype, creating bidirectional adipose-vascular crosstalk that may contribute to disease progression. Biological sex, reproductive aging, and sex-hormone signaling appear to influence PVAT morphology, cellular composition, secretory function, and vascular effects, but the strength of this evidence varies substantially across species, vascular beds, and disease models. Unlike recent broad reviews of PVAT biology, this review examines PVAT across the prediabetes-to-diabetes continuum while recognizing that direct longitudinal evidence tracking PVAT between these metabolic states remains scarce. We critically evaluate the direct, indirect, and still-limited evidence for sex-specific PVAT mechanisms and integrate findings on immune-cell activity, adipokine and redox signaling, and vascular function across prediabetes, established diabetes, and related metabolic conditions. Defining these mechanisms may support the development of appropriately tested, sex-informed strategies for preventing and treating diabetes-associated vascular complications.",Cells,2026,10.3390/cells15181680,PMC13606007,Journal Article; Review,prevention,PubMed
42781546,Patients' Experiences with and Perceptions of Personalized Glycemic Targets: A Qualitative Descriptive Study of Adults Living with Type 2 Diabetes  .,"PURPOSE: Clinical practice guidelines for managing type 2 diabetes (T2D) recommend setting personalized glycemic targets for each patient based on factors such as diabetes duration, life expectancy, comorbidities, complications, and risk of hypoglycemia. This strategy aims to find a balance between the adverse effects of treatment linked to aggressive glycemic control, particularly hypoglycemia, and the potential long-term benefits, such as preventing coronary artery disease. However, there is limited research on patients' experiences with and perceptions of personalized glycemic targets. To address this gap, we sought to explore the experiences, perceptions, concerns, and preferences of individuals living with T2D regarding personalized glycemic targets. . PATIENTS AND METHODS: We used purposive sampling to recruit 25 adults who had been living with T2D for at least one year, from various healthcare settings, public libraries, and social media in Nova Scotia. From July to December 2024, we conducted semi-structured interviews (in-person or via Microsoft Teams), with durations ranging from 20 to 85 minutes. The interviews were recorded, transcribed, and analyzed using an inductive thematic analysis approach to uncover themes. RESULTS: The dataset revealed four main themes: 1) personalized blood sugar goals and treatment plans could be beneficial; 2) personalized information and/or scientific evidence is desirable; 3) access to healthcare and relationships with healthcare providers may affect the implementation of personalized care; and 4) treatment burden needs to be considered when setting blood sugar target plans. CONCLUSION: The analysis of findings showed that people with T2D viewed personalized glycemic targets favorably and emphasized the importance of adequate primary care supports to enable implementation.",Patient preference and adherence,2026,10.2147/PPA.S607575,PMC13599796,Journal Article,prevention,PubMed
42776469,Associations between intuitive eating and health behaviors and physical health in U.S. adults.,"Intuitive eating is a non-diet approach that emphasizes eating in response to hunger and fullness cues that has potential as a sustainable health promotion framework. Although research demonstrates that intuitive eating is strongly associated with psychological health, less is known about its associations with health behaviors and physical health. We examined how intuitive eating related to lifestyle behaviors and chronic disease diagnosis in a large, diverse U.S. adult sample. Adults aged ≥ 18 years residing in the U.S. were recruited from CloudResearch's Connect platform to complete a cross-sectional online survey on self-reported stress, health behaviors, and current or previous chronic health conditions. Regression models adjusting for age, sex, and race/ethnicity were conducted. Our sample (N = 1057; Mage = 36 ± 11 years) was 52% female and diverse across race/ethnicity (13% Asian/Hawaiian/Pacific Islander, 21% Black, 18% Latine, 58% White) and socioeconomic status (e.g., 30% food insecure). Higher intuitive eating scores were associated with greater physical activity (p = .01), more sleep (p < .001), and self-reported health (p < .001) and lower self-reported stress (p < .001). Intuitive eating was not significantly associated with fruit/vegetable intake or substance use. However, it was associated with lower odds of current or previous hypertension (p < .001), hyperlipidemia (p < .001), and type 2 diabetes (p = .01), with small to moderate effects. Findings suggest that intuitive eating is not only associated with psychological health, but also health-promoting behaviors and reduced odds of cardiometabolic conditions. Although longitudinal and intervention studies are needed, results highlight intuitive eating as a promising framework for chronic disease prevention and health promotion.",Journal of behavioral medicine,2026,10.1007/s10865-026-00712-z,8338737,Journal Article,prevention,PubMed
42775070,Exploring the impact of adult obesity in Spain: Insights from a systematic literature review.,"BACKGROUND: Spain ranks among the European countries with the highest obesity prevalence, yet the evidence on the full spectrum of its impact has not been systematically consolidated. METHODS: This was a systematic literature review (SLR) conducted to evaluate the epidemiological, clinical, humanistic, and economic impact of obesity in Spain. Embase® and MEDLINE® were searched for relevant publications from January 1, 2018, to August 17, 2025. RESULTS: A total of 54 records reporting on 53 studies were selected for inclusion. These covered (1) Epidemiology of obesity in Spain (n = 24); (2) Patient characteristics and obesity management (n = 7); (3) Obesity-related complications (n = 13); (4) Humanistic impact of obesity (n = 10); (5) Economic burden (n = 7); (6) Perceptions and attitudes about obesity (n = 4); and (7) Local policies and recommendations (n = 7). The prevalence of obesity (defined as a body mass index [BMI] ≥30 kg/m2) varied considerably according to study setting and methodology, ranging from 25% to 34% in primary care settings and from 11% to 22% in general population studies. The most frequent obesity-related complications included hypertension, dyslipidemia, type 2 diabetes, cardiovascular disease, and chronic kidney disease. Evidence suggested that people with obesity and overweight may have lower quality of life than those without obesity and overweight. The economic burden of obesity was high in Spain, with costs decreasing as BMI decreased. Included studies highlighted several barriers to obesity care in Spain, including stigma, mental health, funding/resources, education, and misconceptions. Recommendations to overcome these barriers included early prevention, patient engagement, shared decision-making, communication, and recognition of obesity as a chronic disease. CONCLUSION: This review reveals a consistent and multi-level gap between the documented burden of obesity in Spain and its identification, treatment, and prioritization within the healthcare system. Addressing this gap will require coordinated efforts across clinical documentation, therapeutic intervention, patient education, and health policy.",Obesity pillars,2026,10.1016/j.obpill.2026.100334,PMC13595125,Journal Article; Review,prevention,PubMed
42771802,Stakeholder Perspectives on the Integration of AI in Diabetes Care: Systematic Review of Qualitative Studies.,"BACKGROUND: AI is increasingly being integrated into diabetes care, with growing evidence supporting its potential to improve clinical decision-making, risk prediction, and self-management. However, the lived experiences, expectations, and concerns of those involved in its implementation have not been adequately synthesized. OBJECTIVE: This study aims to synthesize qualitative evidence on the perspectives of patients, caregivers, health care professionals (HCPs), and other stakeholders regarding the integration of AI in diabetes management. METHODS: We searched MEDLINE via PubMed, Web of Science, Scopus, CINAHL, and PsycINFO from inception to February 17, 2026. Eligible studies examined the perspectives of adult patients, caregivers, health care professionals, or administrators on AI-enabled tools for diabetes management, self-management, clinical decision support, or the prevention of complications, and used qualitative methods or reported a separately analyzable qualitative component. Tools required an identifiable data-driven function for prediction, classification, recommendation, personalization, or decision support. Studies focused exclusively on image-based diagnosis, technical validation, or digital tools without an identifiable AI component were excluded. Two reviewers (HM-M and JM-A) independently screened studies and extracted data. Methodological limitations were assessed using the Joanna Briggs Institute (JBI) checklist and the Cochrane Qualitative Methodological Limitations Tool (CAMELOT). Findings were synthesized using thematic synthesis. Confidence was assessed using GRADE-CERQual. A sensitivity analysis excluded questionnaire-based qualitative evidence. RESULTS: Fourteen studies published between 2023 and 2025 were included, representing at least 738 participants across 9 countries. Participants included individuals with type 1 or type 2 diabetes, family caregivers, doctors, nurses, specialists, administrators, and other health care staff. Studies evaluated large language models, AI-enabled mobile applications and wearables, glucose-prediction systems, and clinical decision-support tools. Exposure ranged from direct use of functioning systems to evaluation of prototypes, wireframes, and hypothetical applications. Four analytical themes and 13 subthemes were identified. Stakeholders perceived that AI could support preventive and individualized care, education, self-management, and decision-making. Concerns included accuracy, bias, privacy, accountability, increased workload, caregiver burden, loss of professional autonomy, and erosion of human-centered care. Participants emphasized explainability, intuitive design, integration with existing systems, tailored training, and continued access to human support. Eleven findings were rated as high confidence and 2 as moderate confidence. CONCLUSIONS: Although stakeholders perceived AI to be useful for diabetes care, these qualitative findings do not demonstrate clinical effectiveness, safety, or improved patient outcomes. Evidence was limited by heterogeneity in AI modalities, stakeholder groups, diabetes contexts, and technology exposure, as well as demographic imbalance, restricted reporting of researcher reflexivity, and reliance on prototype or hypothetical systems. Implementation should prioritize transparent design, clinical validation, data governance, human oversight, and tailored support, while preserving professional judgment and person-centered relationships.",Journal of medical Internet research,2026,10.2196/105329,PMC13596760,Journal Article; Systematic Review; Review,prevention,PubMed
42766389,Hemoglobin A1c and Weight Changes Associated With Grocery Delivery and Low-Carbohydrate Education in Adults With Type 2 Diabetes and Food Insecurity: Observational Quality Improvement Cohort Study.,"BACKGROUND: Type 2 diabetes mellitus (T2D) is one of the most significant chronic health challenges in Michigan, especially for individuals with food insecurity. Improving nutrition, including lowering carbohydrate intake, is foundational to T2D prevention and management. Grocery delivery paired with low-carbohydrate education has the potential to reduce logistical barriers to dietary change but is not well understood in individuals with food insecurity. OBJECTIVE: The objective of our study was to evaluate changes in clinical metrics of hemoglobin A1c (HbA1c), weight, and diabetes medication use after a paired grocery delivery and low-carbohydrate education program. METHODS: The Healthy Eating Jumpstart Program (hereafter, Jumpstart) enrolled adult Michiganders with T2D and low income or food insecurity from 21 Michigan primary care practices between October 2022 and May 2023. Jumpstart was a 3-month, nonrandomized grocery delivery and low-carbohydrate education quality improvement program without a control group. Participants received US $80 every month through Shipt to purchase eligible healthy foods, along with low-carbohydrate educational materials. Clinical metrics of HbA1c, weight, and diabetes medication use were collected from medical records from 6 months before enrollment through 12 months after enrollment. Changes in HbA1c and weight from baseline were evaluated at 3, 6, 9, and 12 months, with stratification by baseline glycemic control and glucagon-like peptide-1 receptor agonist (GLP-1 RA) medication use, respectively. Overall change was assessed with paired t tests comparing baseline values to each participant's latest value for HbA1c and weight. Medication changes were assessed by comparing baseline and 12-month dosing to categorize changes as increased, decreased, eliminated, or unchanged. RESULTS: A total of 83 patients participated in Jumpstart. Participants were primarily female (57/79, 72%), White (70/79, 89%), and had a high school degree or less (35/79, 44%). At baseline, the average HbA1c was 7.6% (SD 2%), average weight was 105 (SD 25.8) kg, and average BMI was 38.2 (SD 8.8) kg/m2. The overall reduction in HbA1c from baseline was 0.4% (SD 1.4%; P=.02; n=68), and this reduction was greater when limited to individuals with uncontrolled HbA1c at baseline (mean 0.7%, SD 1.8; P=.02; n=38). The overall percent reduction in weight from baseline was 1.7% (SD 4.4%; P=.002; n=66), but this change was not significant when limited to non-GLP-1 RA users. Most medications had no change in dosing (77/166, 46%), and slightly more medications were increased or added (n=52, 31%) than decreased or discontinued (n=37, 22%). CONCLUSIONS: The results from this clinical evaluation suggest that the Jumpstart quality improvement program was associated with improvements in HbA1c that persisted beyond 6 months and small reductions in weight among participants. A low-burden program such as Jumpstart may be a feasible approach to support long-term dietary change in patients with T2D and food insecurity or low income.",JMIR formative research,2026,10.2196/89459,PMC13592385,Journal Article; Observational Study,prevention,PubMed
42765645,Rationale and Design of the Atherosclerosis Risk in Communities Generation 2 (ARIC Gen2) Study.,"Type 2 diabetes is a risk factor for cardiac arrhythmias, but it is unknown how specific aberrations in glucose (e.g., episodes of high or low glucose) might contribute to the occurrence of heart rhythm abnormalities. The overarching goal of this study is to address research questions regarding how glucose patterns might contribute to the occurrence of arrhythmias, primarily atrial fibrillation, in adults with diabetes. To fulfill this goal, the Atherosclerosis Risk in Communities (ARIC) Gen2 study recruited 507 community-dwelling adults aged 50-80 years with type 2 diabetes to wear continuous glucose monitoring (CGM) and electrocardiogram (ECG) ""patch"" monitoring sensors simultaneously for up to 14 days. Gen2 study had high CGM and ECG completeness: the median wear time for sensors was 14 days and approximately 80% of participants wore both sensors for ≥10 days. By combining Gen2 and data from the original ongoing ARIC cohort (aged 80+), we have the capacity to conduct a comprehensive evaluation of the impact of CGM-defined glucose patterns on arrhythmias across a wide age spectrum from middle-aged to very old adults (aged 50-100) with type 2 diabetes. The findings from this study may help inform clinical strategies for the prevention and management of arrhythmias among adults with type 2 diabetes.",American journal of epidemiology,2026,10.1093/aje/kwag237,,Journal Article,prevention,PubMed
42760378,"Nutrition transitions, obesity and T2DM in the Middle East and North Africa.","Obesity and type 2 diabetes mellitus (T2DM) are global epidemics, but their burden is particularly pronounced in the Middle East and North Africa (MENA) region. This Review provides a comprehensive overview of their epidemiological landscape among adults in the MENA region, encompassing disease burden, temporal trends, intersecting risk factors and key gaps in research, policy and practice, while highlighting regional heterogeneity. Despite worsening trends, the broader landscape, including disease burden and its drivers, remains insufficiently addressed. Contributing risk factors include poor diet quality, physical inactivity, genetic predisposition, obesogenic food environments and socioeconomic and cultural influences. While high-income places in the Gulf region have undergone earlier and more advanced nutrition transitions, with some of the highest prevalences of obesity and T2DM globally, places in North Africa are experiencing rapid shifts, with some of the steepest increases in high BMI and elevated fasting plasma levels of glucose. Although places share common drivers such as urbanization and sedentary lifestyles, the magnitude and distribution of risk vary widely owing to differences in economic development, healthcare infrastructure, cultural norms and public health nutrition policies. These epidemics impose a substantial and under-recognized economic burden. Prevention and management efforts remain fragmented, highlighting the need for stronger regional collaboration, improved evidence generation and culturally tailored interventions.",Nature reviews. Endocrinology,2026,10.1038/s41574-026-01301-5,11462227,Journal Article; Review,prevention,PubMed
42755236,"Facilitators and barriers to implementing a digital health-supported, community pharmacy-based prediabetes management program (PRIME program) in Malaysia: a qualitative study of participants' and pharmacists' perspectives.","AIM: This study aims to evaluate the facilitators and barriers to the implementation, adoption, and participation of these programs. BACKGROUND: The Prediabetes Intervention, Management, and Evaluation (PRIME) program is an initiative that integrates digital health tools with community pharmacy services to encourage lifestyle behaviour changes among participants with prediabetes. While PRIME demonstrates effectiveness in clinical outcomes, the integration of such programs into community pharmacy services remains limited. METHODS: In-depth focus group discussions and one-on-one interviews were conducted with participants and pharmacists who were involved in PRIME. The semi-structured interviews focused on the experiences and perceptions of the implementation of PRIME and its influence on behaviour change. All audio-recorded interviews were transcribed, coded, and analysed using thematic analysis techniques, leading to the development of major themes. FINDINGS: Seven focus groups and twenty interviews were conducted among 37 participants and 10 pharmacists. Five themes were developed: 1) Intrinsic motivations towards better health; 2) Influence of rapport building; 3) Improved convenience to healthcare access; 4) Resource and support; and 5) Innovation with digital health. Key barriers were related to the use of digital health tools (technical difficulties, lacking engaging functionalities) and resources (workload management, availability of prediabetes-specific guidelines). The participants perceived the blended approach of in-person support with technology-assisted interventions in PRIME as an effective way to build healthier lifestyles. While community pharmacy-based prediabetes management programs like PRIME can be effective in driving healthier lifestyles, several barriers hinder their broader adoption. Addressing these barriers could enhance the implementation and uptake of these programs.",Primary health care research & development,2026,10.1017/S1463423626101765,,Journal Article,prevention,PubMed
42754528,"Diabetes progression and severe hypoglycemia: a nationwide cohort study of 2,475,605 adults with type 2 diabetes mellitus.","BACKGROUND/AIMS: Severe hypoglycemia (SH) is a major concern in type 2 diabetes mellitus (T2DM). We evaluated whether a composite diabetes progression score could predict incident SH. METHODS: Using the Korean National Health Insurance Service database, we identified 2,475,605 adults with T2DM who underwent health examinations in 2015-2016. Incident SH was defined by ICD-10 codes plus emergency department visit or hospitalization. The progression score (range, 0-6) comprised six indicators: longer diabetes duration, use of ≥ 3 oral glucose-lowering drug classes, insulin use, chronic kidney disease (CKD), cardiovascular disease, and diabetic retinopathy. RESULTS: During 1 year of follow-up, 1,186 SH events occurred. Each component of diabetes progression was independently insuassociated with SH risk hazard ratios (HRs) from 1.19-3.27, with insulin use and CKD showing the largest effects. SH risk increased stepwise with higher progression scores. Compared with a score of 0, the adjusted HRs (95% confidence intervals) were 3.35 (2.63-4.27), 7.74 (6.15-9.74), 12.61 (9.97-15.95), 22.39 (17.44-28.75) for scores 1, 2, 3, and ≥ 4, respectively. CONCLUSION: A concise diabetes progression score strongly stratified short-term SH risk in this nationwide cohort, and may help target proactive prevention and early intervention.",The Korean journal of internal medicine,2026,10.3904/kjim.2026.084,PMC13585690,Journal Article,prevention,PubMed
42801476,Scaling of an evidence-based intervention program in older people with diabetes and frailty in Latin America. Diabfrail-Latam clinical trial protocol.,"OBJECTIVES: Diabfrail-Latam is a project funded by the Horizon 2020 program of the European Commission (EC) and the Global Alliance for Chronic Diseases (GACD). The main objective of this protocol is to describe the clinical validation of a multimodal intervention aimed at older people with type 2 diabetes mellitus (T2DM) and frailty in Latin America, involving multicomponent physical exercise (based on VIVIFRAIL), nutritional education, and adjustment of therapeutic targets to be scaled up to other countries in Latin American region. METHODS: The Diabfrail-Latam CE is international, multicenter, single-blind and with two parallel groups with 1:1 randomization (multimodal intervention or usual clinical practice). More than 700 people over 65 years of age, frail or pre-frail, with T2DM, are expected to be recruited in four countries (Colombia, Peru, Mexico and Chile). The primary objective of this clinical validation is to evaluate the effectiveness of the multimodal intervention in improving functionality (measured by the Short Physical Performance Battery, SPPB) after one year of follow-up. Secondary objectives include changes in frailty status, adherence, feasibility, economic impact, biomarkers and caregiver burden. The intervention is expected to significantly improve functionality, reduce frailty progression, and demonstrate feasibility for large-scale implementation in Latin American health systems. CONCLUSION: Diabfrail-Latam will allow to validate and adapt interventions that have demonstrated efficacy in previous studies in European population, providing solid evidence for scaling and replication in the Latin American region and its context.",The Journal of frailty & aging,2026,10.1016/j.tjfa.2026.100211,,Journal Article,lifestyle,PubMed
42799754,The impact of physical activity and exercise timing on metabolic health among individuals at high risk of type 2 diabetes.,"The timing of physical activity and exercise has been suggested to play a role in metabolic health. This narrative review synthesises current evidence on the impact of habitual physical activity and exercise timing on glucose homeostasis and insulin sensitivity, blood lipids and body composition among individuals with overweight, obesity and impaired glucose homeostasis. To this end, we reviewed evidence from both observational and experimental studies. Overall, current evidence on physical activity/exercise timing and metabolic health is inconsistent, with several studies reporting no significant time-dependent differences, and other studies suggesting more favourable glucose-related outcomes and improved insulin sensitivity and lipid profiles when physical activity/exercise is performed later in the day. Body composition outcomes appear to be largely independent of exercise timing. The interpretation of the current evidence is limited by the small number of studies, heterogenous study designs and variability in exercise modalities and durations. We identify important gaps in knowledge, particularly regarding sex-specific responses, the role of chronotype and the real-world feasibility of timing-based exercise recommendations. While engaging in physical activity or exercise at any time of day is more beneficial than remaining inactive, further studies are warranted to clarify the optimal timing for metabolic health in individuals at risk of type 2 diabetes.",Diabetologia,2026,10.1007/s00125-026-06871-7,7670795,Journal Article; Review,lifestyle,PubMed
42797057,Adipose Tissue Expandability as a Link Between Nutrition and Obesity-Related Metabolic Risk: Insights from Bariatric Surgery.,"Adipose tissue expandability refers to the capacity of white adipose tissue to store excess energy safely while preserving metabolic homeostasis. This adaptive response takes place via both an increase in adipocyte number (hyperplasia) and size (hypertrophy). Healthy expansion requires coordinated angiogenesis, extracellular matrix remodeling, and functional adipose stem and progenitor cells. Within this conceptual framework, when expandability is limited-due to genetic factors, aging, or chronic overnutrition-adipocyte hypertrophy predominates, which is hypothesized to trigger hypoxia, endoplasmic reticulum stress, chronic low-grade inflammation, and fibrosis. These changes are proposed to form a physical and metabolic barrier that compromises further safe lipid storage, potentially driving the spillover of surplus lipids to ectopic sites: the liver (promoting steatosis and hepatic insulin resistance), skeletal muscle (intramyocellular lipid accumulation and impaired glucose uptake), and pancreas (β-cell dysfunction and reduced insulin secretion). Lipotoxic intermediates such as diacylglycerols and ceramides activate protein kinase C isoforms and may impair insulin receptor signaling, thereby contributing to systemic insulin resistance. The clinical correlate is a spectrum of metabolic disorders including type 2 diabetes, dyslipidemia, metabolic dysfunction-associated steatotic liver disease, and cardiovascular disease. Understanding the determinants of adipose tissue expandability-from adipose stem cell function and angiogenesis to fibrosis and immune cell infiltration-provides a framework for identifying individuals at risk despite normal body weight and for developing targeted therapies that restore healthy adipose tissue expansion. The aim of this narrative review is to analyze how nutritional factors shape adipose tissue expandability and how limitations in expandability drive obesity-related metabolic disease. To this end, we leverage bariatric surgery as a physiological model illustrating how weight loss reduces lipid overflow while intrinsic adipose tissue expandability may remain incompletely restored.",Nutrients,2026,10.3390/nu18183075,PMC13610826,Journal Article; Review,lifestyle,PubMed
42796084,GLP-1 Receptor Agonists and Tirzepatide in Men Seeking Fertility: A Structured Narrative Review and Proposed Clinical Framework.,"Glucagon-like peptide-1 (GLP-1) receptor agonists and the dual glucose-dependent insulinotropic polypeptide (GIP)/GLP-1 receptor agonist tirzepatide are increasingly used to treat obesity and type 2 diabetes in men of reproductive age, but practical guidance for counseling men planning fatherhood remains limited. This structured narrative review distinguishes endocrine, semen, sexual-function, and clinical fertility outcomes. In metabolically impaired men, studies largely involving liraglutide or semaglutide report increases in total testosterone; free-testosterone findings are inconsistent, and the available small short-term studies did not show the marked gonadotropin suppression expected with exogenous testosterone. Some studies report favorable changes in semen parameters, but samples are small, populations heterogeneous, and medication effects cannot be separated reliably from weight loss. The present search identified no adequately powered GLP-1-specific prospective study that prespecified sperm DNA fragmentation, natural conception, assisted-reproduction outcomes, clinical pregnancy, or live birth. Sexual-function findings are mixed and do not establish causality. Evidence on paternal preconception exposure is insufficient, and pregnancy-related label precautions do not by themselves establish risk from paternal exposure. No eligible controlled tirzepatide-specific study assessing semen or clinical fertility outcomes was identified by this search. These therapies should be used for established metabolic indications, not as male infertility treatments. The proposed framework is author-developed, evidence-informed, non-validated, and intended for individualized counseling and prospective evaluation.",Journal of clinical medicine,2026,10.3390/jcm15187313,PMC13607358,Journal Article; Review,lifestyle,PubMed
42794486,"Skeletal Muscle Effects of GLP 1 Receptor Agonists: Molecular Mechanisms and Comparative Insights on Semaglutide and Tirzepatide, a Narrative Review.","GLP-1 receptor agonists (GLP-1RAs), dual GLP-1/GIP agonists, and the more recent triple GLP-1/GIP/glucagon agonists have transformed the treatment of type 2 diabetes mellitus (T2DM) and obesity, resulting in significant weight reduction. However, a substantial proportion (20-40%) of this weight loss is attributable to a decrease in lean mass, thereby raising concerns regarding potential sarcopenia-related risk. However, decreased lean mass is not sufficient to determine sarcopenia, which is now defined by the combined presence of decreased muscle mass, diminished strength, and impaired physical function, particularly in older or frail individuals. Thus, a further clarification of the potential mechanisms through which these molecules affect skeletal muscle is needed to optimize their use. The objective of this study is to synthesize preclinical, metabolomic, and clinical evidence on the effects of GLP-1RAs and dual/triple agonists on skeletal muscle, with a specific comparison between semaglutide and tirzepatide. This narrative review was based on a comprehensive literature search of PubMed/MEDLINE, Scopus, and Google Scholar, encompassing articles published through June 2026. This search was supplemented by manual citation tracking, which identified additional studies including preclinical and metabolomic investigations, randomized controlled trials, observational studies, and meta-analyses. Preclinical data suggest that GLP-1R/GIPR activation can positively modulate anabolic pathways, mitochondrial biogenesis, and muscle inflammation. Metabolomic evidence reveals lipid and amino acid remodeling compatible with improved mitochondrial function. Clinically, lean mass loss proportional to weight reduction is consistently observed, generally without meaningful declines in strength or performance; data for tirzepatide are more limited. Lean mass, however, is not synonymous with skeletal muscle. A paradox emerges between the presence of protective molecular signals and the clinical evidence of lean-mass loss. This phenomenon may be explained by a systemic energy/protein deficit rather than a direct catabolic effect of the drugs, although current evidence does not fully distinguish these mechanisms. The effectiveness of weight reduction should be considered a pivotal metric in clinical practice, particularly in populations susceptible to sarcopenia.",International journal of molecular sciences,2026,10.3390/ijms27188057,PMC13607671,Journal Article; Review,lifestyle,PubMed
42793505,Differential Associations of Healthy Lifestyle Latent Classes with Glycemic Transitions in Prediabetes: An Observational Study Based on CHARLS.,"Introduction: Current clinical guidelines recommend comprehensive management of multiple healthy lifestyles as fundamental to prediabetes care; however, the evidence base regarding the status and clustering of these risk factors remains insufficient. We identified distinct latent classes of healthy lifestyle in individuals with prediabetes and examined their impact on glycemic progression. Methods: This study included 2529 baseline prediabetic participants from the China Health and Retirement Longitudinal Study (CHARLS). We performed latent class analysis (LCA) to stratify participants according to healthy lifestyle factors: physical activity, smoking, alcohol consumption, sleep duration, body mass index (BMI), and blood pressure. Multiple imputation was used for missing covariate data. Multinomial logistic regression was used to examine associations with glycemic transition. Results: Three healthy lifestyle classes were identified: Class 1 (27.6%, the smoking and drinking group), Class 2 (28.2%, the high-BMI group), and Class 3 (44.3%, the healthy lifestyle group). Compared with Class 3, Class 1 (OR, 0.736; 95% CI, 0.554 to 0.978) and Class 2 (OR, 0.628; 95% CI, 0.489 to 0.806) had significantly decreased odds of returning to normoglycemia. Conversely, Class 2 (OR, 2.167; 95% CI, 1.626 to 2.887) had higher odds of progressing to diabetes than Class 3. Conclusions: Prediabetic individuals fall into three distinct healthy lifestyle latent classes. The distinct associations between the three lifestyle latent classes and glycemic progression to diabetes and regression to normoglycemia support the potential value of lifestyle-based risk stratification in prediabetes management, pending validation in prospective cohorts.","Healthcare (Basel, Switzerland)",2026,10.3390/healthcare14182966,PMC13606765,Journal Article,lifestyle,PubMed
42792704,Imaging and Hemodynamic Mechanisms of Cardiac Remodeling with SGLT2 Inhibitors Across Heart Failure Phenotypes: A Systematic Review.,"Background: Sodium-glucose cotransporter 2 (SGLT2) inhibitors, originally developed as glucose-lowering agents for type 2 diabetes mellitus, have been shown in large, randomized trials to improve clinical outcomes in heart failure (HF) across the ejection fraction (EF) spectrum. The imaging-derived and hemodynamic changes that accompany these benefits remain incompletely characterized, and it is not known whether the patterns of cardiac remodeling observed differ between HF with reduced ejection fraction (HFrEF, left ventricular ejection fraction [LVEF] ≤ 40%) and HF with preserved ejection fraction (HFpEF, LVEF ≥ 50%). This systematic review synthesized randomized evidence on the effects of SGLT2 inhibitors on cardiac remodeling parameters and described the patterns observed in each phenotype. Methods: PubMed/MEDLINE, Scopus and Embase were searched for randomized controlled trials (RCTs) published between February 2016 and March 2026. Eligible studies enrolled adults with chronic HF receiving an SGLT2 inhibitor, included a non-SGLT2-inhibitor comparator and assessed cardiac structure, function or loading by echocardiography, cardiac magnetic resonance (CMR) or cardiac catheterization over at least three months. Risk of bias was assessed with Cochrane RoB 2, separately for each outcome domain and targeting the effect of assignment to intervention, and certainty of evidence with GRADE, separately by phenotype and imaging modality. A structured narrative synthesis following Synthesis Without Meta-analysis (SWiM) guidance that prioritized the direction, magnitude and precision of randomized between-group treatment effects was performed. Results: Fourteen publications from thirteen unique RCTs (1232 participants) were included: four trials enrolled HFrEF (LVEF ≤ 40%), five enrolled mixed reduced and mildly reduced EF cohorts (LVEF < 50% or 35-49%), four enrolled HFpEF (LVEF ≥ 50%) and one enrolled a mixed ejection-fraction population. No trial enrolled an exclusively HFmrEF population. In reduced EF, the direction of effect on LV volumes favored SGLT2 inhibition in four of eight trials reporting volumes, but the estimates were not compatible in magnitude, and the one adequately powered trial at low risk of bias (EFFORT) was neutral; the largest volumetric estimates came from EMPA-TROPISM, which published no adjusted between-group estimate. The only prespecified, adjusted and confidence-interval-bearing volumetric estimates were those of SUGAR-DM-HF (left ventricular end-systolic volume index -6.0 mL/m2, 95% CI -10.8 to -1.2; end-diastolic volume index -8.2 mL/m2, 95% CI -13.7 to -2.6). The global longitudinal strain improved in the trial with blinded core-laboratory reading (EFFORT -1.44%, 95% CI -2.42 to -0.46), but effect sizes in the open-label trials without stated reader blinding were two to three times larger, and the CMR-derived strain was unchanged. In HFpEF, volumes, EF, mass and strain were unchanged throughout. The most secure finding of the review was invasive: in CAMEO-DAPA, dapagliflozin reduced pulmonary capillary wedge pressure at rest by 3.5 mmHg (95% CI -6.6 to -0.4) and at peak exercise by 5.7 mmHg (95% CI -10.8 to -0.7). NT-proBNP results were directionally inconsistent, and the trials in which NT-proBNP was a prespecified primary endpoint (Empire HF, CANDLE) were neutral. Certainty of evidence was very low for 18 of 20 evidence profiles and low for the remaining two. Conclusions: Randomized imaging and hemodynamic studies suggest phenotype-related differences in the cardiac remodeling associated with SGLT2 inhibitor therapy. In studies enrolling patients with reduced EF, treatment was associated predominantly with reverse remodeling of left ventricular volumes and modest improvements in myocardial function, whereas in preserved EF, the observed changes were mainly confined to filling pressures and diastolic function, with no consistent evidence of left ventricular volumetric remodeling. Given the limited number of studies, substantial heterogeneity, and the overall low certainty of evidence, these findings should be considered hypothesis-generating and warrant confirmation in adequately powered phenotype-specific mechanistic trials.",Biomedicines,2026,10.3390/biomedicines14091961,PMC13604603,Journal Article; Review,lifestyle,PubMed
42791090,Glucagon-Like Peptide-1 Receptor Agonist-Associated Hepatotoxicity.,"PURPOSE: Glucagon-like peptide-1 receptor agonists (GLP-1RAs) have transformed the management of obesity, type 2 diabetes and metabolic dysfunction-associated steatohepatitis. Despite their numerous clinical benefits they are not without risk. Although the product labels contain multiple organ-specific warnings and precautions, the liver is not identified as a target organ of safety concern. Drug-induced liver injury (DILI) is a leading safety-related cause of pipeline attrition, boxed warnings and postmarketing drug withdrawal. This review explores GLP-1RA associated hepatotoxicity. METHODS: A comprehensive literature search of PubMed, Medline, EMBASE, Web of Science, SCOPUS and Google Scholar was conducted to identify relevant publications. Searches were conducted using all possible pairwise combinations of the drug or drug class terms with liver safety terms. Product labels, the Food and Drug Administrations Adverse Event Monitoring System for approved drugs and LiverTox®, the online resource for information on DILI were searched. FINDINGS: Thirty-one case reports of suspected GLP-1RA or dual GLP-1/GIP RA-associated hepatotoxicity were identified. The specific term ""DILI"" related to GLP-1RAs was reported to the Adverse Event Monitoring System 232 times and 3 GLP-1RA drug development programs were terminated due to liver safety. Results from the combined 31 case reports revealed that ages ranged from 17 to 79 years with a female predominance. Although some patients presented with asymptomatic liver tests elevations, most patients were symptomatic with abdominal pain, nausea and vomiting, mimicking GLP-1RA-associated gastrointestinal symptoms of early satiety. Presentation with acute liver failure or hepatic decompensation events also occurred. Treatment-emergent liver test elevations also occurred with dose escalation and switch to a different GLP-1RA. Severity of liver test elevations were most commonly grade 4. Latency ranged from 2 weeks to 6 months. Most cases demonstrated a hepatocellular pattern of liver injury, although cholestatic or mixed injury also occurred. Most liver test elevations resolved upon GLP-1RA or dual GLP-1/GIPRA discontinuation with dechallenge occurring between 1 week to 6 months. IMPLICATIONS: DILI can occur with GLP-1 or GLP-1/GIP RAs. However, the true incidence is likely rare, although is unknown and probably underestimated. Among populations at higher risk may include females, patients with metabolic dysfunction-associated steatotic liver disease, patients experiencing rapid and substantial weight loss, and patients undergoing dose escalation or transitioning between different GLP-1RAs. Recognition of this association is crucial as the mainstay of treatment is prompt drug discontinuation. However, since GLP-1RAs are generally considered hepatoprotective, a potential causal relationship may not be readily suspected, which could delay withdrawal and lead to liver-related adverse events. This review underscores the importance of ongoing postmarketing safety surveillance despite reassuring clinical trial data to further elucidate the risk of GLP-1RA and GLP-1/GIP RA hepatotoxicity. Further research is needed to better understand the mechanism of suspected GLP-1RA and GLP-1/GIP RA-associated hepatotoxicity. As access expands via unregulated compounding pharmacies, patient education is key.",Clinical therapeutics,2026,10.1016/j.clinthera.2026.09.002,,Journal Article; Review,lifestyle,PubMed
42789217,Rewiring the psoriasis-metabolism axis: therapeutic potential of saroglitazar beyond PPAR modulation.,"Psoriasis (PSO) is a chronic, immune-mediated inflammatory disorder that affects approximately 2-3% of the global population, or over 100 million individuals worldwide. Far beyond its cutaneous manifestations, PSO is now recognized as a systemic inflammatory condition tightly intertwined with metabolic syndrome, insulin resistance, and heightened cardiovascular risk. Clinical and epidemiological data reveal its strong association with type 2 diabetes, hypertension, dyslipidemia, hepatic steatosis, and non-alcoholic fatty liver disease, collectively amplifying its systemic burden. At the molecular level, these comorbidities converge on dysregulated signaling cascades, including NF-κB, MAPK, and STAT3, that sustain the chronic pro-inflammatory state. Saroglitazar (SGZ), initially developed as a dual PPAR-α/γ agonist for diabetic dyslipidemia, is indeed emerging as a promising multi-targeted therapy with pleiotropic effects. Current evidence supports its role as a system-level modulator that fine-tunes insulin signaling, reduces oxidative stress, suppresses neuroinflammation, and modulates key inflammatory pathways such as NF-κB, MAPK, and STAT3, aligning well with its broadened therapeutic potential beyond diabetes management. To our knowledge, this is the first comprehensive synthesis to unravel SGZ's mechanistic intersections across metabolic and inflammatory axes and map its clinical relevance to psoriasis. By bridging the dermatological landscape with metabolic comorbidity management and lifestyle interventions, SGZ-proposed mechanisms in the skin, however, have not yet been thoroughly investigated with direct preclinical and clinical evidence in psoriasis and are still hypothesis-generating.",Inflammopharmacology,2026,10.1007/s10787-026-02413-0,,Journal Article; Review,lifestyle,PubMed
42787678,Implicit Rationing of Incretin Therapy in Diabetic Kidney Disease: A Call for Deliberate Allocation.,"Glucagon-like peptide-1 (GLP-1) receptor agonists have produced strong renal outcome data in patients with type 2 diabetes and chronic kidney disease (CKD), including a large randomized trial stopped early for benefit. Yet the patients with the best claim to these drugs are often the ones least able to obtain them. Supply and price are driven less by nephrologic risk than by a consumer market organized around elective weight loss, direct-to-consumer telehealth, and, until recently, a large compounding economy; at list price, cost-effectiveness analyses place these agents well above accepted value thresholds. This editorial argues that the resulting pattern of access amounts to rationing by default rather than by policy, and that nephrology has an obligation to name it and to press for allocation guided by clinical need. Whether these agents work in CKD is settled. The open question is who receives them once ability to pay, rather than risk of kidney failure, sets the order of the line. When access is constrained, we argue, priority should follow indication and kidney risk rather than purchasing power.",Cureus,2026,10.7759/cureus.115170,PMC13602831,Editorial,lifestyle,PubMed
42784582,Cardiovascular outcomes associated With GLP-1 and dual GLP-1/GIP receptor agonists in patients with type 2 diabetes and inflammatory bowel disease: A retrospective real-world cohort study.,"INTRODUCTION: Individuals with co-morbid T2D and IBD represent a uniquely high-risk group, facing amplified cardiovascular risk through synergistic inflammatory and metabolic pathways, in whom conventional cardiometabolic strategies (such as dietary and lifestyle changes, weight loss, blood pressure and lipid optimization, metformin therapy, SGLT2 inhibitor therapy) may be insufficient due to the overlap between metabolic disease and chronic inflammatory disease processes. At present, the literature available on the role of incretin-based therapy in the treatment of T2D in patients with co-morbid IBD is limited. We aimed to evaluate the association of GLP-1 receptor agonists and dual GLP-1/GIP receptor agonists with cardiovascular outcomes in individuals with T2DM and IBD. This study is not intended as a direct comparison of the efficacy of GLP-1 agonists and dual GLP-1/GIP receptor agonists in patients with T2D and IBD. Both drug classes were analyzed as a combined incretin-based therapy exposure group to reflect real-world prescribing patterns and maximize statistical power. METHODS: We conducted a retrospective cohort study using the TriNetX global federated research network, identifying adults (≥18 years) with T2D and IBD between 2015-2024. Patients prescribed GLP-1 or dual GLP-1/GIP were compared with non-users following 1:1 propensity score matching on demographics, comorbidities, and medication use. Relative risks (RR) and Hazard Ratios (HR) with 95% confidence intervals (CI) were calculated, with significance defined as p < 0.05. RESULTS: After matching 16,118 patients per cohort from among a total matched population of 32,236 patients, GLP-1 or GLP-1/GIP receptor agonist therapy was associated with lower hazard ratios across all outcomes, including myocardial infarction (HR 0.701, 95% CI 0.637-0.771), chronic ischemic heart disease (HR 0.936, 95% CI 0.896-0.978), heart failure (HR 0.777, 95% CI 0.737-0.820), atrial fibrillation/flutter (HR 0.838, 95% CI 0.788-0.890), sudden cardiac death (HR 0.694, 95% CI 0.605-0.795), ischemic stroke (HR 0.781, 95% CI 0.707-0.862), deep vein thrombosis (HR 0.642, 95% CI 0.586-0.702), and pulmonary embolism (HR 0.722, 95% CI 0.640-0.815). CONCLUSIONS: In patients with comorbid T2D and IBD, GLP-1 and GLP-1/GIP receptor agonists were associated with significant reductions in ischemic, arrhythmic, and thromboembolic cardiovascular outcomes. These findings highlight the potential role of incretin-based therapies in improving cardiovascular risk management in this high-risk population. However, the present study does not establish the comparative efficacy of the two classes of drugs in this patient population, and the findings may be associational rather than causal. Both drug classes were analyzed as a combined exposure group. Mechanistic explanations proposed in this paper should be considered hypothesis-generating rather than confirmed by the current observational study design.",PloS one,2026,10.1371/journal.pone.0358659,PMC13606989,Journal Article,lifestyle,PubMed
42784208,A Circulating Proteomic Signature of Allostatic Load Is Associated with Multisystem Disease and Mortality.,"Background: Chronic stress contributes to the development of cardiometabolic, malignant, and other chronic diseases through cumulative multisystem physiological dysregulation, conceptualized as allostatic load (AL). However, traditional AL relies on heterogeneous clinical biomarkers that are frequently unavailable or inconsistently collected in large cohorts, limiting reproducibility and translational utility. We developed and validated ProAL50, a proteomics-based measure of AL derived from 50 circulating proteins. Methods: Using high-dimensional plasma proteomic data from the UK Biobank, we constructed ProAL50 via penalized regression and stability selection and externally validated its construct in the Coronary Artery Risk Development in Young Adults (CARDIA) Study. Results: Among 37,089 UK Biobank participants, ProAL50 correlated strongly with traditional AL in the held-out test set (r = 0.72) and showed moderate external construct validity in CARDIA (r = 0.62). ProAL50 closely mirrored traditional AL in its associations with sociodemographic characteristics, lifestyle behaviors, physical and mental health, inflammation, and biological aging, supporting construct validity. In prospective analyses, ProAL50 showed associations with incident chronic disease, including type 2 diabetes, ischemic heart disease, chronic lung disease, chronic liver disease, chronic kidney disease, overall cancer, and all-cause and cause-specific mortality that were broadly comparable to traditional AL. Representative associations included incident type 2 diabetes (HR per SD = 2.72, 95% CI 2.61-2.84) and chronic liver disease (HR = 2.12, 95% CI 1.96-2.29). Conclusions: These findings support ProAL50 as a biologically informative, protein-based surrogate of AL for research use that complements traditional AL, pending further external validation and assay standardization.",Proteomes,2026,10.3390/proteomes14030047,PMC13611500,Journal Article,lifestyle,PubMed
42783805,"Coffee, the Gut Microbiome, and Host Metabolism: Gastrointestinal Fate, Microbial Transformation, Mechanistic Insights, and Prospects for Precision Nutrition.","Coffee is one of the most widely consumed beverages worldwide and a major dietary source of bioactive compounds, including caffeine, chlorogenic acids (CGAs), trigonelline, non-digestible polysaccharides, and roasting-derived melanoidins. Habitual coffee consumption has been associated with a lower risk of type 2 diabetes (T2D) and more favorable liver-related outcomes, whereas evidence regarding obesity and metabolic dysfunction-associated steatotic liver disease (MASLD) remains heterogeneous. These associations may reflect interactions among coffee constituents, the gut microbiota, and host metabolic phenotypes rather than the effects of individual compounds alone. In this focused narrative review, we integrate evidence on the gastrointestinal fate, microbial transformation, and systemic availability of major coffee constituents, with particular emphasis on short-chain fatty acids, CGA-derived phenolic acids, and microbiota-dependent bile acid metabolism. We examine how these pathways may influence intestinal barrier integrity, mucosal immunity, enteroendocrine signaling, and gut-liver communication then consider their potential relevance to the regulation of energy, glucose, and lipid metabolism. We evaluate the relevance of these pathways to obesity, T2D, and MASLD, as well as major sources of inter-individual variability, including host genetics, baseline microbiota, metabolic phenotypes, background diet, and coffee composition, processing, brewing, filtration, dose, and beverage additives. Finally, we discuss physiologically relevant exposure levels, candidate biomarkers of individual responses, and risk-benefit considerations. Although mechanistic and preclinical evidence is accumulating, human studies directly demonstrating that coffee-induced microbiota changes mediate beneficial metabolic outcomes remain limited. Future randomized and mechanistic studies should integrate chemically characterized coffee exposures with longitudinal microbiome, metabolomic, physiological, and clinically relevant outcome measurements.",Metabolites,2026,10.3390/metabo16090680,PMC13609105,Journal Article; Review,lifestyle,PubMed
42782594,Knowledge and Attitude Regarding Chronic Kidney Disease among Patients with Type 2 Diabetes Mellitus.,"BACKGROUND: Type 2 diabetes mellitus (T2DM) is one of the major causes of death worldwide. In India, the estimated number of people with diabetes was 77 million in 2019, and it is predicted to escalate to 134 million by 2045. The most significant challenges of diabetes mellitus are chronic kidney disease (CKD). AIM: This study aims to assess the knowledge and attitude regarding CKD and examine their relationship among patients with T2DM. SUBJECTS AND METHODS: A cross-sectional study was conducted at a tertiary care hospital among 250 patients with T2DM aged over 18 years using convenience sampling. RESULTS: Male participants predominated at 56% (140), compared to females at 44% (110). The mean knowledge score was 2.29 ± 0.68 (out of 12), while the mean attitude score was 1.94 ± 0.28 (out of 50). Nearly half of the participants (45.6%, 114) demonstrated a moderate level of knowledge, and 92% (230) of respondents showed a moderately favorable attitude toward CKD. Significant associations were found between knowledge of CKD and factors such as family type, personal habits, and area of residence (P < 0.05). There was no significant correlation between knowledge and attitude. CONCLUSION: Overall, the findings indicate that patients with T2DM possess only moderate knowledge and attitudes regarding CKD, highlighting an urgent need to enhance awareness among high-risk populations. Strengthening education may improve treatment adherence, promote lifestyle modification, and prevent CKD progression.",Annals of African medicine,2026,10.4103/aam.aam_621_26,,Journal Article,lifestyle,PubMed
42797399,"Consensus In Silico Pharmacodynamic Screening of Twelve Fabaceae Isoflavones Targeting Glycation, Oxidative Stress, Antidiabetic Activity, and NF-κB-Related Inflammation.","Background/Objectives: Type 2 diabetes mellitus (T2DM) is a multifactorial metabolic disorder characterized by chronic hyperglycemia, oxidative stress, protein glycation, low-grade inflammation, and dysregulation of signaling pathways, including those involving nuclear factor kappa B (NF-κB). Isoflavones from Fabaceae species exhibit diverse biological activities and may represent multifunctional candidates for addressing the interconnected mechanisms underlying T2DM. This study performed a consensus in silico pharmacodynamic screening of twelve representative Fabaceae isoflavones to prioritize compounds with predicted antiglycating, deglycating, antidiabetic, antioxidant, and NF-κB-related anti-inflammatory activities. Methods: Twelve representative Fabaceae isoflavones were evaluated using a multimethod computational workflow. Antiglycating and deglycating activities were predicted using IT Microcosm, antidiabetic and hypoglycemic activities were assessed using Prediction of Activity Spectra for Substances (PASS), antioxidant potential was evaluated using similarity-based prediction and quantum-chemical calculations, and NF-κB-related anti-inflammatory activity was investigated using similarity-based prediction combined with molecular docking. Molecular docking was applied specifically to the NF-κB-related anti-inflammatory analysis and did not contribute to the hypoglycemic/antidiabetic prediction. The individual predictions were integrated using a consensus scoring strategy to prioritize compounds across multiple pharmacodynamic domains. Results: The investigated isoflavones demonstrated moderate but broad predicted multifunctional activities. Malonylgenistin, biochanin A, and formononetin showed the most favorable predicted antiglycating profiles. Genistin, acetyldaidzin, acetylglycitin, and puerarin ranked highest in terms of predicted antidiabetic activity, whereas genistein exhibited the strongest predicted antioxidant profile. Daidzin and genistin received the highest integrated NF-κB-related computational rankings, although these predictions apply to intact glycosides rather than their expected in vivo hydrolysis products. Conclusions: This study presents a consensus computational framework for the comparative prioritization of Fabaceae isoflavones based on their predicted multifunctional pharmacodynamic profiles. The results provide a rational basis for selecting candidate compounds for future biochemical, cell-based, pharmacokinetic, and in vivo investigations, although it is emphasized that the present findings are based exclusively on computational predictions and require experimental validation.","Pharmaceuticals (Basel, Switzerland)",2026,10.3390/ph19091353,PMC13610150,Journal Article,clinical_guidelines,PubMed
42784804,Effects of a Digital Decision Support System on Diabetes Management in a Real-World Home Care Setting: Prospective Quasi-Experimental Feasibility and Implementation Study.,"BACKGROUND: Older adults with diabetes are vulnerable, facing multimorbidity and challenges in reaching glycemic targets. When insulin therapy is required, limited knowledge of geriatric therapeutic goals often leads to regimens that increase the risk of hypoglycemia. Simplified approaches such as once-daily basal insulin are recommended, yet titration protocols and unclear regimens remain barriers in home care nursing. Digital decision support systems (DDSSs) such as GlucoTab address this gap by offering evidence-based titration guidance integrated into nursing workflows. DDSSs also strengthen nurse autonomy, which leads to improved care processes and better outcomes in home care settings. OBJECTIVE: This study assessed the effects of a nurse-guided intervention including a DDSS for diabetes management in older adults with type 2 diabetes receiving home care nursing. METHODS: The prospective quasi-experimental feasibility and implementation study was conducted using GlucoTab for diabetes management as part of a multicomponent intervention at 2 home care nursing sites. Nine adults with type 2 diabetes receiving insulin therapy were enrolled (n=5 women; mean age 77, SD 10 years; mean BMI 27.7, SD 4.7 kg/m2; mean baseline hemoglobin A1c 59.5, SD 12.8 mmol/mol). After receiving training, nurses implemented the DDSS, which integrates evidence-based diabetes management recommendations for home care and nursing workflows. Diabetes-related hospital admissions and glycemic outcomes were assessed before, during, and after implementation of the DDSS intervention. RESULTS: Before implementation, 5 diabetes-related emergency admissions led to 4 hospitalizations, compared with none during implementation and 4 after implementation, mostly due to hyperglycemia. The median hospital stay was 9 (IQR 8-15) days (before and after implementation). Diabetes management shifted from predominantly premixed insulin therapy at baseline to basal insulin with or without bolus insulin during implementation. Diabetes-related home care visits decreased from 1.81 to 1.01 per day (before vs during implementation), and general practitioner contacts for insulin adjustments declined (19 before implementation vs 16 after implementation). Mean morning blood glucose decreased from 212 (SD 72) mg/dL to 162 (SD 42) mg/dL, and the proportion of measurements within the target range (70-180 mg/dL) increased from 39.0% to 70.8% before vs during implementation. No incidence of hypoglycemia requiring third-party help was observed during implementation. Adherence of nurses to DDSS recommendations exceeded 94%. CONCLUSIONS: This study suggests that integrating a DDSS in a multicomponent intervention into home care nursing yielded longitudinal changes in diabetes outcomes. Emergency visits and hospitalizations were lower during implementation, no severe hypoglycemia was observed, glycemic control improved throughout the observation period, and therapy was simplified in routine care. Nursing visits decreased, suggesting potential improvements in care processes and resource use. High adherence and acceptance by nurses indicate feasibility and usability in home care practice. These findings align with evidence from hospitalized patients and telehealth studies, suggesting the potential for clinical, safety, and efficiency benefits.",JMIR nursing,2026,10.2196/89687,PMC13608231,Journal Article,clinical_guidelines,PubMed
42780637,"Cardiovascular-Kidney-Metabolic Overlaps, Clinical Outcomes, and Medications Among Patients With Heart Failure: Results From the Chinese Cardiovascular Association Database-Heart Failure Center Registry.","Cardiovascular-kidney-metabolic (CKM) multimorbidity is common among patients with heart failure (HF), but its prognostic impact in Chinese patients remains largely unclear. We examined the relationship of CKM multimorbidity with adverse outcomes and its interaction with guideline-directed medical therapy (GDMT) in patients with HF. We classified hospitalized patients with HF by CKM-condition count (atherosclerotic cardiovascular disease [ASCVD], chronic kidney disease [CKD], and type 2 diabetes [T2D]). Cox models assessed 1-year all-cause death, cardiovascular (CV) death, and rehospitalizations. Among patients with HF with reduced ejection fraction (HFrEF), subgroup analyses were conducted by GDMT use. Among 126,524 patients, 66.4% had at least one CKM condition and 5.1% had all three. All-cause death increased with CKM burden; three conditions conferred the highest risk (adjusted hazard ratio 2.43, 95% confidence interval [CI] 2.20-2.69) versus no CKM conditions. Associations were stronger in HFrEF. Although GDMT recipients had lower absolute death rates, associations of CKM multimorbidity with all outcomes were generally consistent regardless of GDMT use. CKM multimorbidity is common in Chinese patients hospitalized with HF and is associated with a worse prognosis. Although GDMT lowered absolute death rates, it did not substantially modify the relative associations between CKM multimorbidity and subsequent clinical outcomes.",MedComm,2026,10.1002/mco2.71008,PMC13598551,Journal Article,clinical_guidelines,PubMed
42778924,Integrative plasma proteomic network analysis identifies physical activity-associated protein modules potentially mediating type 2 diabetes risk.,"BACKGROUND: Moderate-to-vigorous physical activity (MVPA) lowers the risk of type 2 diabetes (T2D). Identifying protein modules that mediate this association may help dissect these biological underpinnings, but they remain incompletely characterized. METHODS: We studied 28,842 diabetes-free UK Biobank participants with baseline plasma proteomics. Guideline-adherent MVPA was defined as ≥ 600 metabolic equivalent of task-minutes per week. We first evaluated associations of MVPA with incident T2D and 2910 plasma proteins, followed by mediation analyses of individual proteins. We then identified protein co-expression modules using multiscale embedded gene co-expression network analysis (MEGENA), tested module-level associations with MVPA, and mediation of incident T2D. Protein modules were further evaluated using module-level Mendelian randomization, whole-genome-sequencing genome-wide association studies, human pancreatic islet single-cell RNA sequencing, leave-one-out sensitivity analyses, and pathway enrichment analyses. RESULTS: Over a median 13.60 years (IQR: [12.82, 14.35]), 1225 participants developed incident T2D. Guideline-adherent MVPA was associated with lower T2D risk and with 650 circulating proteins, of which 451 were Bonferroni-significant mediators. MEGENA analysis identified 171 robust modules, with 67 mediating the MVPA-T2D association. Twelve terminal modules, representing the finest-resolution functions, were selected for further analysis based on their significant mediated effects and enrichment in potential individual mediators. Genetic and functional analyses highlighted two modules: CKB-IGFBP2-centric module was positively associated with MVPA (β [95% CI] 0.196 [0.168, 0.224]) and genetically associated with lower T2D risk (OR [95% CI] 0.57 [0.43, 0.77]). Conversely, RIDA-PCBD1-centric module was inversely associated with MVPA (- 0.134 [- 0.162, - 0.108]) and genetically associated with higher T2D risk (1.54 [1.13, 2.09]). Compared to individual protein analyses, these modules captured unique pathways, supporting the CKB-IGFBP2-centered and RIDA-PCBD1-centered modules as antigen-presentation-enriched and complement/apoptic-cell-clearance-enriched modules, respectively. Finally, the constituent genes of both modules were enriched in T2D-related gene changes in pancreatic β-cells, with the antigen-presentation-enriched module showing additional enrichment across α-, δ-, and ductal cells. CONCLUSIONS: MVPA may reduce T2D risk through two coordinated plasma protein networks rather than only through individual circulating proteins. Evaluating coordinated protein modules may provide a system-level biological framework for understanding how exercise protects against T2D.",Cardiovascular diabetology,2026,10.1186/s12933-026-03363-1,PMC13602772,Journal Article,clinical_guidelines,PubMed
42778559,Tirzepatide versus GLP-1 receptor agonists and stroke in patients with atrial fibrillation and type 2 diabetes.,"Patients with atrial fibrillation and type 2 diabetes remain at high risk of stroke despite anticoagulation and glucose-lowering treatment. We examined whether tirzepatide was associated with lower cerebrovascular risk than established glucagon-like peptide-1 receptor agonists in a retrospective cohort from a large international federated electronic health-record network. Here we show that, among 14,118 matched pairs of adults initiating tirzepatide or another glucagon-like peptide-1 receptor agonist, tirzepatide use was associated with lower risks of any stroke, ischemic stroke, hemorrhagic stroke, and death from any cause. The absolute difference in stroke risk was 2.1 percentage points at one year, and the absolute difference in mortality was 6.2 percentage points. These observational findings support further assessment of tirzepatide as a potential option for people with both conditions, but randomized trials are required before treatment recommendations can change.",Nature communications,2026,10.1038/s41467-026-77047-5,PMC13601590,Journal Article; Comparative Study,clinical_guidelines,PubMed
42777696,MASLD: Established Knowledge and Emerging Directions - Guideline Updates.,"Metabolic dysfunction-associated steatotic liver disease (MASLD) has become a major global health challenge, largely driven by the increasing prevalence of obesity and type 2 diabetes mellitus. The disease spectrum ranges from isolated steatosis to metabolic dysfunction-associated steatohepatitis (MASH) with progressive fibrosis. Advanced fibrosis substantially increases the risk of cirrhosis, hepatocellular carcinoma, and cardiovascular complications, thereby contributing significantly to morbidity and mortality.Although lifestyle modification remains the cornerstone of therapy, pharmacological treatment is gaining importance in patients with progressive disease or high-risk profiles. Advances in the understanding of MASLD pathophysiology have enabled the development of targeted therapies addressing hepatic lipid accumulation, insulin resistance, inflammation, and fibrogenesis. Promising clinical data have been reported for resmetirom, semaglutide, tirzepatide, survodutide, lanifibranor, and fibroblast growth factor-21 analogues including efruxifermin, pegozafermin, and efimosfermin.This review summarises current and emerging diagnostic and therapeutic strategies and provides practical guidance for clinical management. In addition, a structured treatment algorithm for non-cirrhotic MASLD (F0-F3), restricted to therapies currently available in Europe and stratified according to diabetes status and fibrosis stage, is proposed as an evidence-based tool for routine clinical practice.",Zeitschrift fur Gastroenterologie,2026,10.1055/a-2894-7628,,Journal Article; Review,clinical_guidelines,PubMed
42776649,The Role of Infrared Thermography in the Diagnosis and Monitoring of Diabetic Foot Infection: A Systematic Review.,"BACKGROUND: Diabetic foot infection (DFI) is one of the most frequent diabetes-related complications requiring hospitalisation and is a major contributor to lower-extremity amputation. Infrared thermography has emerged as a non-invasive diagnostic tool capable of detecting temperature changes associated with inflammatory and infectious processes. This systematic review aimed to evaluate the role of thermography in the diagnosis and monitoring of diabetic foot infection. METHODS: The Preferred Reporting Items for Systematic Reviews and Meta-Analyses (PRISMA) statement was followed. Risk of bias and methodological quality were assessed using design-specific validated tools, including QUADAS-2 for diagnostic and detection studies and Joanna Briggs Institute critical appraisal checklists for cohort and case-series studies. Original studies evaluating the use of thermography in patients with diabetic foot infection were included. Two authors independently performed study selection, data extraction, and methodological assessment. RESULTS: Six studies met the inclusion criteria, comprising a total of 552 participants with type 1 or type 2 diabetes mellitus. Four observational studies and two pilot studies were included. Increased local skin temperature was consistently associated with acute diabetic foot complications and infection. Several studies identified a temperature difference of approximately 2.2 °C between contralateral foot regions as a clinically relevant threshold for detecting diabetic foot complications. However, no significant relationship was found between plantar thermal asymmetry and the severity or progression of infected diabetic foot ulcers. All included studies presented a level of evidence of 4 and a grade of recommendation of C. CONCLUSIONS: Infrared thermography appears to be a promising adjunctive tool for the early detection of diabetic foot infection. However, current evidence does not support its routine use for monitoring infection severity, treatment response, or prognosis, and further prospective studies are required before these applications can be recommended.",Infectious disease reports,2026,10.3390/idr18050098,PMC13600055,Journal Article; Review,clinical_guidelines,PubMed
42774636,Improving Medication Classification in GLP-1RA Research: Feasibility of a Photo-Review Protocol.,"OBJECTIVE: Glucagon-like peptide-1 receptor agonists (GLP-1RAs) are dominating the type 2 diabetes and obesity intervention landscape, yet their real-world use is increasingly difficult to characterize amid widespread availability of non-FDA-approved, compounded products obtained outside traditional healthcare systems. These users may not be captured by the clinical and claims databases commonly used in real-world GLP-1RA research. Online surveys offer a scalable alternative for reaching this population; however, existing survey studies depend on self-reported medication use, the reliability of which has not been well characterized. METHODS: An online study was conducted among U.S. adults recruited via Prolific who reported ≥ 3 months use of once-weekly injectable semaglutide or tirzepatide. Participants completed a screening survey requiring a photo of the prescribed GLP-1RA, followed by a main survey for eligible participants assessing self-reported GLP-1RA type and sociodemographic and health characteristics. Two blinded, independent coders classified photos as one of four FDA-approved branded formulations or a compounded product; discrepancies were resolved by the second author. Agreement was assessed using Cohen's kappa. RESULTS: Of the 419 screening survey participants, 322 participants comprised the analytic sample; 22 of the total exclusions were based on medication photo review. Self-reported and photo-coded medication types showed substantial agreement (82.61%; Cohen's κ = 0.78, 95% CI [0.73, 0.83]). Photo review classified 83 participants (25.78%) as using compounded GLP-1RAs; among these, 54 (65.06%) self-reported using one of the four branded GLP-1RAs and 29 (34.94%) selected a ""none of the above"" response option, operationalized as compounded use. CONCLUSIONS: This study demonstrated that photo review may be a feasible method for improving medication classification in research and offered recommendations for future studies. Additional work is needed to evaluate this protocol in larger and more diverse samples and to refine formulation-specific self-report items.",Obesity science & practice,2026,10.1002/osp4.70200,PMC13595039,Journal Article,clinical_guidelines,PubMed
42771209,Durability of Type 2 Diabetes Remission After Bariatric Surgery: Predictors of Sustained Remission and Glycemic Relapse at Five Years in a Retrospective Single-Center Study.,"BACKGROUND: Metabolic bariatric surgery (MBS) is one of the most effective treatments for obesity and type 2 diabetes mellitus (T2DM). Although high rates of diabetes remission have been reported, the durability of remission and the factors associated with glycemic relapse remain incompletely understood. OBJECTIVE: To evaluate the rates of sustained T2DM remission and glycemic relapse after metabolic bariatric surgery and to identify factors associated with both outcomes. METHODS: A retrospective cohort study was conducted including 151 patients with obesity and T2DM who underwent bariatric surgery. Partial, complete, and prolonged remission were defined according to established consensus criteria. Sustained remission was defined as the presence of remission at 5 years after surgery. Glycemic relapse was evaluated among patients who achieved remission during follow-up. Bivariate analyses and multivariable logistic regression for sustained remission and Cox proportional hazards regression for glycemic relapse were performed to identify factors associated with these outcomes. RESULTS: During follow-up, 120 patients (79.5%) achieved diabetes remission. At 5 years, 91 patients (60.3%) maintained remission, including 60 cases of complete remission and 31 cases of partial remission; prolonged remission was observed in 50 patients. In multivariable analysis, shorter diabetes duration (aOR 0.980 per month, 95% CI 0.969-0.992; p < 0.001), lower preoperative HbA1c (aOR 0.671 per 1% increase, 95% CI 0.520-0.866; p = 0.002), and higher preoperative BMI (aOR 1.120 per kg/m2, 95% CI 1.030-1.218; p = 0.008) were independently associated with sustained remission. Among patients who achieved remission, 27 (22.5%) experienced glycemic relapse. Most relapses occurred between the fourth and fifth postoperative years. Longer diabetes duration (aHR 1.015 per month, 95% CI 1.006-1.024; p = 0.001) and higher preoperative HbA1c levels (aHR 1.283 per 1% increase, 95% CI 1.050-1.567; p = 0.015) were independently associated with increased relapse risk, whereas greater %EWL at 1 year was independently associated with a lower risk of relapse (aHR 0.754 per 10-percentage-point increase, 95% CI 0.621-0.917; p = 0.005). CONCLUSIONS: Metabolic bariatric surgery achieved high rates of sustained T2DM remission in this cohort. Shorter diabetes duration and better preoperative glycemic control were associated with both a greater likelihood of sustained remission and a lower risk of glycemic relapse. These findings underscore the relevance of diabetes duration and preoperative glycemic status in long-term metabolic outcomes and the need for continued postoperative metabolic follow-up in patients with T2DM undergoing bariatric surgery.",Obesity surgery,2026,10.1007/s11695-026-08926-5,8740746,Journal Article,clinical_guidelines,PubMed
42764409,Sex and Socioeconomic Differences in the Initiation of SGLT2 Inhibitors and GLP-1 Receptor Agonists in Patients With Type 2 Diabetes and Cardiovascular Disease: A Nationwide Cohort Study.,"AIMS: Cardioprotective glucose-lowering drugs (GLDs) remain underutilised in individuals with Type 2 diabetes (T2D) and cardiovascular disease (CVD). We aimed to estimate the association between sex and socioeconomic status and initiation of cardioprotective GLDs and to identify factors associated with non-initiation of cardioprotective GLDs. MATERIALS AND METHODS: Using Danish health registries, we identified individuals with both T2D and CVD between 2015 and 2022. Initiation of cardioprotective GLDs, sodium-glucose co-transporter-2 inhibitors (SGLT2i) and glucagon-like peptide-1 receptor agonists (GLP-1RA) were assessed by sex and socioeconomic status. We estimated crude cumulative proportions, incidence rates (IR) and adjusted incidence rate ratios (IRR). Risk factors for non-initiation were analyzed using poisson regression. RESULTS: Among 81 361 individuals with newly diagnosed concomitant T2D and CVD (37% women), crude initiation rates of GLDs per 1000 person-years increased with higher educational level. This gradient disappeared after multivariable adjustment, with IRRs for females 0.95 (95% CI: 0.86-1.05) and males 1.00 (95% CI: 0.94-1.07). Marital and occupational status showed clear associations: compared with employed women, IRRs for initiation were 0.81 (95% CI: 0.75-0.88) for unemployed and 0.88 (95% CI: 0.79-0.97) for retired women. Compared with employed men, IRRs for unemployed and retired men were 0.77 (95% CI: 0.73-0.81) and 0.83 (95% CI: 0.78-0.88), respectively. Divorced, widowed and unmarried individuals also had lower IRR than married individuals. CONCLUSION: Among individuals with newly diagnosed T2D and CVD, lower initiation of guideline-recommended cardioprotective GLDs was observed among individuals with low socioeconomic status in both men and women.","Diabetes, obesity & metabolism",2026,10.1111/dom.71334,,Journal Article,clinical_guidelines,PubMed
42759692,Perioperative management of SGLT2 inhibitors: balancing euglycaemic ketoacidosis risk and cardiorenal benefits.,"Sodium-glucose cotransporter 2 (SGLT2) inhibitors are established therapies for type 2 diabetes, heart failure, and chronic kidney disease, creating a perioperative need to balance prevention of euglycaemic diabetic ketoacidosis (euDKA) against cardiorenal protection. Fasting, surgical stress, infection, reduced carbohydrate intake, insulin dose reduction, and hypovolaemia can amplify glycosuria and ketogenesis and precipitate euDKA. Most guidelines recommend withholding SGLT2 inhibitors for 3-4 days before elective surgery, although recommendations vary by agent, procedure, fasting duration, diabetes status, and monitoring capacity. Emerging evidence indicates competing perioperative risks and benefits. Inadequate withholding and emergency surgery are associated with high-anion-gap metabolic acidosis and ketoacidosis, whereas observational studies associate preoperative use with lower risks of acute kidney injury and short-term mortality. Heart failure withdrawal studies further suggest that cardiovascular and volume-regulatory benefits may diminish rapidly after interruption. These findings challenge uniform withholding but do not support routine perioperative continuation. Management should be stratified by treatment indication, glycated haemoglobin, insulin dependence, hepatic and kidney function, infection and volume status, surgical urgency and invasiveness, expected fasting duration, and access to ketone and acid-base monitoring. Patients at high metabolic risk generally require an adequate preoperative withholding interval and intensified monitoring, whereas low-risk patients treated primarily for heart failure or chronic kidney disease require individualised multidisciplinary assessment. Future studies should define indication- and risk-based withholding and restart strategies and jointly evaluate euDKA, acute kidney injury, worsening heart failure, myocardial injury, mortality, and postoperative recovery.",Diabetes & metabolism,2026,10.1016/j.diabet.2026.101793,,Journal Article; Review,clinical_guidelines,PubMed
42758555,Association between Glycemic Control and Survival in Patients with Type 2 Diabetes on Peritoneal Dialysis: Results from the PDOPPS.,"BACKGROUND: Diabetes is the leading cause of kidney failure globally affecting 40% of people receiving peritoneal dialysis (PD). High quality data on the potential impact of improving glycemic control is needed to inform the current recommendations to individualise HbA1C targets. METHODS: Data from eight countries in the prospective cohort Peritoneal Dialysis Outcomes and Practice Patterns Study (2014-2022) was used to assess the association between baseline HbA1C and all-cause mortality in people with Type 2 diabetes on PD for at least 90 days. Cox proportional hazards model adjusted for potential confounders assessed the relationship in the whole cohort and subgroups. Using inverse probability weighting, an average treatment effect in the treated analysis further investigated potential implications of improved glycemic control. RESULTS: HbA1C was measured at least once in 8,436 patients during a mean follow-up of 16 months. Compared with HbA1C≤8%, HbA1C>8% was associated with higher risk of all-cause mortality in the cohort as a whole (HR 1.18 p=0.02 95%CI 1.03-1.35) and within subgroups; aged <65years (HR 1.28 p=0.01 95% CI1.05-1.56), average albumin >3.0g/dL (HR 1.25 p=0.004 95% CI 1.07-1.46), no pre-existing coronary artery disease (HR 1.24 p=0.008 95% CI 1.06-1.46), haemoglobin <10g/L (HR 1.50 p=0.01 95% CI 1.09-2.07) and PD vintage <1year (HR 1.22 p=0.02 95% CI 1.03-1.45). The projected survival advantage at 3 years for those with HbA1C≤8% compared with >8% was 7% overall, increasing to 12% in younger cohorts (aged <65years). The largest predicted absolute survival advantage of 16% (78% versus 61%) was seen in those aged <65, with a normal serum albumin and no history of coronary artery disease. CONCLUSIONS: Associations between HbA1C and mortality argue for tighter individualised targets for patient subgroups (younger, non-inflamed, without established CAD). Our weighted analysis suggests improved glycemic control (reducing HbA1C to <8%) may result in an absolute reduction in mortality at three years of up to 12% in younger cohorts.",Clinical journal of the American Society of Nephrology : CJASN,2026,10.2215/CJN.0000001200,,Journal Article,clinical_guidelines,PubMed
42750677,How to improve uptake and adherence to dietary trials in gestational diabetes amongst South Asian women: insights from patient and public involvement and engagement.,"BACKGROUND: Gestational diabetes mellitus (GDM) is associated with adverse maternal and neonatal outcomes and affects approximately 10-20% of pregnancies in the UK. The prevalence of GDM among South Asian women is around twice that of White British women, and they are also twice as likely to develop type 2 diabetes following diagnosis. Although multiple dietary interventions have been explored to improve glycaemic control in GDM, no single dietary approach has proven consistently effective in improving health outcomes.We conducted a patient and public involvement and engagement (PPIE) activity with South Asian women to inform a trial evaluating the acceptability, feasibility, and safety of an intermittent low-energy diet (ILED) in GDM. PPIE input was particularly valuable in addressing lower-than-anticipated recruitment and retention, especially among South Asian women, and provided insights into sociocultural barriers and facilitators to improve trial design and participation. METHODS: Six South Asian women with lived experience of overweight or obesity in pregnancy, either personally affected by gestational diabetes or with close family experience, participated in one-to-one discussions lasting up to 60 minutes to provide feedback on trial procedures, methods, and design. Based on these insights, a follow-up discussion group was conducted with eleven South Asian women who had been pregnant in the last five years, were currently pregnant, or planning pregnancy, and who had experience of overweight/obesity or GDM. Key priorities were identified and translated into practical action points to inform ongoing research. CONCLUSIONS: Three key priorities emerged as a potential means of enhancing engagement with South Asian women: addressing vulnerability (including trust and loss of control), improving accessibility, and reducing mental load (including competing priorities, emotional wellbeing, and family influence).",NIHR open research,2026,10.3310/nihropenres.14303.2,PMC13575402,Journal Article,clinical_guidelines,PubMed
42749129,Nutrition care and Dietetic Practice in Managing Metabolic and Endocrine Dysfunction in Polyendocrine Metabolic Ovarian Syndrome (PMOS): Implications and Opportunities in the Context of the Name Change of Polycystic Ovarian Syndrome (PCOS) to PMOS.,"Polyendocrine metabolic ovarian syndrome (PMOS) affects 8-13% of women across the lifespan. Those with PMOS have reduced quality of life and increased risk of co-morbidities including elevated weight, eating disorders, gestational diabetes, type 2 diabetes and cardiovascular disease. PMOS is a major population in clinical dietetic practice and dietary intervention is the first-line approach recommended to target metabolic risk in the international evidence-based guidelines for assessment and management of PCOS. The past name, polycystic ovary syndrome (PCOS) was ovarian-centric and did not accurately reflect the pathophysiology, endocrine or metabolic dysfunction of the syndrome. The new name PMOS has been determined by a rigorous global consensus process including 56 organizations, >14,000 survey responses and consultation with experts and patients in workshops that identified the need for accurate medical representation of the syndrome and a stigma-reducing name. Dietitians encounter PMOS patients with increased cardiometabolic risk that also experience high rates of elevated weight, weight-stigma and eating disorders. Nutrition care of PMOS patients often involves managing these conditions, use of anti-obesity and diabetes medications, conferring with prescribing clinicians and navigating patient goals and preferences. Improved recognition of the metabolic risks can strengthen alignment with dietary management approaches and referral to nutrition care services as part of the multidisciplinary care needed in those with PMOS. Dietitians can play a key role in managing nutritional misinformation, supporting patient health literacy and nutritional self-management. The new name can contribute to expanded opportunities for nutritional research that targets endocrine and metabolic outcomes to improve the clinical care, health and well-being of those living with PMOS. STATEMENT OF SIGNIFICANCE: Polyendocrine metabolic ovarian syndrome (PMOS) is the new name for polycystic ovary syndrome. This perspective article highlights the rationale for the name change related to endocrine features and metabolic risk and the role nutritional management and dietetic practice, highlighting recent updates on dietary approaches, body weight, anti-obesity medications and eating disorders in PMOS.","Advances in nutrition (Bethesda, Md.)",2026,10.1016/j.advnut.2026.100734,,Journal Article,clinical_guidelines,PubMed
